62.0,22.0,106.0
61.0,21.0,119.0
76.0,22.0,127.0
77.0,21.0,120.0
75.0,21.0,117.0
71.0,21.0,143.0
67.0,20.0,143.0
63.0,21.0,148.0
67.0,20.0,153.0
65.0,21.0,158.0
61.0,21.0,148.0
77.0,22.0,140.0
76.0,23.0,150.0
70.0,22.0,147.0
66.0,23.0,153.0
62.0,22.0,157.0
57.0,22.0,149.0
58.0,22.0,150.0
59.0,21.0,147.0
55.0,23.0,163.0
64.0,22.0,169.0
70.0,23.0,161.0
69.0,22.0,149.0
66.0,22.0,143.0
66.0,22.0,151.0
65.0,22.0,151.0
73.0,23.0,142.0
79.0,23.0,135.0
78.0,23.0,135.0
84.0,22.0,133.0
79.0,22.0,132.0
73.0,21.0,141.0
68.0,23.0,141.0
66.0,23.0,137.0
62.0,22.0,140.0
59.0,22.0,152.0
55.0,22.0,155.0
52.0,21.0,152.0
48.0,21.0,148.0
46.0,21.0,147.0
43.0,21.0,155.0
44.0,21.0,173.0
46.0,21.0,170.0
49.0,20.0,168.0
46.0,20.0,163.0
47.0,20.0,164.0
48.0,20.0,170.0
48.0,20.0,163.0
48.0,20.0,152.0
46.0,20.0,153.0
44.0,20.0,152.0
42.0,20.0,148.0
39.0,19.0,140.0
39.0,19.0,139.0
42.0,19.0,171.0
42.0,19.0,182.0
41.0,20.0,175.0
44.0,19.0,165.0
42.0,20.0,165.0
45.0,19.0,159.0
50.0,19.0,161.0
59.0,19.0,168.0
61.0,21.0,183.0
56.0,19.0,196.0
53.0,19.0,187.0
55.0,19.0,186.0
51.0,19.0,188.0
50.0,19.0,190.0
52.0,19.0,198.0
55.0,19.0,195.0
55.0,20.0,210.0
66.0,22.0,217.0
71.0,22.0,226.0
72.0,22.0,224.0
80.0,22.0,236.0
97.0,34.0,303.0
130.0,35.0,358.0
162.0,33.0,370.0
213.0,32.0,422.0
233.0,31.0,480.0
240.0,33.0,481.0
285.0,39.0,538.0
281.0,48.0,584.0
295.0,46.0,583.0
314.0,46.0,594.0
376.0,45.0,555.0
386.0,45.0,533.0
413.0,49.0,510.0
426.0,68.0,505.0
429.0,75.0,483.0
435.0,70.0,447.0
426.0,66.0,409.0
402.0,63.0,378.0
380.0,59.0,353.0
364.0,55.0,330.0
351.0,53.0,308.0
344.0,50.0,286.0
338.0,47.0,265.0
332.0,45.0,248.0
323.0,42.0,233.0
312.0,41.0,217.0
298.0,38.0,205.0
287.0,38.0,195.0
278.0,37.0,192.0
301.0,35.0,185.0
294.0,36.0,185.0
266.0,43.0,180.0
249.0,51.0,172.0
236.0,48.0,166.0
233.0,48.0,176.0
218.0,54.0,176.0
225.0,50.0,165.0
253.0,49.0,166.0
256.0,46.0,160.0
254.0,48.0,158.0
250.0,50.0,170.0
267.0,48.0,173.0
260.0,49.0,166.0
246.0,46.0,167.0
249.0,45.0,177.0
234.0,45.0,179.0
227.0,45.0,178.0
221.0,43.0,179.0
218.0,43.0,173.0
205.0,41.0,170.0
191.0,39.0,166.0
174.0,37.0,167.0
172.0,35.0,179.0
164.0,35.0,178.0
150.0,33.0,180.0
140.0,32.0,205.0
145.0,31.0,281.0
138.0,30.0,297.0
127.0,29.0,315.0
120.0,28.0,301.0
116.0,28.0,331.0
121.0,27.0,367.0
115.0,26.0,371.0
128.0,25.0,360.0
116.0,25.0,346.0
119.0,25.0,345.0
119.0,24.0,361.0
128.0,32.0,362.0
125.0,31.0,402.0
169.0,31.0,446.0
213.0,30.0,484.0
223.0,31.0,505.0
218.0,31.0,554.0
253.0,30.0,567.0
258.0,28.0,569.0
264.0,29.0,569.0
313.0,32.0,623.0
307.0,38.0,618.0
342.0,47.0,682.0
335.0,61.0,723.0
347.0,70.0,674.0
334.0,78.0,625.0
321.0,88.0,576.0
299.0,83.0,525.0
277.0,77.0,482.0
262.0,72.0,442.0
241.0,67.0,408.0
222.0,64.0,379.0
207.0,59.0,356.0
195.0,57.0,331.0
189.0,53.0,309.0
184.0,51.0,287.0
180.0,48.0,267.0
177.0,46.0,247.0
173.0,42.0,231.0
168.0,42.0,212.0
165.0,40.0,195.0
161.0,37.0,181.0
156.0,36.0,166.0
153.0,34.0,159.0
148.0,33.0,160.0
146.0,32.0,151.0
144.0,30.0,156.0
141.0,29.0,148.0
139.0,29.0,137.0
138.0,27.0,128.0
136.0,26.0,130.0
135.0,26.0,124.0
134.0,26.0,119.0
131.0,25.0,112.0
130.0,24.0,109.0
127.0,24.0,103.0
124.0,23.0,98.0
121.0,23.0,93.0
117.0,22.0,90.0
114.0,22.0,89.0
111.0,22.0,86.0
106.0,22.0,82.0
101.0,21.0,83.0
95.0,20.0,83.0
93.0,20.0,82.0
89.0,20.0,79.0
84.0,20.0,76.0
80.0,21.0,81.0
78.0,20.0,83.0
74.0,20.0,80.0
72.0,20.0,77.0
69.0,18.0,75.0
66.0,19.0,71.0
64.0,20.0,67.0
60.0,20.0,64.0
59.0,18.0,61.0
56.0,18.0,60.0
54.0,19.0,57.0
52.0,19.0,55.0
52.0,19.0,54.0
48.0,20.0,51.0
47.0,19.0,49.0
45.0,19.0,46.0
43.0,18.0,46.0
43.0,19.0,46.0
41.0,19.0,43.0
40.0,18.0,42.0
40.0,18.0,42.0
36.0,19.0,39.0
36.0,18.0,37.0
35.0,19.0,40.0
32.0,19.0,43.0
32.0,18.0,44.0
31.0,18.0,43.0
30.0,18.0,41.0
29.0,20.0,39.0
28.0,19.0,37.0
27.0,18.0,36.0
26.0,18.0,35.0
25.0,18.0,36.0
25.0,19.0,32.0
24.0,19.0,32.0
23.0,19.0,32.0
23.0,18.0,31.0
22.0,18.0,31.0
22.0,19.0,31.0
21.0,19.0,30.0
20.0,18.0,31.0
20.0,18.0,29.0
19.0,18.0,30.0
19.0,18.0,32.0
19.0,18.0,32.0
18.0,18.0,35.0
18.0,19.0,37.0
17.0,18.0,35.0
17.0,19.0,33.0
17.0,18.0,33.0
17.0,18.0,32.0
16.0,19.0,31.0
16.0,19.0,29.0
16.0,19.0,32.0
16.0,19.0,30.0
16.0,18.0,30.0
15.0,19.0,30.0
15.0,18.0,30.0
15.0,18.0,29.0
15.0,18.0,29.0
15.0,18.0,30.0
14.0,18.0,29.0
14.0,19.0,28.0
15.0,18.0,30.0
15.0,18.0,32.0
14.0,18.0,33.0
14.0,18.0,35.0
14.0,18.0,34.0
14.0,18.0,34.0
14.0,18.0,35.0
14.0,18.0,35.0
13.0,18.0,35.0
14.0,18.0,35.0
13.0,19.0,34.0
13.0,18.0,35.0
14.0,18.0,35.0
13.0,19.0,35.0
13.0,18.0,35.0
13.0,18.0,36.0
13.0,18.0,36.0
13.0,18.0,37.0
12.0,19.0,37.0
13.0,19.0,37.0
13.0,18.0,39.0
13.0,19.0,39.0
13.0,18.0,38.0
13.0,18.0,38.0
13.0,19.0,42.0
13.0,18.0,46.0
13.0,18.0,43.0
13.0,18.0,43.0
13.0,18.0,43.0
12.0,19.0,41.0
13.0,18.0,41.0
12.0,18.0,41.0
12.0,19.0,40.0
12.0,18.0,40.0
13.0,18.0,40.0
12.0,19.0,40.0
12.0,18.0,40.0
12.0,18.0,40.0
13.0,19.0,41.0
104.0,19.0,93.0
103.0,19.0,91.0
103.0,19.0,90.0
112.0,19.0,117.0
119.0,20.0,145.0
111.0,19.0,142.0
108.0,20.0,142.0
106.0,20.0,155.0
111.0,19.0,161.0
111.0,20.0,161.0
129.0,20.0,173.0
118.0,19.0,185.0
125.0,20.0,191.0
117.0,20.0,193.0
128.0,20.0,189.0
130.0,20.0,184.0
126.0,20.0,185.0
123.0,20.0,177.0
116.0,19.0,177.0
111.0,19.0,170.0
104.0,19.0,162.0
97.0,19.0,153.0
98.0,19.0,147.0
91.0,19.0,139.0
85.0,19.0,139.0
81.0,19.0,143.0
84.0,19.0,141.0
81.0,19.0,138.0
77.0,19.0,131.0
74.0,19.0,124.0
78.0,19.0,118.0
77.0,19.0,123.0
73.0,19.0,119.0
71.0,19.0,121.0
68.0,19.0,119.0
77.0,19.0,121.0
71.0,19.0,116.0
67.0,18.0,120.0
64.0,19.0,117.0
69.0,19.0,123.0
78.0,18.0,134.0
72.0,19.0,129.0
72.0,17.0,128.0
68.0,19.0,121.0
63.0,19.0,121.0
64.0,18.0,117.0
62.0,18.0,115.0
61.0,19.0,112.0
59.0,19.0,111.0
55.0,18.0,117.0
61.0,19.0,125.0
56.0,19.0,129.0
58.0,19.0,127.0
57.0,19.0,122.0
57.0,18.0,128.0
75.0,18.0,127.0
79.0,18.0,134.0
74.0,19.0,135.0
71.0,19.0,156.0
66.0,19.0,166.0
64.0,19.0,177.0
65.0,19.0,222.0
81.0,19.0,230.0
88.0,18.0,250.0
90.0,19.0,254.0
86.0,21.0,265.0
91.0,23.0,342.0
101.0,24.0,337.0
127.0,23.0,372.0
129.0,23.0,361.0
138.0,23.0,359.0
142.0,22.0,364.0
159.0,23.0,349.0
231.0,22.0,347.0
247.0,25.0,375.0
257.0,40.0,375.0
259.0,38.0,375.0
251.0,36.0,371.0
245.0,37.0,361.0
231.0,35.0,351.0
215.0,34.0,352.0
209.0,33.0,340.0
192.0,32.0,318.0
182.0,32.0,294.0
172.0,30.0,275.0
161.0,29.0,259.0
152.0,29.0,246.0
145.0,27.0,234.0
134.0,27.0,225.0
123.0,26.0,216.0
115.0,25.0,213.0
108.0,26.0,208.0
103.0,24.0,202.0
105.0,28.0,194.0
101.0,28.0,186.0
117.0,29.0,182.0
140.0,34.0,170.0
148.0,45.0,168.0
138.0,44.0,159.0
135.0,42.0,148.0
130.0,40.0,137.0
140.0,39.0,127.0
135.0,41.0,126.0
128.0,39.0,119.0
134.0,38.0,112.0
134.0,42.0,110.0
124.0,41.0,106.0
115.0,39.0,102.0
111.0,38.0,101.0
106.0,39.0,101.0
101.0,38.0,101.0
94.0,36.0,104.0
92.0,35.0,112.0
86.0,34.0,105.0
106.0,33.0,104.0
103.0,32.0,106.0
95.0,30.0,103.0
91.0,29.0,99.0
94.0,29.0,100.0
92.0,28.0,99.0
96.0,28.0,130.0
94.0,27.0,175.0
94.0,27.0,173.0
95.0,25.0,173.0
95.0,25.0,168.0
101.0,25.0,175.0
102.0,24.0,205.0
100.0,24.0,213.0
98.0,23.0,211.0
106.0,23.0,200.0
124.0,22.0,206.0
128.0,22.0,205.0
131.0,26.0,259.0
121.0,25.0,280.0
116.0,25.0,271.0
139.0,24.0,254.0
129.0,27.0,301.0
125.0,26.0,314.0
128.0,25.0,325.0
170.0,25.0,304.0
190.0,26.0,316.0
206.0,25.0,329.0
198.0,25.0,317.0
223.0,24.0,353.0
222.0,24.0,367.0
229.0,23.0,351.0
226.0,23.0,354.0
217.0,24.0,343.0
232.0,25.0,348.0
219.0,24.0,339.0
234.0,24.0,347.0
253.0,24.0,349.0
258.0,24.0,329.0
262.0,23.0,327.0
259.0,23.0,365.0
240.0,22.0,355.0
247.0,36.0,420.0
269.0,48.0,429.0
269.0,46.0,395.0
249.0,44.0,362.0
235.0,42.0,336.0
221.0,39.0,313.0
208.0,38.0,294.0
198.0,36.0,275.0
187.0,35.0,261.0
176.0,33.0,242.0
166.0,32.0,226.0
156.0,31.0,208.0
147.0,30.0,191.0
140.0,28.0,176.0
133.0,28.0,161.0
127.0,27.0,148.0
122.0,26.0,137.0
117.0,25.0,126.0
114.0,25.0,119.0
112.0,25.0,113.0
110.0,24.0,109.0
108.0,23.0,105.0
105.0,23.0,102.0
103.0,22.0,101.0
103.0,22.0,101.0
102.0,22.0,101.0
100.0,22.0,100.0
97.0,22.0,99.0
96.0,21.0,99.0
95.0,21.0,98.0
94.0,20.0,97.0
91.0,20.0,95.0
89.0,20.0,94.0
86.0,20.0,92.0
82.0,19.0,89.0
78.0,20.0,89.0
76.0,19.0,88.0
73.0,19.0,86.0
70.0,19.0,85.0
66.0,19.0,81.0
63.0,19.0,80.0
61.0,18.0,84.0
57.0,19.0,80.0
54.0,19.0,79.0
52.0,19.0,80.0
50.0,19.0,78.0
47.0,19.0,78.0
45.0,20.0,76.0
42.0,19.0,74.0
42.0,18.0,73.0
39.0,19.0,70.0
38.0,19.0,69.0
36.0,18.0,68.0
34.0,18.0,66.0
33.0,18.0,64.0
32.0,18.0,62.0
30.0,18.0,61.0
30.0,17.0,60.0
28.0,18.0,59.0
27.0,19.0,58.0
27.0,18.0,57.0
26.0,18.0,56.0
25.0,19.0,54.0
24.0,18.0,52.0
24.0,18.0,51.0
23.0,18.0,50.0
23.0,19.0,49.0
21.0,18.0,46.0
21.0,18.0,46.0
20.0,18.0,45.0
20.0,19.0,43.0
19.0,19.0,42.0
19.0,19.0,40.0
19.0,19.0,39.0
19.0,18.0,38.0
18.0,18.0,37.0
17.0,17.0,36.0
17.0,18.0,35.0
17.0,17.0,33.0
16.0,18.0,34.0
16.0,18.0,32.0
16.0,18.0,31.0
16.0,18.0,30.0
16.0,18.0,29.0
15.0,18.0,29.0
15.0,18.0,27.0
15.0,18.0,27.0
15.0,18.0,26.0
15.0,18.0,25.0
14.0,18.0,26.0
14.0,18.0,26.0
14.0,18.0,25.0
14.0,19.0,25.0
14.0,18.0,26.0
13.0,18.0,25.0
13.0,18.0,25.0
13.0,18.0,25.0
14.0,18.0,25.0
13.0,18.0,25.0
13.0,18.0,25.0
13.0,18.0,25.0
14.0,18.0,26.0
14.0,18.0,26.0
14.0,19.0,26.0
14.0,18.0,26.0
14.0,18.0,25.0
14.0,18.0,25.0
13.0,18.0,24.0
14.0,18.0,25.0
14.0,18.0,24.0
14.0,18.0,24.0
14.0,18.0,24.0
14.0,18.0,26.0
13.0,19.0,26.0
14.0,19.0,25.0
14.0,19.0,25.0
14.0,19.0,25.0
14.0,18.0,24.0
14.0,18.0,24.0
15.0,18.0,24.0
15.0,18.0,24.0
15.0,18.0,24.0
15.0,18.0,24.0
15.0,18.0,24.0
15.0,18.0,24.0
15.0,18.0,24.0
15.0,18.0,24.0
15.0,18.0,24.0
15.0,18.0,24.0
14.0,18.0,24.0
14.0,18.0,24.0
15.0,18.0,24.0
15.0,19.0,24.0
15.0,19.0,25.0
15.0,18.0,25.0
14.0,19.0,24.0
14.0,19.0,24.0
15.0,19.0,24.0
14.0,18.0,24.0
14.0,19.0,23.0
14.0,19.0,24.0
14.0,18.0,24.0
14.0,18.0,24.0
14.0,18.0,24.0
55.0,23.0,117.0
56.0,23.0,116.0
62.0,23.0,129.0
67.0,23.0,133.0
82.0,23.0,177.0
111.0,23.0,179.0
112.0,23.0,195.0
106.0,25.0,204.0
104.0,24.0,251.0
101.0,24.0,254.0
105.0,24.0,243.0
102.0,23.0,244.0
94.0,24.0,234.0
98.0,24.0,221.0
100.0,23.0,209.0
94.0,23.0,198.0
95.0,22.0,187.0
105.0,22.0,176.0
97.0,21.0,170.0
92.0,21.0,182.0
87.0,21.0,173.0
83.0,21.0,175.0
79.0,21.0,168.0
75.0,21.0,163.0
73.0,20.0,153.0
74.0,21.0,148.0
77.0,20.0,145.0
75.0,20.0,140.0
75.0,20.0,154.0
76.0,19.0,151.0
71.0,20.0,146.0
70.0,20.0,140.0
67.0,18.0,132.0
65.0,20.0,143.0
61.0,17.0,139.0
70.0,21.0,130.0
73.0,20.0,125.0
67.0,19.0,140.0
64.0,19.0,145.0
60.0,19.0,145.0
63.0,19.0,137.0
62.0,19.0,130.0
61.0,19.0,127.0
57.0,19.0,121.0
53.0,19.0,127.0
50.0,19.0,118.0
51.0,18.0,115.0
48.0,18.0,120.0
46.0,19.0,123.0
47.0,18.0,139.0
44.0,19.0,141.0
47.0,18.0,139.0
55.0,18.0,152.0
64.0,19.0,145.0
62.0,18.0,144.0
58.0,19.0,168.0
58.0,19.0,183.0
58.0,18.0,202.0
61.0,19.0,200.0
70.0,18.0,193.0
76.0,18.0,209.0
81.0,19.0,225.0
109.0,21.0,226.0
129.0,22.0,239.0
173.0,22.0,266.0
186.0,23.0,272.0
204.0,33.0,340.0
261.0,40.0,425.0
299.0,57.0,535.0
384.0,61.0,593.0
374.0,61.0,639.0
386.0,62.0,644.0
387.0,67.0,620.0
375.0,84.0,598.0
382.0,81.0,632.0
369.0,91.0,631.0
356.0,93.0,590.0
339.0,87.0,541.0
317.0,82.0,497.0
297.0,76.0,461.0
279.0,72.0,430.0
267.0,67.0,402.0
257.0,63.0,373.0
250.0,60.0,349.0
241.0,56.0,331.0
226.0,52.0,315.0
211.0,50.0,288.0
210.0,49.0,279.0
204.0,47.0,257.0
189.0,44.0,238.0
176.0,49.0,223.0
196.0,51.0,209.0
198.0,48.0,195.0
194.0,46.0,188.0
216.0,45.0,178.0
217.0,49.0,170.0
227.0,58.0,183.0
217.0,59.0,183.0
206.0,64.0,176.0
215.0,64.0,177.0
210.0,64.0,168.0
201.0,65.0,160.0
192.0,65.0,157.0
210.0,62.0,154.0
198.0,58.0,151.0
191.0,56.0,153.0
206.0,56.0,146.0
195.0,53.0,145.0
187.0,51.0,146.0
182.0,48.0,137.0
175.0,46.0,135.0
160.0,43.0,133.0
153.0,41.0,131.0
160.0,39.0,142.0
156.0,38.0,164.0
150.0,36.0,179.0
139.0,35.0,185.0
131.0,33.0,211.0
120.0,32.0,262.0
125.0,31.0,273.0
141.0,30.0,331.0
136.0,29.0,336.0
134.0,29.0,313.0
143.0,27.0,424.0
164.0,30.0,446.0
169.0,33.0,499.0
176.0,32.0,549.0
194.0,35.0,589.0
233.0,37.0,615.0
235.0,35.0,579.0
236.0,34.0,561.0
234.0,36.0,619.0
223.0,38.0,646.0
217.0,39.0,662.0
265.0,36.0,653.0
269.0,37.0,660.0
259.0,35.0,628.0
305.0,34.0,614.0
320.0,43.0,628.0
313.0,44.0,605.0
289.0,48.0,602.0
265.0,50.0,574.0
243.0,50.0,535.0
257.0,47.0,613.0
256.0,45.0,577.0
248.0,42.0,535.0
237.0,40.0,490.0
224.0,38.0,451.0
212.0,37.0,415.0
201.0,35.0,382.0
192.0,34.0,351.0
183.0,32.0,324.0
174.0,32.0,301.0
166.0,31.0,277.0
158.0,29.0,257.0
149.0,28.0,238.0
141.0,28.0,218.0
134.0,26.0,199.0
128.0,26.0,183.0
122.0,25.0,174.0
117.0,25.0,168.0
114.0,25.0,161.0
111.0,24.0,154.0
107.0,24.0,152.0
108.0,22.0,161.0
105.0,22.0,154.0
106.0,22.0,152.0
105.0,21.0,148.0
104.0,21.0,143.0
103.0,21.0,137.0
102.0,20.0,132.0
100.0,21.0,125.0
99.0,20.0,121.0
96.0,20.0,113.0
93.0,21.0,112.0
90.0,20.0,111.0
86.0,20.0,110.0
83.0,19.0,105.0
78.0,20.0,101.0
75.0,19.0,98.0
72.0,19.0,95.0
68.0,19.0,89.0
65.0,19.0,90.0
62.0,18.0,86.0
60.0,18.0,88.0
56.0,19.0,85.0
55.0,19.0,84.0
52.0,18.0,82.0
50.0,19.0,87.0
48.0,18.0,85.0
46.0,18.0,81.0
45.0,18.0,81.0
44.0,18.0,85.0
41.0,18.0,82.0
40.0,18.0,85.0
39.0,18.0,85.0
38.0,19.0,81.0
37.0,18.0,78.0
36.0,18.0,75.0
35.0,19.0,70.0
33.0,19.0,67.0
33.0,18.0,64.0
32.0,18.0,62.0
31.0,18.0,61.0
29.0,19.0,76.0
30.0,18.0,88.0
29.0,18.0,84.0
29.0,19.0,80.0
28.0,18.0,77.0
27.0,18.0,73.0
27.0,18.0,69.0
26.0,18.0,65.0
25.0,18.0,61.0
25.0,18.0,58.0
25.0,18.0,56.0
23.0,18.0,56.0
22.0,18.0,52.0
22.0,18.0,50.0
21.0,19.0,47.0
22.0,18.0,45.0
20.0,18.0,42.0
20.0,19.0,40.0
20.0,19.0,38.0
19.0,19.0,37.0
19.0,19.0,36.0
19.0,18.0,36.0
18.0,19.0,43.0
18.0,18.0,47.0
18.0,18.0,46.0
18.0,19.0,43.0
17.0,18.0,42.0
16.0,18.0,46.0
17.0,18.0,46.0
16.0,18.0,44.0
17.0,19.0,42.0
16.0,18.0,40.0
16.0,18.0,39.0
14.0,19.0,36.0
15.0,18.0,37.0
14.0,18.0,36.0
15.0,19.0,35.0
14.0,19.0,33.0
14.0,18.0,32.0
14.0,19.0,32.0
14.0,18.0,31.0
13.0,19.0,30.0
14.0,17.0,30.0
14.0,19.0,31.0
14.0,19.0,32.0
13.0,19.0,31.0
15.0,18.0,31.0
14.0,19.0,30.0
13.0,18.0,29.0
13.0,18.0,30.0
13.0,18.0,28.0
13.0,18.0,29.0
13.0,18.0,29.0
13.0,18.0,29.0
15.0,18.0,29.0
13.0,18.0,28.0
13.0,18.0,28.0
13.0,18.0,28.0
13.0,18.0,27.0
13.0,18.0,29.0
12.0,18.0,28.0
13.0,18.0,29.0
13.0,21.0,31.0
13.0,19.0,29.0
13.0,18.0,32.0
12.0,19.0,35.0
13.0,19.0,34.0
13.0,19.0,32.0
13.0,19.0,31.0
13.0,19.0,32.0
13.0,17.0,33.0
13.0,18.0,31.0
13.0,18.0,31.0
13.0,19.0,31.0
13.0,19.0,33.0
13.0,19.0,33.0
13.0,18.0,33.0
13.0,19.0,33.0
13.0,19.0,34.0
12.0,18.0,34.0
13.0,18.0,36.0
12.0,18.0,35.0
12.0,19.0,36.0
12.0,18.0,34.0
12.0,18.0,34.0
12.0,19.0,34.0
13.0,19.0,35.0
12.0,18.0,34.0
12.0,19.0,35.0
12.0,18.0,34.0
12.0,18.0,34.0
12.0,18.0,34.0
12.0,19.0,34.0
12.0,18.0,34.0
13.0,18.0,35.0
12.0,18.0,37.0
36.0,19.0,119.0
52.0,19.0,139.0
63.0,18.0,146.0
88.0,19.0,177.0
81.0,23.0,198.0
89.0,23.0,226.0
109.0,22.0,232.0
112.0,22.0,248.0
110.0,25.0,305.0
165.0,31.0,339.0
192.0,32.0,399.0
206.0,46.0,421.0
247.0,48.0,399.0
258.0,46.0,415.0
363.0,64.0,410.0
350.0,75.0,383.0
323.0,74.0,352.0
304.0,69.0,324.0
292.0,65.0,296.0
270.0,62.0,271.0
258.0,57.0,247.0
246.0,52.0,229.0
234.0,51.0,215.0
227.0,48.0,202.0
227.0,46.0,189.0
226.0,44.0,176.0
224.0,41.0,164.0
213.0,40.0,154.0
209.0,38.0,145.0
203.0,36.0,137.0
193.0,35.0,128.0
200.0,36.0,123.0
195.0,34.0,120.0
182.0,34.0,115.0
188.0,37.0,112.0
185.0,36.0,111.0
190.0,38.0,122.0
190.0,36.0,117.0
175.0,34.0,112.0
176.0,37.0,118.0
180.0,35.0,112.0
164.0,34.0,115.0
175.0,39.0,127.0
176.0,37.0,125.0
166.0,36.0,116.0
166.0,34.0,118.0
157.0,33.0,112.0
161.0,43.0,131.0
170.0,43.0,131.0
157.0,43.0,125.0
165.0,51.0,126.0
153.0,48.0,124.0
153.0,45.0,120.0
154.0,43.0,116.0
197.0,41.0,115.0
203.0,39.0,111.0
197.0,38.0,103.0
182.0,36.0,104.0
178.0,35.0,104.0
228.0,33.0,103.0
216.0,32.0,155.0
221.0,31.0,168.0
236.0,30.0,171.0
228.0,29.0,175.0
208.0,28.0,202.0
193.0,27.0,194.0
180.0,27.0,197.0
167.0,26.0,192.0
170.0,25.0,192.0
185.0,25.0,204.0
170.0,23.0,227.0
169.0,25.0,267.0
172.0,25.0,290.0
188.0,25.0,284.0
204.0,26.0,280.0
207.0,33.0,272.0
214.0,32.0,343.0
211.0,34.0,348.0
229.0,33.0,378.0
254.0,32.0,397.0
274.0,32.0,406.0
270.0,30.0,409.0
311.0,30.0,406.0
361.0,34.0,424.0
341.0,36.0,437.0
349.0,36.0,441.0
329.0,36.0,447.0
338.0,41.0,465.0
343.0,51.0,452.0
323.0,48.0,418.0
338.0,46.0,383.0
315.0,43.0,352.0
304.0,41.0,321.0
276.0,39.0,297.0
260.0,38.0,277.0
245.0,36.0,260.0
234.0,35.0,244.0
223.0,34.0,229.0
214.0,32.0,214.0
203.0,31.0,199.0
193.0,30.0,186.0
183.0,29.0,171.0
173.0,28.0,157.0
165.0,27.0,144.0
157.0,26.0,133.0
149.0,27.0,124.0
144.0,26.0,118.0
139.0,24.0,110.0
136.0,24.0,104.0
132.0,23.0,101.0
130.0,23.0,96.0
128.0,23.0,93.0
125.0,21.0,90.0
123.0,22.0,87.0
122.0,22.0,86.0
121.0,21.0,85.0
119.0,21.0,83.0
117.0,21.0,81.0
115.0,20.0,79.0
111.0,21.0,81.0
109.0,20.0,77.0
106.0,20.0,75.0
103.0,20.0,72.0
98.0,19.0,69.0
95.0,20.0,67.0
92.0,19.0,65.0
89.0,19.0,64.0
84.0,20.0,63.0
81.0,19.0,61.0
78.0,19.0,59.0
75.0,19.0,57.0
70.0,19.0,55.0
68.0,19.0,54.0
64.0,19.0,52.0
61.0,19.0,51.0
58.0,19.0,49.0
56.0,19.0,47.0
53.0,18.0,46.0
50.0,19.0,45.0
48.0,19.0,43.0
47.0,18.0,42.0
44.0,19.0,40.0
42.0,18.0,37.0
41.0,19.0,37.0
39.0,18.0,34.0
37.0,18.0,33.0
35.0,18.0,32.0
34.0,18.0,31.0
33.0,18.0,30.0
32.0,18.0,30.0
31.0,18.0,29.0
31.0,18.0,29.0
29.0,19.0,28.0
28.0,18.0,27.0
28.0,18.0,27.0
27.0,18.0,26.0
26.0,18.0,28.0
26.0,18.0,27.0
25.0,19.0,26.0
25.0,18.0,27.0
23.0,19.0,26.0
24.0,19.0,26.0
24.0,18.0,27.0
22.0,18.0,25.0
22.0,18.0,25.0
22.0,18.0,26.0
21.0,18.0,27.0
20.0,17.0,27.0
20.0,18.0,27.0
20.0,18.0,27.0
20.0,18.0,28.0
19.0,19.0,27.0
19.0,18.0,27.0
19.0,18.0,28.0
18.0,19.0,27.0
17.0,19.0,27.0
18.0,18.0,28.0
17.0,19.0,27.0
17.0,18.0,27.0
16.0,19.0,27.0
16.0,18.0,29.0
16.0,18.0,30.0
16.0,18.0,29.0
16.0,19.0,29.0
16.0,18.0,30.0
16.0,18.0,31.0
15.0,18.0,30.0
15.0,18.0,31.0
15.0,18.0,32.0
15.0,18.0,32.0
14.0,18.0,31.0
15.0,18.0,30.0
15.0,18.0,30.0
13.0,19.0,30.0
14.0,19.0,29.0
15.0,18.0,30.0
14.0,18.0,29.0
14.0,19.0,29.0
14.0,18.0,29.0
14.0,19.0,29.0
13.0,18.0,30.0
15.0,19.0,30.0
13.0,18.0,31.0
14.0,18.0,31.0
13.0,19.0,30.0
15.0,18.0,29.0
14.0,18.0,29.0
14.0,19.0,29.0
14.0,18.0,28.0
14.0,18.0,28.0
14.0,19.0,32.0
14.0,18.0,32.0
14.0,18.0,32.0
16.0,18.0,33.0
15.0,18.0,34.0
13.0,19.0,33.0
13.0,18.0,34.0
13.0,17.0,34.0
13.0,18.0,33.0
13.0,18.0,34.0
12.0,18.0,34.0
12.0,20.0,33.0
13.0,18.0,34.0
12.0,19.0,33.0
13.0,18.0,34.0
13.0,18.0,34.0
12.0,19.0,35.0
13.0,18.0,36.0
13.0,18.0,37.0
11.0,17.0,39.0
13.0,19.0,38.0
12.0,18.0,39.0
13.0,19.0,38.0
12.0,16.0,38.0
12.0,18.0,38.0
13.0,18.0,39.0
13.0,18.0,39.0
12.0,19.0,39.0
13.0,18.0,38.0
13.0,18.0,38.0
13.0,18.0,38.0
12.0,19.0,37.0
12.0,19.0,37.0
13.0,19.0,38.0
13.0,18.0,37.0
12.0,18.0,38.0
13.0,18.0,37.0
13.0,18.0,37.0
12.0,19.0,37.0
12.0,20.0,39.0
13.0,18.0,39.0
12.0,18.0,38.0
12.0,18.0,37.0
12.0,17.0,37.0
13.0,18.0,36.0
13.0,18.0,36.0
12.0,18.0,34.0
13.0,16.0,36.0
13.0,18.0,34.0
12.0,19.0,33.0
13.0,18.0,32.0
13.0,19.0,31.0
12.0,18.0,31.0
13.0,18.0,30.0
12.0,18.0,29.0
12.0,18.0,27.0
13.0,18.0,29.0
12.0,19.0,28.0
12.0,18.0,29.0
13.0,19.0,29.0
12.0,19.0,28.0
12.0,18.0,27.0
12.0,18.0,27.0
12.0,19.0,28.0
13.0,18.0,28.0
12.0,19.0,27.0
12.0,18.0,29.0
12.0,18.0,30.0
12.0,19.0,29.0
13.0,18.0,28.0
13.0,18.0,28.0
13.0,19.0,27.0
13.0,18.0,26.0
12.0,18.0,25.0
12.0,19.0,25.0
13.0,18.0,25.0
12.0,18.0,24.0
12.0,18.0,24.0
12.0,18.0,24.0
12.0,19.0,22.0
13.0,18.0,22.0
12.0,18.0,22.0
12.0,19.0,22.0
12.0,18.0,22.0
12.0,19.0,21.0
12.0,19.0,21.0
12.0,18.0,21.0
12.0,19.0,21.0
12.0,18.0,21.0
12.0,18.0,22.0
38.0,19.0,129.0
49.0,18.0,146.0
56.0,19.0,162.0
76.0,29.0,184.0
84.0,31.0,258.0
105.0,31.0,300.0
119.0,29.0,328.0
168.0,29.0,330.0
189.0,29.0,332.0
204.0,31.0,385.0
197.0,30.0,380.0
246.0,38.0,421.0
253.0,37.0,446.0
236.0,51.0,426.0
226.0,49.0,416.0
218.0,47.0,428.0
212.0,46.0,405.0
249.0,43.0,380.0
232.0,44.0,349.0
225.0,42.0,328.0
215.0,40.0,300.0
216.0,39.0,280.0
198.0,37.0,257.0
183.0,35.0,236.0
203.0,34.0,218.0
199.0,32.0,204.0
187.0,31.0,188.0
187.0,36.0,174.0
174.0,36.0,165.0
173.0,35.0,152.0
177.0,33.0,139.0
172.0,32.0,128.0
182.0,31.0,119.0
175.0,30.0,110.0
173.0,29.0,103.0
171.0,28.0,98.0
168.0,27.0,94.0
165.0,27.0,92.0
169.0,26.0,90.0
159.0,26.0,88.0
151.0,26.0,87.0
157.0,25.0,86.0
155.0,28.0,85.0
150.0,29.0,84.0
146.0,28.0,79.0
145.0,28.0,83.0
144.0,27.0,82.0
135.0,29.0,88.0
140.0,30.0,86.0
128.0,29.0,85.0
122.0,28.0,85.0
127.0,28.0,88.0
129.0,27.0,88.0
125.0,27.0,94.0
124.0,26.0,95.0
126.0,26.0,102.0
119.0,27.0,102.0
115.0,29.0,109.0
111.0,30.0,117.0
108.0,29.0,110.0
125.0,28.0,103.0
127.0,27.0,104.0
121.0,26.0,103.0
113.0,27.0,109.0
110.0,26.0,102.0
107.0,25.0,99.0
105.0,23.0,101.0
114.0,24.0,96.0
110.0,23.0,98.0
101.0,24.0,97.0
97.0,23.0,112.0
95.0,22.0,117.0
94.0,23.0,138.0
92.0,22.0,134.0
87.0,22.0,138.0
81.0,22.0,152.0
78.0,21.0,152.0
75.0,21.0,159.0
85.0,21.0,165.0
81.0,21.0,187.0
77.0,21.0,187.0
75.0,21.0,187.0
81.0,21.0,208.0
89.0,20.0,216.0
84.0,20.0,208.0
85.0,20.0,209.0
83.0,19.0,235.0
128.0,20.0,269.0
141.0,22.0,288.0
148.0,21.0,293.0
176.0,27.0,328.0
199.0,27.0,339.0
243.0,29.0,353.0
282.0,31.0,353.0
300.0,36.0,428.0
279.0,50.0,493.0
322.0,48.0,508.0
365.0,49.0,482.0
340.0,53.0,490.0
341.0,51.0,462.0
348.0,47.0,458.0
338.0,45.0,434.0
345.0,46.0,404.0
336.0,55.0,380.0
306.0,54.0,363.0
284.0,50.0,343.0
275.0,48.0,322.0
265.0,46.0,323.0
249.0,43.0,339.0
234.0,41.0,316.0
215.0,40.0,298.0
200.0,37.0,278.0
198.0,36.0,260.0
192.0,34.0,245.0
184.0,33.0,230.0
178.0,32.0,216.0
170.0,31.0,202.0
163.0,29.0,188.0
156.0,29.0,174.0
148.0,27.0,162.0
141.0,27.0,150.0
136.0,26.0,139.0
130.0,25.0,130.0
124.0,26.0,117.0
119.0,25.0,108.0
116.0,23.0,103.0
112.0,24.0,97.0
108.0,24.0,93.0
104.0,23.0,93.0
101.0,22.0,93.0
99.0,22.0,90.0
97.0,22.0,89.0
95.0,22.0,87.0
93.0,22.0,84.0
89.0,21.0,84.0
86.0,21.0,82.0
84.0,20.0,81.0
80.0,21.0,78.0
77.0,20.0,77.0
73.0,20.0,76.0
70.0,20.0,74.0
64.0,20.0,72.0
62.0,19.0,70.0
58.0,19.0,70.0
55.0,20.0,68.0
52.0,19.0,66.0
48.0,19.0,63.0
46.0,19.0,66.0
44.0,19.0,64.0
41.0,19.0,62.0
39.0,19.0,61.0
37.0,19.0,61.0
34.0,20.0,60.0
33.0,19.0,58.0
32.0,19.0,56.0
30.0,19.0,55.0
29.0,18.0,54.0
27.0,18.0,52.0
27.0,18.0,51.0
26.0,18.0,50.0
24.0,18.0,48.0
24.0,19.0,47.0
23.0,19.0,46.0
22.0,19.0,46.0
21.0,18.0,45.0
21.0,19.0,45.0
20.0,19.0,44.0
19.0,18.0,44.0
18.0,19.0,43.0
19.0,18.0,43.0
18.0,19.0,42.0
17.0,19.0,41.0
17.0,19.0,41.0
17.0,18.0,40.0
17.0,19.0,39.0
16.0,18.0,39.0
16.0,18.0,37.0
16.0,18.0,37.0
16.0,18.0,36.0
15.0,18.0,35.0
15.0,18.0,34.0
15.0,18.0,33.0
14.0,18.0,32.0
15.0,18.0,32.0
15.0,18.0,31.0
16.0,19.0,30.0
14.0,18.0,28.0
14.0,18.0,27.0
14.0,18.0,27.0
14.0,19.0,27.0
13.0,18.0,27.0
14.0,18.0,26.0
14.0,18.0,26.0
13.0,18.0,26.0
13.0,18.0,25.0
13.0,18.0,26.0
13.0,19.0,26.0
13.0,18.0,27.0
13.0,18.0,27.0
13.0,18.0,26.0
13.0,18.0,26.0
12.0,18.0,26.0
14.0,18.0,26.0
14.0,18.0,25.0
13.0,18.0,25.0
13.0,18.0,25.0
13.0,18.0,24.0
13.0,19.0,25.0
13.0,18.0,25.0
14.0,20.0,26.0
13.0,18.0,28.0
12.0,18.0,28.0
13.0,18.0,28.0
12.0,19.0,28.0
12.0,18.0,28.0
12.0,19.0,27.0
13.0,19.0,27.0
14.0,19.0,28.0
13.0,18.0,27.0
13.0,18.0,26.0
12.0,19.0,27.0
11.0,18.0,26.0
13.0,18.0,29.0
12.0,18.0,28.0
13.0,17.0,29.0
12.0,17.0,28.0
13.0,19.0,30.0
14.0,18.0,31.0
13.0,18.0,30.0
12.0,19.0,30.0
13.0,18.0,29.0
13.0,18.0,29.0
13.0,18.0,29.0
12.0,19.0,28.0
13.0,19.0,27.0
13.0,18.0,29.0
13.0,19.0,29.0
14.0,20.0,30.0
14.0,18.0,30.0
13.0,19.0,29.0
13.0,19.0,29.0
13.0,17.0,27.0
13.0,19.0,27.0
13.0,18.0,27.0
13.0,18.0,27.0
13.0,19.0,26.0
14.0,18.0,27.0
13.0,18.0,27.0
13.0,18.0,28.0
14.0,19.0,28.0
14.0,18.0,30.0
14.0,18.0,30.0
14.0,18.0,30.0
13.0,19.0,29.0
14.0,18.0,29.0
14.0,18.0,28.0
13.0,19.0,28.0
14.0,18.0,29.0
13.0,18.0,27.0
13.0,19.0,28.0
14.0,18.0,27.0
13.0,18.0,28.0
14.0,19.0,27.0
13.0,19.0,28.0
13.0,18.0,27.0
14.0,18.0,29.0
14.0,19.0,29.0
15.0,19.0,30.0
18.0,18.0,30.0
17.0,19.0,29.0
17.0,19.0,29.0
17.0,18.0,28.0
17.0,18.0,28.0
17.0,18.0,28.0
17.0,18.0,27.0
17.0,19.0,27.0
17.0,18.0,28.0
17.0,19.0,27.0
16.0,19.0,26.0
17.0,18.0,28.0
16.0,18.0,28.0
16.0,19.0,28.0
16.0,18.0,29.0
16.0,18.0,28.0
16.0,18.0,28.0
16.0,19.0,27.0
16.0,18.0,26.0
17.0,18.0,26.0
16.0,18.0,26.0
16.0,19.0,25.0
16.0,18.0,26.0
16.0,18.0,25.0
16.0,19.0,25.0
16.0,18.0,24.0
15.0,19.0,24.0
15.0,17.0,25.0
15.0,18.0,24.0
14.0,18.0,24.0
15.0,17.0,25.0
14.0,18.0,24.0
99.0,18.0,72.0
94.0,18.0,78.0
88.0,19.0,84.0
83.0,18.0,84.0
81.0,19.0,81.0
83.0,18.0,81.0
86.0,18.0,81.0
82.0,19.0,78.0
98.0,18.0,80.0
113.0,18.0,80.0
110.0,18.0,78.0
121.0,19.0,78.0
189.0,19.0,79.0
186.0,18.0,75.0
190.0,19.0,71.0
210.0,19.0,71.0
218.0,18.0,71.0
223.0,18.0,66.0
235.0,19.0,69.0
236.0,18.0,81.0
228.0,17.0,80.0
212.0,18.0,108.0
192.0,19.0,119.0
185.0,19.0,119.0
183.0,18.0,115.0
189.0,18.0,116.0
191.0,19.0,122.0
190.0,18.0,124.0
179.0,19.0,118.0
166.0,17.0,113.0
152.0,18.0,113.0
142.0,18.0,115.0
132.0,18.0,116.0
123.0,18.0,118.0
114.0,19.0,110.0
109.0,18.0,124.0
103.0,18.0,124.0
96.0,19.0,126.0
92.0,17.0,138.0
86.0,19.0,147.0
80.0,18.0,150.0
78.0,19.0,161.0
81.0,19.0,165.0
80.0,18.0,163.0
80.0,19.0,160.0
81.0,19.0,159.0
89.0,19.0,171.0
91.0,19.0,169.0
93.0,19.0,193.0
91.0,19.0,204.0
99.0,19.0,222.0
101.0,20.0,229.0
104.0,20.0,234.0
110.0,21.0,253.0
116.0,21.0,251.0
126.0,20.0,278.0
141.0,22.0,284.0
139.0,21.0,288.0
140.0,23.0,288.0
139.0,23.0,303.0
150.0,25.0,334.0
211.0,25.0,355.0
231.0,26.0,344.0
254.0,36.0,346.0
237.0,44.0,326.0
239.0,42.0,328.0
232.0,43.0,321.0
227.0,45.0,303.0
224.0,43.0,281.0
214.0,41.0,258.0
204.0,39.0,236.0
200.0,37.0,220.0
192.0,36.0,205.0
186.0,34.0,191.0
183.0,33.0,180.0
179.0,32.0,169.0
177.0,30.0,155.0
174.0,29.0,145.0
171.0,26.0,136.0
166.0,27.0,127.0
157.0,27.0,119.0
156.0,31.0,116.0
153.0,29.0,113.0
141.0,29.0,108.0
147.0,28.0,106.0
145.0,27.0,106.0
142.0,27.0,105.0
136.0,28.0,97.0
145.0,27.0,93.0
137.0,29.0,98.0
156.0,29.0,94.0
158.0,28.0,96.0
156.0,28.0,101.0
155.0,26.0,100.0
146.0,27.0,95.0
138.0,25.0,89.0
134.0,26.0,89.0
127.0,25.0,93.0
123.0,25.0,90.0
147.0,24.0,95.0
167.0,28.0,97.0
171.0,28.0,97.0
169.0,28.0,99.0
172.0,27.0,96.0
170.0,27.0,94.0
186.0,26.0,94.0
186.0,26.0,97.0
173.0,25.0,104.0
162.0,24.0,101.0
153.0,24.0,109.0
151.0,24.0,118.0
142.0,23.0,140.0
133.0,23.0,160.0
125.0,22.0,157.0
118.0,22.0,177.0
112.0,21.0,187.0
109.0,21.0,198.0
118.0,20.0,213.0
111.0,20.0,238.0
104.0,21.0,239.0
108.0,20.0,275.0
106.0,21.0,289.0
109.0,21.0,306.0
122.0,21.0,324.0
122.0,22.0,371.0
131.0,28.0,377.0
148.0,27.0,439.0
144.0,27.0,448.0
144.0,29.0,475.0
201.0,30.0,504.0
209.0,41.0,539.0
238.0,40.0,518.0
277.0,48.0,514.0
304.0,55.0,527.0
306.0,62.0,577.0
286.0,66.0,596.0
329.0,63.0,559.0
358.0,60.0,622.0
374.0,62.0,601.0
349.0,73.0,583.0
357.0,69.0,534.0
337.0,65.0,501.0
322.0,63.0,523.0
321.0,61.0,512.0
314.0,58.0,488.0
307.0,54.0,485.0
313.0,52.0,447.0
303.0,49.0,417.0
285.0,46.0,385.0
267.0,44.0,358.0
252.0,42.0,332.0
238.0,39.0,309.0
225.0,38.0,287.0
213.0,36.0,269.0
201.0,35.0,251.0
190.0,34.0,233.0
179.0,32.0,217.0
171.0,31.0,203.0
163.0,30.0,187.0
156.0,29.0,174.0
149.0,28.0,164.0
144.0,27.0,155.0
139.0,27.0,144.0
135.0,27.0,143.0
131.0,25.0,137.0
127.0,25.0,142.0
124.0,24.0,144.0
121.0,24.0,138.0
119.0,23.0,130.0
115.0,23.0,123.0
112.0,22.0,116.0
109.0,22.0,109.0
105.0,21.0,103.0
101.0,19.0,96.0
97.0,21.0,91.0
93.0,21.0,89.0
89.0,21.0,84.0
85.0,21.0,82.0
79.0,20.0,78.0
76.0,21.0,76.0
71.0,20.0,72.0
67.0,20.0,69.0
64.0,19.0,66.0
60.0,19.0,63.0
57.0,19.0,68.0
53.0,19.0,68.0
51.0,19.0,72.0
48.0,20.0,78.0
46.0,19.0,81.0
45.0,19.0,86.0
41.0,19.0,86.0
40.0,19.0,89.0
37.0,19.0,85.0
36.0,20.0,81.0
34.0,19.0,76.0
32.0,19.0,72.0
32.0,18.0,69.0
31.0,21.0,65.0
29.0,19.0,61.0
28.0,19.0,58.0
26.0,18.0,57.0
27.0,20.0,55.0
25.0,19.0,55.0
24.0,18.0,63.0
23.0,17.0,66.0
23.0,17.0,62.0
21.0,19.0,59.0
21.0,18.0,57.0
20.0,18.0,54.0
22.0,19.0,51.0
20.0,18.0,50.0
19.0,19.0,54.0
18.0,18.0,58.0
18.0,18.0,56.0
18.0,19.0,52.0
18.0,18.0,50.0
17.0,19.0,48.0
17.0,19.0,45.0
17.0,18.0,44.0
17.0,18.0,42.0
16.0,19.0,40.0
17.0,19.0,40.0
16.0,18.0,38.0
16.0,18.0,37.0
16.0,18.0,42.0
17.0,18.0,43.0
15.0,18.0,42.0
15.0,19.0,41.0
14.0,18.0,38.0
15.0,16.0,39.0
15.0,18.0,36.0
14.0,19.0,35.0
15.0,18.0,33.0
14.0,20.0,33.0
14.0,18.0,35.0
14.0,18.0,35.0
14.0,18.0,33.0
14.0,18.0,32.0
13.0,18.0,31.0
13.0,18.0,30.0
14.0,18.0,30.0
13.0,16.0,29.0
13.0,19.0,27.0
13.0,18.0,28.0
13.0,18.0,29.0
13.0,18.0,27.0
13.0,18.0,28.0
13.0,18.0,26.0
13.0,18.0,27.0
13.0,19.0,25.0
13.0,19.0,26.0
14.0,18.0,26.0
13.0,18.0,25.0
13.0,19.0,24.0
13.0,19.0,27.0
13.0,18.0,32.0
12.0,18.0,32.0
13.0,18.0,31.0
13.0,18.0,30.0
13.0,18.0,30.0
12.0,18.0,28.0
12.0,19.0,28.0
13.0,18.0,28.0
12.0,19.0,29.0
12.0,19.0,29.0
13.0,18.0,28.0
12.0,18.0,27.0
12.0,18.0,27.0
13.0,18.0,26.0
13.0,18.0,25.0
13.0,18.0,25.0
13.0,18.0,24.0
12.0,19.0,24.0
13.0,18.0,24.0
12.0,18.0,23.0
12.0,19.0,23.0
13.0,18.0,23.0
13.0,18.0,24.0
13.0,18.0,24.0
13.0,19.0,24.0
12.0,18.0,24.0
13.0,18.0,24.0
13.0,18.0,23.0
12.0,19.0,23.0
13.0,19.0,27.0
12.0,19.0,29.0
13.0,19.0,29.0
12.0,19.0,28.0
12.0,18.0,28.0
13.0,18.0,27.0
12.0,18.0,26.0
13.0,18.0,24.0
13.0,18.0,25.0
13.0,18.0,24.0
13.0,18.0,24.0
13.0,18.0,25.0
13.0,18.0,24.0
13.0,18.0,24.0
13.0,18.0,24.0
13.0,18.0,25.0
105.0,20.0,47.0
104.0,19.0,45.0
104.0,20.0,44.0
111.0,19.0,43.0
111.0,20.0,47.0
114.0,22.0,49.0
128.0,20.0,58.0
122.0,20.0,62.0
124.0,19.0,68.0
125.0,20.0,68.0
127.0,19.0,70.0
120.0,19.0,74.0
152.0,20.0,70.0
156.0,19.0,70.0
145.0,19.0,71.0
142.0,19.0,75.0
181.0,20.0,77.0
202.0,20.0,74.0
191.0,19.0,72.0
179.0,20.0,74.0
171.0,20.0,72.0
175.0,19.0,68.0
174.0,20.0,79.0
162.0,19.0,81.0
156.0,20.0,89.0
154.0,19.0,89.0
158.0,19.0,91.0
152.0,20.0,87.0
153.0,19.0,85.0
143.0,20.0,86.0
159.0,19.0,92.0
168.0,19.0,95.0
165.0,19.0,92.0
194.0,19.0,89.0
192.0,19.0,87.0
180.0,20.0,82.0
169.0,18.0,83.0
159.0,19.0,85.0
150.0,19.0,85.0
144.0,19.0,81.0
139.0,19.0,89.0
131.0,19.0,90.0
128.0,19.0,88.0
122.0,19.0,99.0
116.0,19.0,98.0
111.0,18.0,93.0
105.0,19.0,88.0
102.0,19.0,88.0
99.0,19.0,90.0
94.0,18.0,91.0
97.0,19.0,91.0
92.0,18.0,89.0
87.0,19.0,85.0
82.0,19.0,81.0
80.0,18.0,76.0
76.0,19.0,72.0
73.0,19.0,69.0
79.0,19.0,72.0
74.0,19.0,73.0
83.0,19.0,75.0
79.0,18.0,79.0
78.0,19.0,74.0
74.0,19.0,70.0
73.0,19.0,69.0
69.0,19.0,65.0
67.0,18.0,63.0
63.0,19.0,72.0
59.0,19.0,75.0
59.0,19.0,74.0
59.0,19.0,73.0
56.0,18.0,74.0
53.0,18.0,78.0
56.0,19.0,86.0
52.0,18.0,90.0
51.0,18.0,87.0
55.0,18.0,82.0
54.0,18.0,86.0
51.0,18.0,84.0
48.0,18.0,81.0
50.0,18.0,79.0
51.0,18.0,75.0
49.0,18.0,73.0
54.0,18.0,77.0
55.0,19.0,80.0
52.0,20.0,82.0
49.0,18.0,83.0
49.0,19.0,79.0
47.0,19.0,82.0
46.0,18.0,84.0
45.0,18.0,83.0
47.0,18.0,89.0
45.0,19.0,94.0
46.0,18.0,94.0
45.0,18.0,92.0
44.0,19.0,97.0
45.0,19.0,98.0
43.0,18.0,111.0
43.0,19.0,106.0
42.0,19.0,105.0
39.0,18.0,101.0
39.0,18.0,99.0
43.0,19.0,108.0
40.0,18.0,106.0
38.0,19.0,113.0
53.0,19.0,115.0
55.0,18.0,117.0
53.0,18.0,111.0
50.0,19.0,104.0
55.0,19.0,109.0
57.0,18.0,121.0
70.0,19.0,141.0
77.0,18.0,174.0
79.0,19.0,183.0
81.0,20.0,211.0
88.0,22.0,241.0
116.0,23.0,309.0
142.0,23.0,305.0
145.0,22.0,322.0
155.0,27.0,343.0
175.0,32.0,350.0
168.0,35.0,387.0
210.0,39.0,393.0
211.0,50.0,446.0
222.0,58.0,495.0
221.0,60.0,480.0
269.0,64.0,448.0
288.0,60.0,418.0
291.0,58.0,391.0
272.0,54.0,364.0
252.0,53.0,332.0
239.0,50.0,303.0
219.0,47.0,276.0
202.0,45.0,257.0
186.0,43.0,239.0
173.0,41.0,225.0
162.0,39.0,215.0
156.0,37.0,206.0
153.0,35.0,193.0
153.0,35.0,182.0
151.0,32.0,172.0
147.0,33.0,164.0
146.0,30.0,155.0
134.0,29.0,149.0
133.0,28.0,140.0
135.0,28.0,130.0
133.0,32.0,123.0
130.0,34.0,118.0
119.0,33.0,115.0
110.0,31.0,108.0
115.0,31.0,106.0
123.0,31.0,106.0
116.0,30.0,99.0
108.0,31.0,102.0
102.0,30.0,96.0
112.0,29.0,103.0
108.0,28.0,105.0
107.0,28.0,100.0
110.0,29.0,100.0
110.0,29.0,97.0
109.0,27.0,96.0
107.0,40.0,108.0
115.0,46.0,115.0
122.0,44.0,107.0
125.0,42.0,111.0
118.0,41.0,108.0
124.0,50.0,113.0
146.0,47.0,107.0
141.0,46.0,104.0
149.0,43.0,101.0
157.0,41.0,112.0
147.0,39.0,159.0
142.0,37.0,181.0
138.0,37.0,201.0
137.0,34.0,196.0
135.0,33.0,191.0
144.0,32.0,189.0
155.0,31.0,184.0
150.0,30.0,195.0
158.0,30.0,219.0
171.0,40.0,245.0
178.0,42.0,293.0
181.0,39.0,335.0
182.0,48.0,401.0
199.0,52.0,474.0
210.0,62.0,561.0
196.0,58.0,597.0
228.0,55.0,576.0
232.0,60.0,631.0
237.0,60.0,711.0
257.0,65.0,762.0
251.0,64.0,731.0
281.0,65.0,728.0
350.0,64.0,731.0
366.0,70.0,722.0
370.0,78.0,698.0
407.0,80.0,688.0
430.0,79.0,707.0
436.0,82.0,725.0
400.0,79.0,679.0
420.0,75.0,637.0
435.0,75.0,600.0
405.0,78.0,578.0
392.0,81.0,577.0
378.0,79.0,550.0
365.0,75.0,508.0
352.0,70.0,493.0
340.0,70.0,545.0
331.0,78.0,552.0
310.0,79.0,554.0
301.0,81.0,527.0
306.0,78.0,497.0
293.0,80.0,465.0
270.0,75.0,430.0
246.0,70.0,398.0
225.0,65.0,369.0
208.0,62.0,343.0
196.0,58.0,317.0
183.0,55.0,294.0
173.0,51.0,272.0
162.0,49.0,252.0
152.0,47.0,233.0
141.0,44.0,214.0
131.0,42.0,196.0
122.0,40.0,180.0
114.0,37.0,166.0
107.0,37.0,154.0
101.0,34.0,142.0
94.0,34.0,134.0
91.0,32.0,131.0
87.0,32.0,132.0
84.0,30.0,128.0
82.0,30.0,125.0
77.0,29.0,120.0
76.0,28.0,119.0
75.0,27.0,123.0
73.0,26.0,121.0
72.0,26.0,116.0
70.0,25.0,111.0
68.0,24.0,109.0
66.0,25.0,104.0
63.0,24.0,98.0
61.0,22.0,99.0
58.0,23.0,96.0
56.0,23.0,90.0
53.0,22.0,88.0
50.0,22.0,84.0
48.0,22.0,79.0
45.0,21.0,77.0
44.0,21.0,75.0
41.0,20.0,72.0
39.0,21.0,67.0
38.0,21.0,68.0
36.0,20.0,65.0
33.0,21.0,72.0
32.0,20.0,76.0
31.0,20.0,72.0
30.0,20.0,71.0
29.0,19.0,72.0
27.0,20.0,70.0
27.0,20.0,67.0
25.0,19.0,91.0
24.0,20.0,108.0
23.0,19.0,104.0
21.0,20.0,98.0
22.0,19.0,92.0
22.0,19.0,87.0
21.0,19.0,83.0
20.0,19.0,78.0
20.0,19.0,73.0
20.0,19.0,72.0
19.0,19.0,70.0
18.0,17.0,70.0
18.0,19.0,65.0
18.0,19.0,62.0
17.0,19.0,58.0
17.0,19.0,56.0
17.0,19.0,53.0
17.0,19.0,50.0
16.0,18.0,47.0
16.0,19.0,47.0
16.0,19.0,45.0
16.0,18.0,47.0
15.0,18.0,47.0
15.0,19.0,45.0
15.0,18.0,44.0
15.0,18.0,44.0
15.0,18.0,43.0
15.0,18.0,43.0
14.0,18.0,41.0
14.0,18.0,39.0
14.0,18.0,37.0
14.0,19.0,36.0
14.0,18.0,35.0
13.0,18.0,34.0
13.0,18.0,32.0
13.0,18.0,32.0
13.0,18.0,31.0
13.0,19.0,31.0
14.0,18.0,31.0
13.0,18.0,30.0
73.0,44.0,115.0
84.0,49.0,151.0
86.0,53.0,169.0
120.0,68.0,201.0
121.0,85.0,228.0
177.0,108.0,238.0
196.0,113.0,238.0
195.0,119.0,243.0
223.0,119.0,235.0
213.0,133.0,280.0
231.0,138.0,281.0
265.0,167.0,265.0
262.0,159.0,262.0
307.0,173.0,264.0
286.0,171.0,255.0
261.0,164.0,247.0
248.0,165.0,231.0
231.0,152.0,214.0
216.0,139.0,196.0
205.0,128.0,180.0
194.0,119.0,164.0
185.0,109.0,150.0
171.0,101.0,139.0
165.0,94.0,129.0
153.0,88.0,121.0
142.0,85.0,116.0
139.0,78.0,113.0
142.0,74.0,109.0
141.0,73.0,110.0
137.0,69.0,106.0
135.0,67.0,100.0
139.0,65.0,100.0
144.0,63.0,102.0
139.0,60.0,98.0
137.0,57.0,97.0
138.0,54.0,101.0
130.0,56.0,107.0
123.0,51.0,102.0
134.0,49.0,97.0
156.0,50.0,102.0
170.0,48.0,99.0
170.0,47.0,98.0
183.0,46.0,105.0
178.0,44.0,102.0
164.0,50.0,101.0
153.0,50.0,103.0
152.0,48.0,100.0
138.0,46.0,96.0
138.0,44.0,94.0
132.0,42.0,90.0
165.0,40.0,83.0
185.0,37.0,89.0
181.0,37.0,86.0
170.0,35.0,82.0
163.0,34.0,81.0
178.0,33.0,76.0
166.0,32.0,73.0
161.0,31.0,76.0
211.0,30.0,83.0
217.0,29.0,111.0
222.0,29.0,137.0
205.0,27.0,150.0
195.0,27.0,167.0
241.0,26.0,184.0
240.0,25.0,177.0
226.0,25.0,204.0
213.0,24.0,232.0
212.0,24.0,237.0
222.0,24.0,247.0
217.0,23.0,266.0
210.0,22.0,264.0
226.0,25.0,275.0
232.0,27.0,270.0
239.0,30.0,264.0
222.0,30.0,315.0
245.0,30.0,343.0
352.0,37.0,358.0
387.0,39.0,416.0
391.0,64.0,450.0
415.0,67.0,504.0
481.0,63.0,510.0
454.0,60.0,522.0
462.0,57.0,531.0
463.0,59.0,525.0
427.0,69.0,492.0
401.0,70.0,466.0
384.0,73.0,442.0
369.0,85.0,446.0
352.0,81.0,410.0
328.0,76.0,374.0
309.0,71.0,343.0
285.0,66.0,315.0
261.0,63.0,292.0
243.0,59.0,273.0
227.0,58.0,253.0
215.0,53.0,235.0
205.0,50.0,220.0
195.0,47.0,205.0
186.0,45.0,189.0
177.0,42.0,174.0
167.0,40.0,160.0
157.0,38.0,147.0
150.0,37.0,136.0
141.0,36.0,125.0
133.0,33.0,116.0
126.0,32.0,108.0
118.0,31.0,103.0
111.0,30.0,96.0
107.0,29.0,94.0
102.0,29.0,92.0
98.0,27.0,90.0
94.0,27.0,87.0
89.0,26.0,83.0
86.0,25.0,80.0
82.0,25.0,77.0
78.0,24.0,74.0
73.0,25.0,72.0
70.0,24.0,68.0
66.0,23.0,67.0
63.0,23.0,64.0
59.0,23.0,62.0
55.0,22.0,59.0
53.0,22.0,56.0
49.0,21.0,54.0
47.0,22.0,53.0
44.0,22.0,54.0
42.0,21.0,53.0
40.0,21.0,50.0
37.0,21.0,47.0
36.0,21.0,46.0
34.0,20.0,44.0
32.0,20.0,42.0
31.0,20.0,40.0
29.0,20.0,40.0
28.0,19.0,39.0
27.0,19.0,39.0
25.0,19.0,38.0
25.0,20.0,43.0
24.0,19.0,44.0
23.0,20.0,42.0
23.0,19.0,42.0
21.0,19.0,42.0
21.0,19.0,45.0
20.0,19.0,47.0
19.0,19.0,45.0
19.0,19.0,43.0
18.0,19.0,41.0
18.0,19.0,40.0
18.0,19.0,39.0
17.0,19.0,38.0
17.0,19.0,37.0
17.0,19.0,37.0
16.0,19.0,35.0
16.0,18.0,35.0
16.0,18.0,33.0
16.0,18.0,34.0
15.0,18.0,33.0
15.0,19.0,33.0
15.0,19.0,32.0
15.0,18.0,32.0
15.0,19.0,30.0
15.0,19.0,30.0
15.0,19.0,29.0
14.0,19.0,29.0
14.0,19.0,30.0
14.0,19.0,31.0
14.0,19.0,32.0
14.0,18.0,33.0
14.0,18.0,31.0
13.0,18.0,31.0
14.0,18.0,31.0
13.0,18.0,31.0
14.0,18.0,31.0
13.0,18.0,31.0
14.0,18.0,30.0
13.0,18.0,31.0
13.0,18.0,31.0
14.0,18.0,31.0
14.0,18.0,31.0
14.0,18.0,31.0
14.0,18.0,30.0
14.0,18.0,30.0
13.0,18.0,29.0
13.0,19.0,29.0
13.0,18.0,28.0
13.0,18.0,28.0
13.0,18.0,28.0
13.0,18.0,28.0
13.0,18.0,27.0
13.0,18.0,27.0
13.0,18.0,28.0
13.0,19.0,27.0
13.0,18.0,28.0
13.0,18.0,27.0
13.0,18.0,27.0
13.0,19.0,27.0
13.0,18.0,27.0
13.0,18.0,27.0
13.0,18.0,27.0
13.0,19.0,27.0
13.0,18.0,28.0
13.0,18.0,27.0
13.0,19.0,26.0
13.0,18.0,28.0
13.0,18.0,28.0
12.0,18.0,28.0
12.0,19.0,28.0
13.0,19.0,28.0
12.0,18.0,28.0
12.0,18.0,29.0
14.0,19.0,30.0
13.0,18.0,30.0
13.0,19.0,28.0
12.0,18.0,28.0
13.0,18.0,28.0
12.0,18.0,28.0
13.0,18.0,28.0
13.0,18.0,29.0
13.0,18.0,29.0
13.0,18.0,29.0
12.0,18.0,29.0
13.0,18.0,29.0
14.0,19.0,30.0
13.0,19.0,30.0
13.0,18.0,30.0
13.0,18.0,31.0
13.0,18.0,31.0
13.0,18.0,31.0
13.0,18.0,30.0
13.0,19.0,31.0
13.0,18.0,31.0
12.0,19.0,32.0
13.0,19.0,31.0
13.0,19.0,32.0
15.0,19.0,31.0
13.0,19.0,31.0
13.0,18.0,32.0
13.0,18.0,32.0
13.0,19.0,33.0
13.0,18.0,31.0
13.0,18.0,31.0
13.0,18.0,31.0
14.0,19.0,32.0
13.0,18.0,32.0
14.0,18.0,33.0
13.0,18.0,33.0
12.0,17.0,34.0
13.0,18.0,33.0
13.0,18.0,33.0
13.0,18.0,33.0
13.0,17.0,33.0
13.0,18.0,32.0
13.0,18.0,32.0
12.0,19.0,32.0
12.0,17.0,32.0
13.0,18.0,33.0
13.0,19.0,32.0
13.0,18.0,32.0
13.0,17.0,33.0
13.0,18.0,32.0
13.0,18.0,32.0
13.0,19.0,33.0
14.0,19.0,34.0
13.0,18.0,33.0
13.0,19.0,32.0
12.0,19.0,31.0
14.0,19.0,31.0
13.0,19.0,30.0
13.0,18.0,31.0
13.0,18.0,30.0
13.0,19.0,28.0
13.0,18.0,29.0
13.0,18.0,29.0
13.0,18.0,29.0
13.0,18.0,30.0
13.0,19.0,29.0
14.0,18.0,29.0
14.0,18.0,29.0
13.0,19.0,29.0
12.0,19.0,29.0
13.0,18.0,29.0
14.0,18.0,30.0
13.0,18.0,30.0
13.0,19.0,30.0
13.0,18.0,31.0
14.0,18.0,31.0
13.0,19.0,31.0
13.0,18.0,31.0
14.0,18.0,31.0
13.0,18.0,31.0
14.0,18.0,31.0
13.0,18.0,30.0
13.0,18.0,30.0
13.0,17.0,31.0
13.0,19.0,30.0
14.0,19.0,31.0
14.0,18.0,31.0
13.0,19.0,31.0
14.0,19.0,31.0
14.0,19.0,32.0
40.0,18.0,100.0
43.0,18.0,93.0
40.0,18.0,88.0
38.0,18.0,88.0
39.0,16.0,93.0
38.0,18.0,92.0
37.0,18.0,90.0
37.0,18.0,97.0
37.0,18.0,98.0
40.0,18.0,101.0
41.0,19.0,110.0
39.0,19.0,111.0
50.0,17.0,110.0
56.0,20.0,112.0
58.0,18.0,113.0
76.0,18.0,115.0
77.0,18.0,116.0
78.0,18.0,116.0
73.0,18.0,118.0
71.0,18.0,129.0
79.0,19.0,149.0
96.0,18.0,154.0
97.0,18.0,175.0
95.0,18.0,169.0
94.0,18.0,214.0
102.0,19.0,253.0
103.0,18.0,279.0
95.0,20.0,290.0
90.0,20.0,294.0
91.0,20.0,291.0
105.0,20.0,286.0
98.0,19.0,292.0
93.0,19.0,279.0
88.0,19.0,323.0
90.0,20.0,357.0
97.0,19.0,399.0
115.0,19.0,418.0
114.0,19.0,446.0
121.0,19.0,472.0
168.0,21.0,480.0
188.0,21.0,468.0
215.0,20.0,438.0
296.0,20.0,458.0
311.0,24.0,507.0
347.0,27.0,515.0
352.0,29.0,485.0
335.0,32.0,494.0
326.0,38.0,492.0
310.0,41.0,483.0
294.0,42.0,450.0
282.0,40.0,418.0
262.0,39.0,405.0
263.0,39.0,370.0
252.0,37.0,341.0
242.0,36.0,317.0
232.0,34.0,295.0
223.0,33.0,275.0
216.0,32.0,257.0
205.0,31.0,240.0
197.0,30.0,228.0
185.0,29.0,216.0
178.0,28.0,204.0
174.0,27.0,188.0
177.0,30.0,177.0
170.0,29.0,164.0
173.0,29.0,152.0
169.0,28.0,145.0
158.0,28.0,137.0
171.0,27.0,133.0
171.0,26.0,127.0
158.0,25.0,118.0
172.0,30.0,121.0
171.0,33.0,126.0
174.0,33.0,130.0
188.0,33.0,128.0
192.0,32.0,120.0
199.0,31.0,120.0
187.0,31.0,123.0
189.0,30.0,118.0
190.0,35.0,120.0
181.0,35.0,120.0
167.0,37.0,132.0
163.0,35.0,130.0
150.0,33.0,137.0
145.0,33.0,134.0
184.0,32.0,130.0
189.0,30.0,128.0
183.0,31.0,122.0
188.0,29.0,123.0
175.0,27.0,127.0
160.0,27.0,121.0
168.0,26.0,132.0
164.0,26.0,133.0
164.0,25.0,145.0
157.0,25.0,149.0
166.0,24.0,169.0
157.0,24.0,179.0
146.0,24.0,197.0
144.0,23.0,197.0
175.0,23.0,205.0
184.0,23.0,199.0
180.0,23.0,211.0
176.0,22.0,221.0
167.0,22.0,232.0
164.0,24.0,272.0
161.0,24.0,306.0
172.0,24.0,311.0
207.0,24.0,304.0
215.0,24.0,301.0
225.0,23.0,326.0
218.0,23.0,336.0
212.0,24.0,343.0
229.0,29.0,349.0
231.0,28.0,397.0
237.0,34.0,445.0
246.0,35.0,459.0
237.0,34.0,483.0
235.0,34.0,539.0
247.0,33.0,559.0
257.0,32.0,551.0
301.0,31.0,551.0
280.0,38.0,547.0
293.0,43.0,546.0
325.0,42.0,578.0
362.0,41.0,599.0
354.0,45.0,570.0
351.0,45.0,538.0
344.0,42.0,521.0
331.0,40.0,489.0
329.0,39.0,448.0
310.0,37.0,408.0
291.0,35.0,372.0
274.0,34.0,341.0
259.0,32.0,315.0
248.0,31.0,291.0
240.0,31.0,267.0
234.0,30.0,246.0
230.0,29.0,226.0
226.0,28.0,208.0
221.0,27.0,190.0
215.0,26.0,176.0
211.0,26.0,163.0
207.0,25.0,151.0
202.0,24.0,145.0
199.0,23.0,137.0
194.0,23.0,130.0
191.0,22.0,130.0
186.0,23.0,122.0
183.0,22.0,124.0
181.0,21.0,122.0
178.0,21.0,119.0
175.0,22.0,115.0
173.0,20.0,113.0
170.0,21.0,112.0
167.0,21.0,109.0
163.0,20.0,106.0
158.0,21.0,103.0
154.0,20.0,100.0
148.0,19.0,98.0
144.0,19.0,95.0
139.0,19.0,91.0
134.0,19.0,88.0
128.0,20.0,85.0
123.0,19.0,82.0
118.0,19.0,80.0
112.0,18.0,77.0
106.0,19.0,75.0
101.0,19.0,72.0
96.0,18.0,70.0
91.0,19.0,68.0
87.0,19.0,65.0
84.0,18.0,63.0
81.0,19.0,62.0
76.0,18.0,60.0
73.0,19.0,58.0
69.0,18.0,55.0
65.0,19.0,53.0
63.0,18.0,51.0
61.0,18.0,49.0
59.0,18.0,48.0
57.0,19.0,46.0
54.0,19.0,46.0
52.0,18.0,44.0
50.0,19.0,43.0
50.0,21.0,43.0
47.0,18.0,41.0
45.0,18.0,39.0
44.0,18.0,38.0
42.0,17.0,36.0
41.0,18.0,35.0
40.0,18.0,34.0
39.0,18.0,33.0
38.0,18.0,34.0
37.0,18.0,31.0
36.0,18.0,30.0
35.0,18.0,29.0
35.0,20.0,28.0
34.0,18.0,27.0
33.0,18.0,27.0
32.0,18.0,26.0
32.0,19.0,27.0
31.0,18.0,25.0
30.0,18.0,24.0
29.0,18.0,24.0
30.0,18.0,24.0
29.0,18.0,23.0
28.0,18.0,22.0
28.0,18.0,23.0
27.0,20.0,22.0
26.0,18.0,21.0
25.0,18.0,21.0
25.0,18.0,21.0
25.0,18.0,20.0
23.0,18.0,22.0
23.0,18.0,21.0
24.0,18.0,21.0
23.0,19.0,19.0
22.0,19.0,20.0
22.0,18.0,21.0
21.0,18.0,21.0
21.0,18.0,20.0
20.0,19.0,20.0
20.0,18.0,21.0
20.0,18.0,20.0
19.0,19.0,20.0
19.0,18.0,20.0
19.0,18.0,21.0
18.0,18.0,20.0
18.0,18.0,21.0
18.0,19.0,22.0
18.0,19.0,24.0
18.0,18.0,24.0
17.0,19.0,25.0
17.0,19.0,26.0
17.0,18.0,26.0
16.0,19.0,27.0
16.0,18.0,27.0
17.0,18.0,27.0
16.0,19.0,26.0
15.0,19.0,27.0
15.0,18.0,28.0
16.0,18.0,30.0
15.0,18.0,30.0
15.0,18.0,30.0
15.0,18.0,30.0
15.0,18.0,32.0
14.0,19.0,33.0
14.0,19.0,33.0
15.0,18.0,34.0
14.0,19.0,35.0
14.0,19.0,35.0
14.0,19.0,35.0
14.0,19.0,36.0
14.0,18.0,35.0
13.0,19.0,35.0
13.0,19.0,36.0
14.0,18.0,38.0
13.0,19.0,38.0
13.0,18.0,38.0
13.0,18.0,38.0
13.0,18.0,38.0
13.0,18.0,38.0
13.0,18.0,38.0
13.0,18.0,38.0
13.0,18.0,38.0
12.0,18.0,38.0
13.0,18.0,39.0
13.0,18.0,39.0
13.0,19.0,39.0
13.0,18.0,40.0
14.0,18.0,39.0
13.0,19.0,39.0
13.0,19.0,40.0
13.0,18.0,40.0
13.0,19.0,40.0
13.0,18.0,41.0
13.0,19.0,40.0
13.0,18.0,43.0
13.0,18.0,44.0
12.0,19.0,44.0
13.0,18.0,45.0
13.0,19.0,46.0
13.0,19.0,45.0
13.0,19.0,46.0
13.0,19.0,46.0
13.0,18.0,47.0
13.0,18.0,48.0
13.0,18.0,47.0
13.0,19.0,48.0
14.0,18.0,49.0
13.0,19.0,49.0
13.0,18.0,50.0
13.0,18.0,50.0
13.0,19.0,51.0
13.0,18.0,50.0
13.0,19.0,50.0
13.0,19.0,52.0
13.0,18.0,53.0
12.0,19.0,52.0
13.0,19.0,52.0
146.0,29.0,461.0
189.0,28.0,488.0
206.0,29.0,513.0
225.0,32.0,502.0
259.0,54.0,526.0
245.0,90.0,523.0
295.0,86.0,587.0
313.0,91.0,548.0
287.0,131.0,509.0
267.0,141.0,477.0
258.0,133.0,447.0
261.0,128.0,426.0
255.0,119.0,386.0
246.0,110.0,352.0
238.0,102.0,324.0
232.0,94.0,300.0
229.0,88.0,278.0
227.0,84.0,255.0
226.0,81.0,233.0
221.0,76.0,220.0
214.0,72.0,207.0
209.0,77.0,199.0
204.0,74.0,194.0
197.0,70.0,183.0
188.0,71.0,171.0
180.0,68.0,162.0
194.0,71.0,159.0
186.0,68.0,151.0
174.0,67.0,149.0
171.0,66.0,145.0
169.0,61.0,135.0
174.0,60.0,130.0
176.0,69.0,146.0
175.0,68.0,142.0
165.0,65.0,140.0
167.0,63.0,139.0
160.0,60.0,139.0
156.0,60.0,131.0
160.0,60.0,140.0
160.0,59.0,138.0
147.0,55.0,132.0
144.0,52.0,131.0
156.0,51.0,138.0
171.0,49.0,137.0
169.0,47.0,130.0
161.0,44.0,122.0
148.0,43.0,119.0
146.0,41.0,125.0
145.0,39.0,122.0
136.0,36.0,132.0
140.0,35.0,155.0
162.0,34.0,172.0
184.0,34.0,166.0
171.0,33.0,184.0
180.0,31.0,202.0
188.0,29.0,209.0
181.0,29.0,205.0
190.0,28.0,223.0
206.0,29.0,266.0
212.0,28.0,269.0
206.0,28.0,263.0
215.0,27.0,294.0
229.0,41.0,327.0
225.0,39.0,353.0
238.0,38.0,394.0
275.0,46.0,435.0
311.0,51.0,459.0
337.0,55.0,530.0
341.0,53.0,577.0
369.0,56.0,633.0
353.0,59.0,603.0
430.0,59.0,581.0
439.0,56.0,601.0
420.0,54.0,605.0
453.0,52.0,599.0
434.0,62.0,611.0
408.0,60.0,559.0
381.0,58.0,512.0
375.0,60.0,466.0
351.0,56.0,428.0
327.0,54.0,389.0
304.0,50.0,355.0
282.0,48.0,324.0
262.0,46.0,298.0
244.0,44.0,276.0
231.0,41.0,256.0
221.0,39.0,235.0
214.0,38.0,218.0
210.0,36.0,198.0
204.0,35.0,182.0
200.0,33.0,167.0
194.0,31.0,159.0
189.0,31.0,155.0
184.0,29.0,147.0
179.0,29.0,139.0
173.0,28.0,135.0
170.0,27.0,142.0
164.0,27.0,141.0
159.0,26.0,136.0
155.0,26.0,130.0
152.0,24.0,124.0
148.0,24.0,117.0
145.0,23.0,112.0
142.0,23.0,108.0
139.0,23.0,104.0
137.0,22.0,96.0
133.0,22.0,93.0
131.0,21.0,93.0
128.0,21.0,100.0
124.0,22.0,97.0
122.0,21.0,95.0
118.0,21.0,91.0
116.0,21.0,86.0
112.0,20.0,83.0
107.0,20.0,78.0
102.0,20.0,73.0
99.0,20.0,70.0
95.0,19.0,68.0
91.0,20.0,65.0
88.0,19.0,63.0
84.0,19.0,61.0
80.0,19.0,60.0
78.0,19.0,59.0
76.0,18.0,56.0
72.0,19.0,53.0
70.0,19.0,51.0
68.0,19.0,50.0
65.0,19.0,47.0
63.0,19.0,49.0
61.0,19.0,50.0
59.0,19.0,48.0
57.0,18.0,47.0
55.0,19.0,45.0
54.0,18.0,43.0
52.0,18.0,42.0
51.0,18.0,40.0
49.0,18.0,40.0
50.0,19.0,40.0
47.0,18.0,38.0
47.0,18.0,37.0
45.0,18.0,35.0
44.0,18.0,35.0
43.0,18.0,35.0
42.0,18.0,35.0
42.0,18.0,33.0
42.0,19.0,33.0
39.0,18.0,31.0
38.0,18.0,30.0
37.0,18.0,31.0
37.0,16.0,29.0
36.0,18.0,28.0
35.0,18.0,27.0
35.0,18.0,27.0
35.0,17.0,26.0
33.0,18.0,26.0
33.0,18.0,25.0
33.0,18.0,25.0
33.0,18.0,25.0
32.0,18.0,24.0
31.0,18.0,23.0
31.0,18.0,24.0
29.0,18.0,22.0
29.0,18.0,23.0
29.0,18.0,23.0
28.0,18.0,26.0
28.0,18.0,28.0
28.0,18.0,29.0
31.0,18.0,32.0
31.0,18.0,34.0
32.0,19.0,38.0
30.0,18.0,38.0
29.0,18.0,38.0
27.0,18.0,40.0
27.0,17.0,38.0
27.0,18.0,36.0
26.0,18.0,35.0
24.0,19.0,34.0
25.0,17.0,32.0
25.0,18.0,32.0
26.0,18.0,32.0
24.0,18.0,32.0
25.0,17.0,32.0
26.0,18.0,31.0
26.0,17.0,31.0
26.0,18.0,30.0
27.0,18.0,34.0
27.0,18.0,34.0
27.0,18.0,35.0
28.0,18.0,35.0
27.0,18.0,38.0
29.0,18.0,39.0
30.0,18.0,41.0
29.0,18.0,42.0
28.0,18.0,43.0
29.0,18.0,41.0
29.0,19.0,41.0
32.0,19.0,43.0
37.0,18.0,43.0
37.0,19.0,41.0
42.0,19.0,41.0
43.0,18.0,44.0
40.0,19.0,44.0
39.0,18.0,45.0
41.0,19.0,44.0
40.0,18.0,50.0
50.0,17.0,49.0
49.0,18.0,51.0
49.0,18.0,50.0
48.0,18.0,50.0
54.0,18.0,48.0
57.0,18.0,45.0
68.0,18.0,46.0
80.0,18.0,48.0
79.0,18.0,49.0
78.0,18.0,49.0
78.0,18.0,48.0
80.0,18.0,47.0
86.0,19.0,44.0
107.0,18.0,43.0
110.0,18.0,45.0
103.0,18.0,56.0
97.0,18.0,60.0
97.0,19.0,75.0
101.0,19.0,77.0
98.0,18.0,81.0
94.0,18.0,83.0
101.0,19.0,91.0
98.0,19.0,91.0
92.0,19.0,87.0
101.0,18.0,87.0
103.0,19.0,88.0
97.0,17.0,89.0
91.0,18.0,95.0
86.0,18.0,98.0
80.0,18.0,102.0
81.0,19.0,107.0
73.0,18.0,111.0
69.0,18.0,109.0
66.0,18.0,103.0
62.0,19.0,99.0
60.0,19.0,94.0
56.0,19.0,99.0
53.0,18.0,100.0
49.0,18.0,102.0
47.0,18.0,94.0
51.0,18.0,90.0
49.0,18.0,84.0
48.0,18.0,81.0
54.0,18.0,76.0
54.0,18.0,73.0
51.0,18.0,72.0
48.0,19.0,71.0
52.0,18.0,68.0
49.0,19.0,64.0
48.0,19.0,63.0
46.0,18.0,60.0
49.0,18.0,61.0
47.0,18.0,61.0
48.0,19.0,60.0
49.0,19.0,59.0
48.0,18.0,61.0
45.0,19.0,63.0
43.0,19.0,66.0
46.0,19.0,64.0
46.0,19.0,63.0
44.0,18.0,73.0
41.0,18.0,72.0
39.0,18.0,72.0
37.0,18.0,76.0
36.0,18.0,84.0
34.0,18.0,88.0
33.0,18.0,99.0
34.0,18.0,94.0
33.0,19.0,89.0
32.0,19.0,84.0
31.0,18.0,85.0
33.0,19.0,89.0
31.0,19.0,85.0
30.0,19.0,81.0
29.0,18.0,89.0
30.0,18.0,91.0
35.0,19.0,89.0
37.0,18.0,90.0
35.0,18.0,93.0
33.0,18.0,94.0
31.0,18.0,92.0
30.0,19.0,104.0
29.0,19.0,100.0
28.0,18.0,100.0
26.0,19.0,98.0
25.0,19.0,95.0
32.0,19.0,94.0
32.0,19.0,94.0
31.0,17.0,93.0
29.0,18.0,92.0
29.0,18.0,92.0
28.0,18.0,87.0
26.0,19.0,84.0
26.0,18.0,79.0
25.0,18.0,74.0
95.0,18.0,34.0
93.0,19.0,33.0
94.0,18.0,39.0
119.0,18.0,39.0
118.0,18.0,39.0
114.0,19.0,39.0
144.0,18.0,39.0
159.0,18.0,39.0
156.0,18.0,39.0
147.0,18.0,42.0
165.0,18.0,47.0
165.0,18.0,60.0
153.0,18.0,72.0
142.0,19.0,88.0
151.0,19.0,102.0
149.0,18.0,97.0
149.0,18.0,97.0
142.0,19.0,97.0
133.0,18.0,98.0
123.0,18.0,93.0
116.0,18.0,90.0
111.0,18.0,88.0
104.0,18.0,88.0
107.0,18.0,82.0
103.0,18.0,79.0
103.0,18.0,78.0
100.0,18.0,79.0
98.0,19.0,84.0
102.0,19.0,91.0
100.0,18.0,90.0
98.0,18.0,97.0
91.0,18.0,100.0
84.0,19.0,105.0
79.0,18.0,113.0
73.0,19.0,112.0
70.0,18.0,109.0
71.0,18.0,111.0
73.0,19.0,105.0
69.0,18.0,101.0
70.0,19.0,96.0
69.0,17.0,91.0
64.0,18.0,85.0
61.0,18.0,81.0
62.0,19.0,78.0
75.0,18.0,75.0
79.0,19.0,74.0
74.0,18.0,76.0
74.0,19.0,78.0
76.0,19.0,77.0
71.0,18.0,77.0
71.0,19.0,84.0
67.0,18.0,97.0
63.0,18.0,97.0
59.0,18.0,93.0
55.0,19.0,88.0
57.0,19.0,87.0
60.0,20.0,83.0
57.0,18.0,80.0
53.0,19.0,78.0
50.0,18.0,77.0
50.0,21.0,79.0
45.0,19.0,84.0
42.0,18.0,92.0
40.0,19.0,96.0
38.0,17.0,92.0
37.0,18.0,87.0
34.0,19.0,82.0
33.0,19.0,82.0
31.0,17.0,80.0
33.0,19.0,79.0
33.0,19.0,74.0
33.0,19.0,71.0
41.0,18.0,69.0
47.0,19.0,66.0
51.0,18.0,62.0
49.0,18.0,60.0
46.0,18.0,60.0
43.0,19.0,64.0
41.0,19.0,71.0
40.0,19.0,78.0
46.0,19.0,78.0
44.0,19.0,76.0
42.0,18.0,76.0
42.0,18.0,74.0
49.0,19.0,73.0
50.0,18.0,75.0
49.0,17.0,76.0
51.0,18.0,75.0
54.0,19.0,73.0
52.0,19.0,72.0
48.0,18.0,74.0
46.0,19.0,77.0
44.0,18.0,77.0
42.0,19.0,75.0
42.0,18.0,71.0
39.0,18.0,78.0
37.0,19.0,76.0
36.0,18.0,73.0
34.0,19.0,75.0
32.0,19.0,78.0
34.0,19.0,76.0
38.0,19.0,72.0
46.0,19.0,69.0
44.0,19.0,72.0
42.0,18.0,75.0
42.0,18.0,81.0
39.0,18.0,82.0
37.0,18.0,78.0
35.0,18.0,76.0
34.0,18.0,75.0
32.0,19.0,72.0
31.0,18.0,70.0
29.0,18.0,67.0
29.0,18.0,64.0
28.0,18.0,61.0
27.0,18.0,57.0
26.0,18.0,55.0
25.0,18.0,52.0
24.0,18.0,50.0
24.0,18.0,51.0
25.0,18.0,60.0
26.0,19.0,69.0
27.0,18.0,75.0
28.0,18.0,78.0
29.0,18.0,80.0
29.0,18.0,77.0
28.0,18.0,77.0
28.0,18.0,78.0
25.0,18.0,77.0
25.0,18.0,85.0
26.0,18.0,87.0
28.0,18.0,93.0
27.0,19.0,90.0
27.0,18.0,91.0
25.0,18.0,92.0
26.0,18.0,89.0
25.0,18.0,88.0
25.0,18.0,97.0
27.0,18.0,111.0
29.0,19.0,146.0
30.0,19.0,159.0
35.0,18.0,153.0
34.0,18.0,154.0
40.0,18.0,157.0
40.0,18.0,156.0
39.0,18.0,160.0
55.0,20.0,152.0
54.0,19.0,149.0
72.0,18.0,166.0
77.0,18.0,176.0
79.0,18.0,180.0
90.0,18.0,209.0
93.0,21.0,224.0
101.0,23.0,263.0
130.0,27.0,274.0
142.0,31.0,338.0
156.0,31.0,352.0
173.0,38.0,359.0
293.0,36.0,359.0
314.0,40.0,367.0
329.0,39.0,388.0
342.0,46.0,457.0
339.0,51.0,460.0
353.0,49.0,461.0
368.0,58.0,528.0
357.0,81.0,509.0
357.0,78.0,479.0
346.0,73.0,439.0
316.0,68.0,404.0
287.0,64.0,368.0
279.0,60.0,338.0
267.0,57.0,321.0
255.0,53.0,302.0
238.0,51.0,278.0
228.0,48.0,259.0
231.0,46.0,238.0
229.0,43.0,219.0
227.0,41.0,201.0
226.0,39.0,185.0
222.0,37.0,170.0
216.0,38.0,159.0
208.0,34.0,147.0
202.0,33.0,137.0
199.0,32.0,130.0
194.0,32.0,122.0
183.0,30.0,114.0
181.0,29.0,113.0
184.0,31.0,104.0
184.0,30.0,103.0
180.0,35.0,99.0
169.0,35.0,102.0
165.0,34.0,103.0
170.0,32.0,101.0
169.0,42.0,108.0
164.0,44.0,104.0
166.0,40.0,103.0
158.0,40.0,107.0
153.0,39.0,111.0
148.0,38.0,104.0
145.0,35.0,103.0
143.0,34.0,113.0
145.0,40.0,114.0
140.0,39.0,113.0
134.0,37.0,111.0
152.0,36.0,104.0
153.0,34.0,103.0
152.0,34.0,100.0
141.0,32.0,93.0
131.0,29.0,99.0
125.0,30.0,99.0
118.0,30.0,109.0
114.0,28.0,112.0
108.0,27.0,109.0
107.0,27.0,145.0
107.0,26.0,166.0
113.0,25.0,159.0
115.0,25.0,170.0
121.0,25.0,213.0
114.0,25.0,219.0
136.0,25.0,208.0
141.0,31.0,244.0
154.0,31.0,308.0
171.0,31.0,309.0
182.0,30.0,330.0
188.0,29.0,345.0
192.0,29.0,321.0
201.0,32.0,336.0
224.0,31.0,364.0
259.0,35.0,433.0
284.0,36.0,410.0
275.0,35.0,399.0
276.0,35.0,445.0
260.0,36.0,500.0
258.0,42.0,508.0
276.0,40.0,495.0
282.0,39.0,503.0
272.0,38.0,518.0
260.0,39.0,499.0
250.0,40.0,490.0
249.0,37.0,450.0
236.0,36.0,415.0
225.0,35.0,378.0
211.0,34.0,347.0
194.0,32.0,323.0
177.0,32.0,302.0
163.0,30.0,285.0
149.0,29.0,267.0
138.0,28.0,252.0
126.0,28.0,237.0
116.0,26.0,218.0
107.0,26.0,201.0
99.0,24.0,184.0
92.0,24.0,170.0
87.0,24.0,157.0
82.0,23.0,147.0
76.0,23.0,138.0
72.0,23.0,130.0
68.0,22.0,122.0
65.0,23.0,115.0
62.0,22.0,110.0
59.0,21.0,104.0
58.0,21.0,100.0
54.0,21.0,96.0
53.0,21.0,94.0
52.0,20.0,92.0
51.0,20.0,91.0
49.0,20.0,89.0
48.0,20.0,88.0
49.0,20.0,87.0
47.0,20.0,85.0
47.0,19.0,83.0
46.0,20.0,82.0
45.0,20.0,79.0
45.0,19.0,77.0
43.0,19.0,74.0
43.0,19.0,72.0
41.0,19.0,70.0
41.0,19.0,67.0
40.0,19.0,65.0
40.0,19.0,64.0
40.0,19.0,62.0
37.0,19.0,60.0
37.0,19.0,59.0
34.0,18.0,56.0
34.0,19.0,54.0
33.0,18.0,53.0
33.0,19.0,52.0
32.0,18.0,51.0
32.0,19.0,48.0
33.0,19.0,47.0
34.0,19.0,48.0
32.0,19.0,46.0
30.0,19.0,46.0
32.0,19.0,47.0
31.0,18.0,48.0
30.0,18.0,47.0
30.0,18.0,49.0
30.0,18.0,52.0
31.0,18.0,63.0
31.0,19.0,72.0
51.0,19.0,96.0
52.0,18.0,108.0
52.0,19.0,112.0
56.0,19.0,123.0
60.0,19.0,130.0
66.0,21.0,130.0
62.0,21.0,138.0
82.0,21.0,139.0
88.0,21.0,136.0
82.0,24.0,132.0
86.0,23.0,131.0
104.0,22.0,126.0
105.0,24.0,143.0
119.0,23.0,141.0
112.0,22.0,135.0
110.0,23.0,151.0
100.0,22.0,161.0
96.0,23.0,152.0
90.0,25.0,152.0
102.0,25.0,143.0
111.0,25.0,139.0
118.0,24.0,153.0
122.0,24.0,154.0
114.0,24.0,148.0
106.0,23.0,149.0
101.0,23.0,156.0
95.0,23.0,149.0
99.0,22.0,149.0
109.0,22.0,151.0
109.0,21.0,143.0
104.0,22.0,142.0
109.0,22.0,152.0
103.0,21.0,154.0
96.0,21.0,147.0
90.0,22.0,141.0
92.0,21.0,148.0
90.0,21.0,159.0
84.0,21.0,207.0
81.0,21.0,206.0
83.0,21.0,216.0
83.0,22.0,216.0
99.0,21.0,223.0
96.0,22.0,240.0
104.0,22.0,258.0
118.0,22.0,254.0
124.0,22.0,285.0
153.0,24.0,301.0
152.0,24.0,316.0
150.0,24.0,327.0
147.0,23.0,328.0
154.0,23.0,352.0
167.0,23.0,356.0
162.0,30.0,447.0
159.0,30.0,525.0
162.0,31.0,512.0
218.0,31.0,506.0
213.0,37.0,500.0
221.0,38.0,482.0
235.0,37.0,520.0
223.0,51.0,497.0
243.0,52.0,470.0
238.0,56.0,468.0
226.0,63.0,437.0
216.0,60.0,399.0
207.0,56.0,366.0
196.0,54.0,339.0
187.0,50.0,314.0
178.0,48.0,290.0
174.0,45.0,268.0
171.0,43.0,248.0
168.0,41.0,228.0
161.0,39.0,215.0
157.0,36.0,206.0
153.0,36.0,190.0
143.0,34.0,178.0
154.0,34.0,172.0
146.0,33.0,161.0
152.0,39.0,153.0
150.0,37.0,151.0
145.0,37.0,151.0
135.0,36.0,144.0
149.0,37.0,145.0
161.0,35.0,137.0
158.0,36.0,144.0
160.0,54.0,144.0
160.0,53.0,150.0
155.0,50.0,147.0
158.0,51.0,146.0
152.0,48.0,142.0
172.0,47.0,136.0
192.0,46.0,133.0
219.0,47.0,146.0
217.0,44.0,143.0
207.0,42.0,141.0
192.0,41.0,141.0
179.0,38.0,143.0
165.0,37.0,136.0
156.0,35.0,132.0
172.0,34.0,131.0
162.0,33.0,128.0
149.0,30.0,127.0
139.0,31.0,121.0
133.0,30.0,127.0
128.0,29.0,142.0
123.0,28.0,157.0
123.0,27.0,172.0
119.0,27.0,186.0
116.0,26.0,183.0
128.0,24.0,187.0
146.0,26.0,183.0
148.0,36.0,255.0
149.0,36.0,300.0
157.0,36.0,306.0
154.0,37.0,334.0
151.0,35.0,371.0
155.0,34.0,386.0
182.0,37.0,411.0
226.0,43.0,528.0
260.0,45.0,531.0
273.0,42.0,515.0
279.0,48.0,504.0
274.0,48.0,600.0
273.0,46.0,643.0
265.0,52.0,628.0
285.0,53.0,588.0
282.0,51.0,550.0
271.0,49.0,526.0
303.0,46.0,487.0
284.0,44.0,451.0
278.0,42.0,412.0
258.0,40.0,377.0
255.0,38.0,352.0
232.0,37.0,322.0
211.0,34.0,320.0
194.0,33.0,296.0
179.0,32.0,275.0
163.0,32.0,258.0
149.0,31.0,240.0
137.0,29.0,227.0
126.0,29.0,213.0
117.0,27.0,200.0
108.0,26.0,186.0
100.0,27.0,174.0
91.0,25.0,159.0
86.0,24.0,146.0
80.0,24.0,137.0
75.0,24.0,127.0
71.0,23.0,119.0
65.0,23.0,110.0
62.0,22.0,103.0
58.0,22.0,98.0
55.0,22.0,94.0
53.0,22.0,88.0
49.0,22.0,83.0
47.0,21.0,79.0
44.0,21.0,74.0
42.0,21.0,72.0
40.0,20.0,69.0
37.0,20.0,67.0
35.0,20.0,65.0
35.0,20.0,64.0
33.0,20.0,61.0
32.0,19.0,60.0
30.0,19.0,59.0
29.0,20.0,58.0
27.0,19.0,56.0
26.0,19.0,54.0
25.0,19.0,53.0
25.0,18.0,51.0
23.0,19.0,49.0
23.0,19.0,48.0
23.0,18.0,47.0
22.0,18.0,45.0
22.0,18.0,44.0
21.0,19.0,44.0
21.0,19.0,42.0
21.0,18.0,42.0
20.0,19.0,39.0
20.0,19.0,39.0
20.0,18.0,40.0
18.0,19.0,40.0
19.0,18.0,40.0
19.0,18.0,39.0
17.0,18.0,38.0
18.0,19.0,37.0
17.0,18.0,37.0
17.0,18.0,37.0
16.0,18.0,36.0
16.0,18.0,35.0
18.0,19.0,34.0
18.0,18.0,33.0
17.0,18.0,33.0
17.0,18.0,32.0
17.0,18.0,31.0
16.0,19.0,30.0
16.0,18.0,30.0
15.0,18.0,28.0
15.0,18.0,28.0
15.0,17.0,28.0
15.0,18.0,28.0
15.0,18.0,27.0
15.0,18.0,27.0
14.0,19.0,26.0
14.0,18.0,26.0
14.0,19.0,26.0
14.0,18.0,24.0
14.0,18.0,24.0
14.0,18.0,23.0
14.0,18.0,23.0
14.0,18.0,24.0
13.0,18.0,23.0
14.0,18.0,23.0
14.0,18.0,23.0
13.0,18.0,23.0
13.0,18.0,22.0
14.0,18.0,22.0
13.0,18.0,22.0
14.0,18.0,22.0
13.0,18.0,22.0
13.0,18.0,22.0
13.0,18.0,22.0
13.0,19.0,22.0
13.0,18.0,23.0
14.0,19.0,24.0
13.0,19.0,24.0
13.0,18.0,24.0
13.0,19.0,25.0
13.0,18.0,25.0
13.0,18.0,26.0
13.0,18.0,27.0
14.0,18.0,26.0
13.0,17.0,27.0
14.0,18.0,26.0
14.0,18.0,27.0
14.0,18.0,27.0
14.0,18.0,26.0
14.0,18.0,26.0
14.0,18.0,26.0
14.0,18.0,26.0
14.0,18.0,26.0
13.0,18.0,27.0
14.0,18.0,29.0
13.0,17.0,29.0
13.0,18.0,29.0
15.0,18.0,30.0
15.0,18.0,30.0
13.0,19.0,30.0
14.0,18.0,30.0
14.0,19.0,30.0
13.0,18.0,29.0
13.0,18.0,29.0
13.0,18.0,30.0
13.0,18.0,31.0
14.0,18.0,31.0
13.0,18.0,30.0
13.0,18.0,31.0
14.0,18.0,32.0
14.0,19.0,31.0
14.0,18.0,30.0
14.0,19.0,31.0
14.0,18.0,31.0
14.0,18.0,31.0
13.0,18.0,30.0
13.0,18.0,30.0
13.0,18.0,30.0
12.0,19.0,30.0
13.0,19.0,31.0
14.0,18.0,31.0
13.0,19.0,30.0
13.0,19.0,30.0
12.0,18.0,30.0
12.0,18.0,31.0
12.0,18.0,30.0
12.0,19.0,29.0
12.0,18.0,30.0
12.0,18.0,30.0
12.0,19.0,29.0
12.0,18.0,30.0
13.0,18.0,31.0
13.0,19.0,31.0
13.0,18.0,32.0
12.0,18.0,31.0
13.0,18.0,31.0
13.0,17.0,31.0
12.0,18.0,31.0
15.0,18.0,32.0
13.0,18.0,33.0
12.0,19.0,32.0
12.0,18.0,32.0
15.0,18.0,32.0
13.0,19.0,31.0
13.0,19.0,31.0
12.0,18.0,31.0
13.0,19.0,32.0
13.0,19.0,32.0
12.0,19.0,31.0
13.0,19.0,32.0
13.0,18.0,33.0
12.0,18.0,33.0
13.0,18.0,34.0
134.0,27.0,286.0
131.0,27.0,313.0
181.0,27.0,322.0
187.0,26.0,326.0
177.0,25.0,335.0
212.0,25.0,326.0
213.0,35.0,321.0
231.0,41.0,319.0
231.0,41.0,306.0
215.0,53.0,287.0
198.0,51.0,263.0
190.0,48.0,255.0
178.0,46.0,254.0
175.0,44.0,252.0
170.0,41.0,233.0
161.0,40.0,218.0
155.0,38.0,208.0
150.0,37.0,196.0
147.0,35.0,185.0
145.0,33.0,173.0
140.0,32.0,161.0
134.0,31.0,159.0
130.0,31.0,160.0
134.0,36.0,179.0
126.0,34.0,175.0
117.0,34.0,170.0
118.0,35.0,161.0
125.0,46.0,158.0
120.0,44.0,164.0
110.0,42.0,153.0
103.0,41.0,146.0
114.0,38.0,140.0
112.0,41.0,142.0
121.0,45.0,145.0
122.0,45.0,134.0
124.0,42.0,132.0
119.0,43.0,134.0
114.0,45.0,142.0
107.0,43.0,143.0
99.0,40.0,136.0
100.0,39.0,136.0
116.0,38.0,134.0
119.0,37.0,159.0
116.0,35.0,151.0
115.0,34.0,140.0
105.0,33.0,132.0
97.0,32.0,130.0
96.0,30.0,122.0
89.0,29.0,119.0
87.0,28.0,116.0
94.0,27.0,116.0
92.0,27.0,110.0
91.0,27.0,108.0
86.0,26.0,106.0
83.0,25.0,103.0
85.0,25.0,142.0
82.0,25.0,180.0
82.0,24.0,173.0
83.0,24.0,183.0
87.0,24.0,219.0
81.0,23.0,260.0
83.0,23.0,267.0
84.0,22.0,257.0
83.0,23.0,245.0
85.0,22.0,240.0
88.0,22.0,244.0
83.0,22.0,248.0
81.0,21.0,247.0
78.0,22.0,250.0
89.0,21.0,261.0
85.0,21.0,252.0
89.0,21.0,246.0
100.0,21.0,247.0
134.0,24.0,240.0
142.0,24.0,271.0
135.0,25.0,265.0
138.0,24.0,281.0
139.0,24.0,292.0
130.0,26.0,318.0
150.0,26.0,326.0
197.0,28.0,332.0
243.0,28.0,369.0
237.0,28.0,391.0
245.0,28.0,491.0
278.0,38.0,518.0
282.0,44.0,500.0
300.0,46.0,507.0
290.0,43.0,555.0
325.0,50.0,550.0
347.0,61.0,549.0
338.0,76.0,535.0
327.0,80.0,502.0
336.0,77.0,466.0
327.0,75.0,437.0
306.0,76.0,406.0
285.0,71.0,375.0
263.0,66.0,347.0
245.0,62.0,321.0
229.0,58.0,296.0
215.0,55.0,273.0
203.0,52.0,253.0
192.0,49.0,234.0
183.0,46.0,216.0
175.0,45.0,198.0
167.0,41.0,182.0
161.0,40.0,166.0
154.0,38.0,154.0
147.0,36.0,143.0
141.0,34.0,134.0
138.0,35.0,125.0
136.0,32.0,120.0
128.0,31.0,114.0
125.0,30.0,110.0
118.0,29.0,107.0
129.0,29.0,107.0
131.0,27.0,110.0
130.0,26.0,110.0
128.0,28.0,111.0
129.0,25.0,112.0
129.0,24.0,111.0
125.0,24.0,112.0
123.0,24.0,112.0
125.0,23.0,111.0
125.0,23.0,110.0
123.0,22.0,108.0
121.0,22.0,107.0
121.0,22.0,105.0
119.0,21.0,106.0
116.0,21.0,103.0
114.0,21.0,102.0
112.0,21.0,102.0
109.0,20.0,99.0
106.0,21.0,97.0
103.0,20.0,96.0
100.0,20.0,95.0
97.0,20.0,92.0
95.0,20.0,92.0
93.0,20.0,91.0
88.0,20.0,87.0
87.0,19.0,88.0
83.0,19.0,85.0
80.0,18.0,83.0
78.0,19.0,80.0
76.0,19.0,78.0
74.0,18.0,77.0
72.0,18.0,75.0
69.0,18.0,73.0
67.0,18.0,71.0
65.0,18.0,69.0
61.0,19.0,67.0
61.0,18.0,65.0
59.0,19.0,63.0
57.0,19.0,62.0
55.0,17.0,60.0
54.0,18.0,57.0
52.0,18.0,55.0
51.0,18.0,54.0
49.0,21.0,52.0
47.0,18.0,50.0
45.0,18.0,48.0
44.0,19.0,47.0
43.0,18.0,46.0
40.0,18.0,44.0
38.0,18.0,43.0
37.0,18.0,42.0
34.0,18.0,41.0
34.0,18.0,39.0
33.0,18.0,37.0
32.0,18.0,36.0
30.0,20.0,35.0
29.0,18.0,34.0
28.0,19.0,33.0
28.0,18.0,32.0
27.0,19.0,31.0
25.0,18.0,30.0
23.0,18.0,29.0
22.0,18.0,28.0
22.0,18.0,26.0
21.0,18.0,28.0
21.0,18.0,26.0
20.0,18.0,27.0
20.0,16.0,28.0
19.0,18.0,26.0
19.0,18.0,26.0
18.0,19.0,25.0
18.0,18.0,23.0
17.0,18.0,24.0
17.0,19.0,21.0
17.0,18.0,23.0
16.0,19.0,21.0
16.0,18.0,22.0
16.0,18.0,22.0
16.0,18.0,22.0
15.0,19.0,21.0
15.0,18.0,21.0
15.0,18.0,21.0
15.0,18.0,21.0
14.0,18.0,22.0
15.0,18.0,22.0
15.0,18.0,22.0
14.0,19.0,22.0
14.0,19.0,22.0
15.0,19.0,23.0
14.0,19.0,22.0
14.0,18.0,22.0
14.0,19.0,22.0
14.0,19.0,22.0
14.0,19.0,23.0
13.0,18.0,23.0
13.0,18.0,24.0
14.0,17.0,26.0
13.0,18.0,24.0
13.0,18.0,24.0
14.0,18.0,26.0
13.0,18.0,25.0
13.0,18.0,26.0
13.0,18.0,26.0
13.0,18.0,27.0
13.0,18.0,27.0
13.0,18.0,27.0
13.0,18.0,27.0
13.0,18.0,27.0
13.0,18.0,27.0
13.0,18.0,28.0
13.0,18.0,29.0
13.0,18.0,28.0
13.0,18.0,28.0
13.0,18.0,29.0
13.0,18.0,29.0
13.0,18.0,29.0
13.0,18.0,30.0
13.0,19.0,30.0
13.0,18.0,31.0
13.0,18.0,31.0
12.0,18.0,30.0
13.0,18.0,30.0
13.0,19.0,30.0
13.0,18.0,30.0
12.0,19.0,30.0
13.0,19.0,30.0
13.0,18.0,30.0
13.0,18.0,30.0
13.0,18.0,30.0
13.0,18.0,30.0
13.0,19.0,30.0
13.0,19.0,30.0
13.0,18.0,31.0
12.0,19.0,31.0
12.0,18.0,30.0
13.0,19.0,30.0
12.0,19.0,32.0
13.0,18.0,32.0
12.0,19.0,32.0
12.0,19.0,32.0
13.0,18.0,33.0
13.0,19.0,32.0
13.0,19.0,32.0
13.0,18.0,32.0
12.0,19.0,32.0
13.0,18.0,32.0
12.0,18.0,31.0
13.0,18.0,32.0
13.0,18.0,33.0
12.0,18.0,32.0
13.0,18.0,31.0
13.0,18.0,32.0
13.0,18.0,31.0
13.0,19.0,31.0
13.0,19.0,31.0
13.0,19.0,30.0
13.0,18.0,29.0
12.0,19.0,29.0
13.0,19.0,28.0
13.0,19.0,29.0
12.0,19.0,29.0
13.0,19.0,27.0
14.0,19.0,28.0
13.0,19.0,27.0
13.0,18.0,27.0
13.0,18.0,27.0
13.0,18.0,26.0
13.0,18.0,26.0
13.0,19.0,25.0
13.0,18.0,25.0
13.0,18.0,25.0
13.0,18.0,24.0
13.0,18.0,24.0
14.0,18.0,24.0
13.0,18.0,24.0
13.0,18.0,24.0
13.0,18.0,23.0
13.0,18.0,24.0
13.0,18.0,23.0
13.0,19.0,23.0
13.0,18.0,22.0
13.0,18.0,23.0
12.0,19.0,23.0
13.0,18.0,22.0
13.0,18.0,23.0
13.0,18.0,22.0
107.0,25.0,65.0
111.0,26.0,65.0
111.0,25.0,62.0
121.0,25.0,60.0
166.0,24.0,63.0
166.0,24.0,60.0
162.0,24.0,61.0
151.0,24.0,71.0
148.0,23.0,80.0
153.0,22.0,82.0
159.0,22.0,98.0
150.0,23.0,112.0
147.0,23.0,111.0
150.0,22.0,122.0
147.0,22.0,117.0
155.0,23.0,129.0
156.0,22.0,137.0
156.0,21.0,133.0
152.0,21.0,128.0
172.0,21.0,119.0
168.0,20.0,118.0
159.0,21.0,117.0
153.0,20.0,117.0
168.0,21.0,125.0
164.0,20.0,127.0
157.0,19.0,128.0
159.0,21.0,120.0
149.0,21.0,118.0
152.0,19.0,113.0
164.0,20.0,111.0
159.0,20.0,110.0
148.0,20.0,106.0
143.0,19.0,116.0
137.0,19.0,115.0
140.0,20.0,111.0
146.0,20.0,115.0
142.0,19.0,125.0
133.0,20.0,147.0
137.0,21.0,155.0
153.0,20.0,155.0
167.0,21.0,172.0
164.0,21.0,207.0
197.0,22.0,205.0
226.0,23.0,215.0
241.0,24.0,228.0
235.0,27.0,258.0
237.0,36.0,277.0
241.0,33.0,337.0
247.0,34.0,334.0
246.0,32.0,398.0
240.0,32.0,404.0
286.0,34.0,419.0
295.0,32.0,429.0
311.0,38.0,483.0
295.0,39.0,473.0
312.0,44.0,478.0
302.0,46.0,441.0
283.0,45.0,408.0
266.0,44.0,374.0
244.0,42.0,342.0
226.0,39.0,312.0
213.0,37.0,285.0
201.0,36.0,262.0
191.0,34.0,241.0
182.0,34.0,227.0
177.0,32.0,212.0
174.0,31.0,199.0
170.0,30.0,184.0
163.0,29.0,174.0
164.0,28.0,166.0
151.0,27.0,156.0
151.0,26.0,147.0
144.0,25.0,141.0
152.0,26.0,135.0
156.0,31.0,131.0
144.0,29.0,122.0
143.0,29.0,115.0
132.0,29.0,110.0
145.0,28.0,112.0
155.0,29.0,107.0
144.0,28.0,103.0
136.0,28.0,98.0
129.0,30.0,100.0
145.0,30.0,101.0
150.0,29.0,103.0
154.0,29.0,97.0
155.0,29.0,93.0
152.0,27.0,106.0
140.0,30.0,107.0
129.0,29.0,101.0
137.0,28.0,99.0
128.0,28.0,101.0
147.0,27.0,101.0
137.0,27.0,100.0
128.0,26.0,97.0
117.0,25.0,98.0
108.0,25.0,94.0
124.0,25.0,93.0
128.0,24.0,98.0
124.0,23.0,109.0
128.0,23.0,142.0
141.0,22.0,136.0
135.0,22.0,137.0
127.0,21.0,144.0
122.0,22.0,172.0
122.0,21.0,180.0
126.0,22.0,185.0
132.0,22.0,202.0
135.0,21.0,206.0
142.0,21.0,220.0
161.0,21.0,236.0
161.0,22.0,259.0
185.0,23.0,250.0
173.0,33.0,248.0
166.0,33.0,269.0
173.0,34.0,304.0
183.0,35.0,336.0
231.0,41.0,444.0
232.0,40.0,448.0
244.0,39.0,479.0
253.0,39.0,542.0
265.0,40.0,543.0
280.0,57.0,548.0
291.0,54.0,526.0
326.0,52.0,514.0
338.0,50.0,486.0
339.0,47.0,460.0
326.0,45.0,466.0
303.0,43.0,452.0
290.0,41.0,437.0
273.0,42.0,425.0
255.0,40.0,391.0
238.0,39.0,361.0
220.0,37.0,336.0
200.0,35.0,307.0
184.0,34.0,284.0
168.0,33.0,267.0
155.0,31.0,251.0
144.0,31.0,235.0
137.0,29.0,220.0
131.0,29.0,206.0
127.0,28.0,194.0
122.0,27.0,181.0
118.0,27.0,167.0
115.0,25.0,153.0
111.0,25.0,142.0
106.0,24.0,130.0
103.0,24.0,122.0
100.0,23.0,114.0
96.0,23.0,107.0
94.0,22.0,100.0
92.0,22.0,97.0
90.0,22.0,93.0
88.0,21.0,90.0
87.0,22.0,87.0
85.0,21.0,86.0
83.0,21.0,86.0
82.0,21.0,85.0
81.0,20.0,84.0
79.0,20.0,82.0
77.0,20.0,82.0
75.0,20.0,82.0
73.0,20.0,80.0
70.0,20.0,80.0
68.0,20.0,81.0
64.0,19.0,77.0
62.0,19.0,74.0
59.0,19.0,72.0
57.0,19.0,72.0
55.0,18.0,72.0
52.0,19.0,70.0
50.0,19.0,68.0
48.0,19.0,69.0
46.0,19.0,69.0
43.0,19.0,70.0
41.0,19.0,69.0
39.0,19.0,67.0
37.0,19.0,65.0
35.0,19.0,63.0
34.0,19.0,62.0
33.0,18.0,61.0
31.0,19.0,59.0
30.0,19.0,58.0
29.0,19.0,58.0
27.0,18.0,54.0
26.0,18.0,52.0
25.0,18.0,51.0
24.0,18.0,49.0
24.0,18.0,47.0
23.0,18.0,46.0
22.0,18.0,44.0
22.0,18.0,44.0
22.0,18.0,43.0
20.0,18.0,42.0
21.0,18.0,41.0
19.0,18.0,40.0
19.0,18.0,38.0
18.0,18.0,36.0
18.0,18.0,35.0
18.0,18.0,35.0
17.0,18.0,33.0
17.0,18.0,32.0
17.0,18.0,32.0
17.0,19.0,31.0
17.0,18.0,30.0
16.0,18.0,30.0
16.0,18.0,28.0
15.0,18.0,28.0
15.0,18.0,27.0
15.0,18.0,26.0
15.0,18.0,26.0
14.0,18.0,26.0
15.0,18.0,27.0
15.0,18.0,30.0
15.0,18.0,30.0
15.0,18.0,29.0
15.0,19.0,29.0
15.0,19.0,29.0
14.0,18.0,29.0
14.0,18.0,28.0
14.0,19.0,27.0
14.0,18.0,27.0
13.0,19.0,27.0
13.0,18.0,26.0
14.0,18.0,27.0
14.0,18.0,28.0
14.0,18.0,27.0
14.0,18.0,26.0
14.0,18.0,26.0
13.0,18.0,26.0
13.0,18.0,26.0
14.0,18.0,26.0
14.0,19.0,28.0
13.0,18.0,27.0
14.0,18.0,27.0
14.0,18.0,26.0
15.0,18.0,26.0
14.0,18.0,27.0
13.0,19.0,26.0
14.0,18.0,26.0
15.0,20.0,26.0
13.0,18.0,27.0
13.0,19.0,27.0
14.0,18.0,27.0
14.0,18.0,28.0
14.0,18.0,27.0
14.0,19.0,28.0
14.0,19.0,27.0
14.0,20.0,29.0
14.0,19.0,27.0
14.0,19.0,27.0
13.0,18.0,27.0
16.0,17.0,27.0
14.0,18.0,26.0
15.0,18.0,27.0
14.0,18.0,26.0
16.0,18.0,26.0
15.0,18.0,27.0
14.0,18.0,27.0
14.0,18.0,26.0
14.0,17.0,26.0
14.0,18.0,26.0
14.0,18.0,27.0
14.0,18.0,26.0
14.0,20.0,27.0
14.0,18.0,27.0
13.0,19.0,27.0
14.0,18.0,28.0
15.0,18.0,29.0
14.0,18.0,28.0
14.0,18.0,28.0
13.0,18.0,27.0
14.0,17.0,26.0
14.0,18.0,28.0
14.0,18.0,29.0
14.0,18.0,29.0
15.0,18.0,30.0
14.0,18.0,29.0
14.0,18.0,29.0
15.0,18.0,28.0
14.0,18.0,29.0
14.0,19.0,29.0
14.0,19.0,29.0
14.0,18.0,29.0
14.0,18.0,30.0
14.0,18.0,29.0
14.0,18.0,30.0
14.0,18.0,29.0
13.0,19.0,29.0
13.0,18.0,29.0
14.0,19.0,30.0
13.0,18.0,29.0
14.0,18.0,27.0
13.0,18.0,28.0
13.0,18.0,28.0
14.0,18.0,28.0
12.0,19.0,28.0
13.0,18.0,29.0
14.0,18.0,30.0
13.0,19.0,29.0
78.0,20.0,69.0
81.0,20.0,67.0
81.0,19.0,77.0
84.0,20.0,84.0
85.0,19.0,93.0
84.0,20.0,96.0
90.0,18.0,104.0
99.0,19.0,112.0
104.0,19.0,143.0
102.0,19.0,142.0
107.0,19.0,159.0
99.0,19.0,166.0
102.0,19.0,170.0
115.0,19.0,173.0
130.0,20.0,162.0
121.0,19.0,158.0
122.0,19.0,146.0
138.0,21.0,137.0
153.0,20.0,130.0
163.0,20.0,124.0
161.0,21.0,118.0
150.0,20.0,120.0
145.0,20.0,116.0
147.0,20.0,110.0
137.0,19.0,128.0
129.0,19.0,130.0
130.0,20.0,138.0
128.0,18.0,150.0
126.0,19.0,146.0
126.0,19.0,143.0
117.0,19.0,144.0
111.0,20.0,154.0
107.0,19.0,165.0
101.0,19.0,163.0
101.0,19.0,182.0
95.0,19.0,174.0
100.0,19.0,184.0
94.0,19.0,179.0
92.0,19.0,175.0
103.0,19.0,174.0
99.0,19.0,203.0
93.0,19.0,202.0
91.0,19.0,190.0
85.0,19.0,175.0
82.0,18.0,169.0
87.0,19.0,157.0
86.0,19.0,147.0
81.0,19.0,147.0
76.0,19.0,152.0
72.0,19.0,153.0
77.0,19.0,150.0
72.0,18.0,160.0
69.0,19.0,170.0
65.0,19.0,166.0
62.0,19.0,162.0
71.0,19.0,154.0
69.0,18.0,153.0
71.0,19.0,158.0
67.0,18.0,170.0
65.0,18.0,171.0
67.0,19.0,178.0
63.0,18.0,177.0
62.0,19.0,168.0
62.0,18.0,170.0
66.0,19.0,200.0
65.0,19.0,213.0
68.0,19.0,246.0
64.0,19.0,284.0
63.0,19.0,287.0
70.0,19.0,293.0
74.0,20.0,360.0
87.0,20.0,385.0
82.0,21.0,482.0
117.0,25.0,490.0
148.0,26.0,504.0
152.0,30.0,515.0
172.0,34.0,517.0
216.0,37.0,602.0
222.0,46.0,578.0
254.0,44.0,534.0
252.0,64.0,496.0
239.0,66.0,478.0
224.0,66.0,440.0
207.0,64.0,402.0
196.0,62.0,368.0
181.0,58.0,337.0
171.0,55.0,311.0
160.0,53.0,289.0
162.0,53.0,265.0
153.0,50.0,244.0
147.0,47.0,226.0
142.0,45.0,207.0
143.0,46.0,194.0
132.0,46.0,183.0
146.0,61.0,178.0
150.0,62.0,167.0
142.0,57.0,159.0
154.0,61.0,167.0
156.0,59.0,170.0
186.0,65.0,174.0
182.0,67.0,168.0
197.0,65.0,158.0
200.0,66.0,152.0
188.0,63.0,156.0
174.0,62.0,150.0
170.0,68.0,147.0
166.0,64.0,158.0
155.0,61.0,149.0
155.0,59.0,150.0
154.0,60.0,153.0
161.0,57.0,147.0
158.0,54.0,162.0
153.0,53.0,163.0
145.0,50.0,161.0
135.0,47.0,153.0
135.0,44.0,146.0
125.0,43.0,140.0
116.0,40.0,136.0
122.0,39.0,132.0
125.0,36.0,130.0
133.0,36.0,126.0
156.0,34.0,136.0
165.0,33.0,128.0
155.0,32.0,147.0
166.0,31.0,197.0
185.0,29.0,235.0
196.0,29.0,219.0
198.0,28.0,211.0
216.0,27.0,209.0
252.0,26.0,242.0
250.0,26.0,226.0
250.0,26.0,224.0
230.0,26.0,251.0
221.0,27.0,274.0
210.0,26.0,286.0
208.0,27.0,278.0
193.0,24.0,290.0
213.0,39.0,352.0
232.0,36.0,392.0
258.0,50.0,434.0
259.0,48.0,511.0
299.0,64.0,547.0
336.0,65.0,632.0
368.0,67.0,668.0
362.0,64.0,669.0
359.0,63.0,645.0
362.0,72.0,633.0
386.0,71.0,589.0
359.0,81.0,568.0
344.0,91.0,572.0
392.0,90.0,581.0
368.0,93.0,542.0
340.0,90.0,504.0
311.0,84.0,470.0
288.0,79.0,435.0
264.0,74.0,399.0
246.0,69.0,368.0
232.0,65.0,337.0
215.0,61.0,308.0
197.0,58.0,283.0
194.0,54.0,260.0
191.0,51.0,242.0
186.0,49.0,221.0
181.0,46.0,204.0
176.0,44.0,187.0
172.0,42.0,171.0
166.0,40.0,157.0
161.0,38.0,145.0
156.0,36.0,137.0
152.0,34.0,130.0
146.0,33.0,123.0
143.0,32.0,117.0
139.0,31.0,111.0
135.0,29.0,104.0
131.0,30.0,100.0
128.0,29.0,95.0
125.0,27.0,91.0
122.0,26.0,88.0
120.0,26.0,85.0
118.0,25.0,84.0
115.0,25.0,83.0
112.0,25.0,81.0
109.0,24.0,80.0
104.0,24.0,78.0
100.0,23.0,77.0
94.0,23.0,76.0
90.0,22.0,75.0
84.0,22.0,72.0
80.0,21.0,71.0
75.0,21.0,69.0
70.0,21.0,66.0
66.0,21.0,64.0
64.0,21.0,63.0
60.0,21.0,60.0
57.0,21.0,58.0
54.0,20.0,56.0
51.0,21.0,55.0
49.0,20.0,52.0
47.0,20.0,51.0
46.0,19.0,49.0
45.0,19.0,48.0
43.0,19.0,48.0
43.0,19.0,46.0
42.0,19.0,45.0
42.0,20.0,44.0
42.0,19.0,45.0
41.0,19.0,44.0
41.0,19.0,43.0
40.0,19.0,44.0
38.0,19.0,42.0
40.0,19.0,41.0
43.0,19.0,40.0
43.0,19.0,38.0
42.0,18.0,38.0
41.0,19.0,37.0
40.0,20.0,36.0
38.0,19.0,36.0
37.0,19.0,34.0
37.0,19.0,34.0
39.0,19.0,33.0
37.0,19.0,35.0
38.0,18.0,34.0
37.0,18.0,34.0
36.0,19.0,33.0
36.0,18.0,34.0
34.0,19.0,32.0
33.0,19.0,31.0
33.0,19.0,31.0
31.0,19.0,32.0
35.0,19.0,34.0
33.0,19.0,34.0
33.0,18.0,33.0
36.0,18.0,32.0
35.0,19.0,31.0
34.0,19.0,30.0
39.0,19.0,30.0
38.0,19.0,29.0
37.0,19.0,29.0
38.0,19.0,28.0
36.0,18.0,29.0
38.0,19.0,28.0
38.0,19.0,28.0
36.0,19.0,26.0
35.0,18.0,26.0
36.0,19.0,26.0
34.0,19.0,26.0
34.0,18.0,27.0
32.0,19.0,26.0
31.0,19.0,26.0
30.0,18.0,27.0
29.0,18.0,26.0
28.0,18.0,26.0
27.0,18.0,25.0
26.0,18.0,24.0
25.0,18.0,24.0
24.0,19.0,26.0
22.0,19.0,25.0
23.0,18.0,25.0
22.0,18.0,24.0
21.0,19.0,24.0
21.0,19.0,24.0
20.0,19.0,24.0
19.0,18.0,24.0
19.0,19.0,27.0
18.0,19.0,28.0
18.0,18.0,28.0
17.0,19.0,28.0
17.0,19.0,28.0
17.0,18.0,30.0
16.0,18.0,32.0
16.0,19.0,33.0
16.0,18.0,32.0
16.0,18.0,33.0
15.0,19.0,33.0
15.0,18.0,34.0
15.0,18.0,34.0
15.0,18.0,35.0
14.0,19.0,35.0
14.0,18.0,35.0
15.0,18.0,35.0
14.0,18.0,36.0
13.0,18.0,35.0
15.0,18.0,36.0
14.0,18.0,38.0
14.0,18.0,45.0
14.0,19.0,43.0
13.0,18.0,41.0
13.0,18.0,42.0
14.0,18.0,41.0
13.0,20.0,44.0
13.0,18.0,45.0
14.0,18.0,43.0
13.0,19.0,41.0
15.0,19.0,39.0
14.0,18.0,38.0
13.0,18.0,36.0
14.0,18.0,36.0
14.0,18.0,36.0
14.0,18.0,35.0
13.0,18.0,34.0
69.0,20.0,147.0
64.0,20.0,153.0
69.0,20.0,148.0
66.0,20.0,162.0
64.0,19.0,161.0
79.0,19.0,166.0
106.0,19.0,163.0
102.0,19.0,183.0
94.0,20.0,187.0
106.0,19.0,195.0
101.0,19.0,194.0
98.0,19.0,190.0
94.0,19.0,188.0
89.0,19.0,181.0
84.0,19.0,176.0
82.0,19.0,164.0
78.0,19.0,162.0
75.0,19.0,170.0
71.0,19.0,170.0
67.0,19.0,170.0
70.0,19.0,171.0
75.0,19.0,169.0
79.0,19.0,165.0
76.0,19.0,161.0
70.0,19.0,159.0
66.0,19.0,151.0
62.0,19.0,143.0
58.0,20.0,161.0
57.0,20.0,174.0
62.0,20.0,181.0
59.0,20.0,177.0
57.0,20.0,172.0
61.0,19.0,171.0
58.0,20.0,172.0
59.0,20.0,176.0
81.0,20.0,205.0
89.0,20.0,217.0
86.0,19.0,234.0
89.0,25.0,245.0
94.0,25.0,259.0
110.0,24.0,284.0
112.0,24.0,327.0
123.0,27.0,363.0
180.0,30.0,408.0
229.0,29.0,412.0
230.0,28.0,423.0
244.0,30.0,451.0
262.0,34.0,473.0
306.0,34.0,473.0
352.0,33.0,455.0
346.0,35.0,431.0
337.0,37.0,443.0
330.0,40.0,422.0
305.0,40.0,394.0
306.0,38.0,368.0
284.0,37.0,338.0
264.0,35.0,311.0
247.0,35.0,288.0
232.0,33.0,269.0
218.0,31.0,256.0
207.0,30.0,242.0
197.0,30.0,228.0
190.0,30.0,215.0
180.0,29.0,203.0
175.0,28.0,198.0
160.0,28.0,188.0
159.0,28.0,177.0
156.0,29.0,170.0
147.0,28.0,163.0
136.0,28.0,155.0
147.0,27.0,157.0
164.0,30.0,158.0
158.0,35.0,152.0
165.0,35.0,141.0
166.0,36.0,132.0
172.0,35.0,132.0
191.0,42.0,123.0
190.0,42.0,120.0
179.0,41.0,119.0
179.0,52.0,115.0
179.0,49.0,113.0
165.0,49.0,113.0
165.0,51.0,118.0
154.0,48.0,122.0
142.0,53.0,127.0
131.0,56.0,127.0
120.0,51.0,119.0
124.0,49.0,109.0
115.0,46.0,107.0
112.0,44.0,104.0
118.0,42.0,96.0
116.0,40.0,95.0
121.0,39.0,105.0
115.0,37.0,108.0
114.0,35.0,117.0
114.0,34.0,118.0
113.0,32.0,117.0
120.0,31.0,154.0
119.0,32.0,179.0
123.0,31.0,188.0
120.0,29.0,220.0
118.0,28.0,214.0
120.0,29.0,211.0
118.0,29.0,219.0
115.0,28.0,240.0
120.0,28.0,290.0
132.0,31.0,311.0
132.0,46.0,324.0
130.0,51.0,370.0
150.0,52.0,385.0
169.0,56.0,438.0
184.0,52.0,465.0
183.0,49.0,478.0
192.0,48.0,489.0
183.0,48.0,520.0
183.0,47.0,499.0
206.0,44.0,484.0
203.0,52.0,488.0
234.0,51.0,463.0
242.0,48.0,464.0
265.0,46.0,443.0
253.0,52.0,416.0
237.0,49.0,396.0
251.0,47.0,370.0
233.0,44.0,339.0
214.0,42.0,310.0
196.0,41.0,285.0
180.0,38.0,261.0
164.0,37.0,242.0
152.0,35.0,225.0
137.0,34.0,213.0
128.0,33.0,202.0
123.0,31.0,190.0
117.0,30.0,178.0
112.0,29.0,168.0
109.0,28.0,157.0
104.0,27.0,144.0
100.0,27.0,133.0
97.0,25.0,124.0
95.0,25.0,118.0
91.0,25.0,113.0
91.0,24.0,109.0
88.0,24.0,103.0
82.0,23.0,99.0
79.0,23.0,96.0
83.0,22.0,96.0
82.0,22.0,95.0
82.0,22.0,92.0
79.0,21.0,91.0
79.0,21.0,90.0
76.0,22.0,88.0
74.0,21.0,86.0
74.0,21.0,86.0
76.0,21.0,86.0
76.0,21.0,86.0
74.0,19.0,85.0
72.0,20.0,85.0
67.0,21.0,83.0
66.0,20.0,82.0
62.0,19.0,82.0
61.0,20.0,81.0
63.0,20.0,80.0
62.0,19.0,79.0
60.0,19.0,76.0
57.0,19.0,76.0
58.0,19.0,74.0
55.0,19.0,71.0
54.0,18.0,69.0
55.0,19.0,69.0
55.0,19.0,69.0
55.0,18.0,69.0
52.0,19.0,72.0
50.0,20.0,73.0
53.0,19.0,75.0
53.0,19.0,72.0
51.0,19.0,72.0
55.0,20.0,76.0
55.0,20.0,73.0
55.0,19.0,70.0
53.0,20.0,70.0
52.0,20.0,76.0
51.0,20.0,73.0
47.0,19.0,69.0
46.0,20.0,66.0
44.0,19.0,65.0
42.0,19.0,62.0
40.0,19.0,60.0
38.0,19.0,57.0
36.0,19.0,52.0
35.0,18.0,51.0
33.0,19.0,48.0
32.0,19.0,46.0
31.0,18.0,45.0
29.0,18.0,42.0
28.0,19.0,41.0
27.0,18.0,40.0
25.0,19.0,39.0
24.0,18.0,39.0
24.0,19.0,38.0
23.0,18.0,37.0
23.0,18.0,38.0
21.0,18.0,36.0
22.0,19.0,36.0
21.0,19.0,35.0
20.0,19.0,33.0
19.0,19.0,35.0
19.0,18.0,37.0
18.0,18.0,36.0
18.0,18.0,35.0
18.0,19.0,36.0
17.0,18.0,40.0
17.0,18.0,41.0
17.0,18.0,42.0
17.0,19.0,41.0
17.0,18.0,40.0
17.0,18.0,38.0
17.0,19.0,36.0
16.0,18.0,35.0
16.0,18.0,33.0
16.0,18.0,32.0
16.0,18.0,30.0
16.0,18.0,29.0
16.0,18.0,29.0
15.0,19.0,28.0
15.0,19.0,28.0
16.0,18.0,28.0
15.0,19.0,26.0
15.0,19.0,26.0
15.0,19.0,27.0
15.0,18.0,27.0
14.0,18.0,28.0
14.0,18.0,30.0
14.0,18.0,34.0
15.0,18.0,35.0
14.0,18.0,36.0
14.0,18.0,36.0
15.0,18.0,36.0
14.0,18.0,36.0
14.0,18.0,39.0
13.0,18.0,42.0
14.0,18.0,40.0
14.0,18.0,39.0
13.0,18.0,39.0
14.0,18.0,38.0
14.0,18.0,38.0
13.0,18.0,36.0
13.0,19.0,35.0
13.0,18.0,34.0
13.0,18.0,33.0
13.0,18.0,31.0
13.0,18.0,31.0
13.0,18.0,30.0
13.0,18.0,31.0
13.0,18.0,32.0
13.0,19.0,32.0
13.0,18.0,32.0
13.0,18.0,30.0
13.0,18.0,29.0
13.0,19.0,29.0
13.0,18.0,28.0
13.0,18.0,27.0
13.0,18.0,27.0
13.0,18.0,26.0
13.0,18.0,26.0
13.0,18.0,25.0
13.0,18.0,24.0
13.0,18.0,25.0
13.0,19.0,24.0
12.0,18.0,24.0
13.0,19.0,25.0
13.0,18.0,25.0
12.0,19.0,24.0
12.0,18.0,24.0
12.0,19.0,24.0
13.0,18.0,26.0
14.0,18.0,28.0
12.0,19.0,28.0
13.0,19.0,28.0
12.0,19.0,27.0
14.0,18.0,26.0
13.0,19.0,26.0
13.0,19.0,26.0
13.0,18.0,27.0
12.0,17.0,28.0
13.0,18.0,28.0
13.0,18.0,28.0
13.0,18.0,26.0
12.0,18.0,26.0
13.0,18.0,26.0
13.0,18.0,25.0
13.0,18.0,24.0
14.0,18.0,25.0
13.0,18.0,24.0
13.0,19.0,24.0
12.0,19.0,24.0
13.0,21.0,23.0
13.0,18.0,24.0
13.0,19.0,24.0
13.0,19.0,23.0
13.0,18.0,23.0
101.0,20.0,53.0
107.0,20.0,59.0
101.0,20.0,61.0
101.0,20.0,81.0
112.0,21.0,82.0
108.0,20.0,85.0
108.0,20.0,82.0
101.0,20.0,82.0
96.0,19.0,91.0
103.0,19.0,95.0
95.0,19.0,107.0
101.0,19.0,110.0
92.0,20.0,108.0
94.0,19.0,112.0
100.0,19.0,109.0
98.0,19.0,100.0
106.0,20.0,98.0
101.0,20.0,98.0
122.0,25.0,102.0
125.0,24.0,97.0
121.0,24.0,97.0
118.0,24.0,97.0
108.0,24.0,93.0
107.0,23.0,109.0
107.0,23.0,128.0
104.0,22.0,124.0
98.0,23.0,117.0
93.0,22.0,110.0
90.0,24.0,113.0
87.0,22.0,111.0
93.0,22.0,107.0
89.0,23.0,102.0
89.0,22.0,101.0
98.0,23.0,109.0
106.0,23.0,126.0
99.0,24.0,126.0
94.0,22.0,122.0
93.0,21.0,128.0
88.0,22.0,131.0
87.0,22.0,152.0
84.0,22.0,166.0
92.0,22.0,193.0
96.0,22.0,217.0
95.0,23.0,205.0
108.0,22.0,238.0
110.0,29.0,249.0
139.0,35.0,256.0
139.0,37.0,278.0
162.0,37.0,290.0
172.0,49.0,290.0
192.0,46.0,338.0
227.0,56.0,348.0
247.0,56.0,402.0
261.0,53.0,506.0
302.0,52.0,485.0
300.0,50.0,497.0
335.0,47.0,553.0
319.0,67.0,524.0
308.0,122.0,489.0
313.0,155.0,448.0
299.0,154.0,422.0
281.0,150.0,387.0
264.0,148.0,354.0
252.0,137.0,321.0
232.0,127.0,301.0
231.0,120.0,281.0
218.0,111.0,257.0
209.0,102.0,238.0
199.0,95.0,219.0
192.0,89.0,203.0
187.0,83.0,188.0
182.0,77.0,175.0
179.0,73.0,163.0
169.0,68.0,157.0
164.0,64.0,150.0
152.0,62.0,145.0
150.0,60.0,140.0
146.0,58.0,136.0
139.0,63.0,135.0
140.0,70.0,139.0
141.0,70.0,139.0
132.0,66.0,132.0
125.0,69.0,127.0
138.0,65.0,118.0
137.0,64.0,119.0
124.0,63.0,116.0
127.0,60.0,110.0
126.0,57.0,106.0
118.0,54.0,105.0
113.0,54.0,102.0
112.0,53.0,103.0
103.0,54.0,101.0
95.0,50.0,109.0
87.0,51.0,103.0
81.0,49.0,97.0
81.0,47.0,95.0
83.0,45.0,93.0
81.0,43.0,89.0
77.0,41.0,86.0
99.0,39.0,90.0
101.0,38.0,90.0
96.0,37.0,106.0
91.0,36.0,111.0
95.0,34.0,129.0
96.0,33.0,165.0
99.0,32.0,161.0
101.0,31.0,162.0
109.0,30.0,190.0
112.0,29.0,188.0
129.0,28.0,193.0
136.0,27.0,206.0
143.0,27.0,207.0
163.0,33.0,256.0
179.0,32.0,305.0
185.0,34.0,320.0
219.0,35.0,346.0
263.0,35.0,326.0
249.0,39.0,331.0
242.0,45.0,383.0
235.0,46.0,473.0
228.0,48.0,502.0
283.0,49.0,489.0
306.0,52.0,485.0
335.0,67.0,490.0
328.0,75.0,502.0
350.0,77.0,498.0
353.0,81.0,490.0
354.0,99.0,472.0
350.0,92.0,460.0
328.0,100.0,434.0
318.0,93.0,394.0
297.0,88.0,361.0
271.0,82.0,334.0
246.0,77.0,311.0
225.0,72.0,290.0
207.0,67.0,270.0
190.0,64.0,252.0
176.0,60.0,236.0
165.0,56.0,221.0
153.0,53.0,205.0
143.0,49.0,189.0
134.0,48.0,173.0
125.0,45.0,161.0
118.0,43.0,147.0
111.0,42.0,135.0
106.0,39.0,127.0
99.0,37.0,127.0
93.0,36.0,123.0
91.0,34.0,123.0
89.0,33.0,121.0
86.0,32.0,128.0
84.0,31.0,144.0
82.0,30.0,142.0
81.0,29.0,139.0
80.0,29.0,135.0
78.0,28.0,129.0
77.0,27.0,123.0
75.0,26.0,119.0
74.0,25.0,115.0
72.0,25.0,110.0
70.0,25.0,106.0
67.0,23.0,98.0
65.0,23.0,96.0
62.0,23.0,92.0
59.0,22.0,89.0
56.0,22.0,86.0
53.0,22.0,82.0
50.0,21.0,79.0
47.0,20.0,76.0
45.0,21.0,72.0
43.0,20.0,72.0
40.0,20.0,68.0
39.0,20.0,64.0
35.0,20.0,62.0
35.0,20.0,61.0
33.0,20.0,65.0
32.0,20.0,73.0
30.0,20.0,77.0
29.0,20.0,74.0
27.0,20.0,70.0
26.0,20.0,67.0
25.0,20.0,64.0
24.0,19.0,61.0
23.0,19.0,58.0
23.0,19.0,56.0
22.0,19.0,55.0
21.0,18.0,56.0
21.0,19.0,56.0
21.0,19.0,62.0
20.0,18.0,64.0
19.0,19.0,61.0
19.0,19.0,57.0
18.0,18.0,55.0
18.0,18.0,52.0
17.0,19.0,49.0
16.0,19.0,46.0
16.0,19.0,44.0
16.0,18.0,42.0
16.0,19.0,40.0
16.0,18.0,39.0
16.0,18.0,38.0
16.0,19.0,36.0
15.0,19.0,35.0
15.0,19.0,34.0
14.0,19.0,34.0
14.0,18.0,32.0
14.0,18.0,31.0
14.0,18.0,31.0
14.0,18.0,30.0
14.0,18.0,30.0
14.0,19.0,29.0
15.0,18.0,29.0
14.0,18.0,28.0
14.0,18.0,28.0
14.0,18.0,27.0
14.0,18.0,29.0
14.0,18.0,30.0
13.0,18.0,29.0
14.0,18.0,29.0
14.0,18.0,28.0
14.0,19.0,27.0
14.0,19.0,26.0
15.0,19.0,27.0
14.0,19.0,26.0
14.0,19.0,27.0
14.0,19.0,27.0
15.0,19.0,27.0
14.0,19.0,27.0
15.0,19.0,29.0
15.0,18.0,29.0
15.0,18.0,28.0
15.0,18.0,28.0
15.0,18.0,28.0
15.0,18.0,29.0
15.0,18.0,28.0
15.0,18.0,28.0
15.0,18.0,28.0
15.0,18.0,28.0
15.0,18.0,29.0
15.0,18.0,29.0
15.0,18.0,29.0
16.0,18.0,30.0
16.0,18.0,30.0
15.0,18.0,30.0
16.0,19.0,31.0
15.0,18.0,30.0
15.0,18.0,30.0
15.0,19.0,31.0
16.0,18.0,32.0
16.0,18.0,32.0
15.0,19.0,31.0
17.0,19.0,30.0
16.0,18.0,32.0
16.0,18.0,31.0
16.0,18.0,31.0
17.0,18.0,32.0
17.0,18.0,32.0
17.0,18.0,31.0
17.0,18.0,31.0
17.0,19.0,32.0
18.0,18.0,34.0
17.0,19.0,34.0
17.0,19.0,33.0
18.0,18.0,33.0
18.0,18.0,33.0
18.0,18.0,32.0
18.0,18.0,33.0
18.0,19.0,32.0
18.0,18.0,32.0
18.0,18.0,33.0
18.0,18.0,33.0
18.0,18.0,34.0
17.0,19.0,34.0
18.0,19.0,33.0
19.0,18.0,34.0
18.0,18.0,34.0
18.0,19.0,33.0
18.0,18.0,33.0
19.0,18.0,33.0
19.0,17.0,33.0
19.0,19.0,33.0
20.0,18.0,34.0
21.0,17.0,35.0
19.0,19.0,35.0
20.0,18.0,34.0
22.0,18.0,35.0
22.0,18.0,35.0
22.0,19.0,35.0
22.0,18.0,34.0
22.0,19.0,35.0
22.0,18.0,35.0
22.0,19.0,34.0
22.0,18.0,35.0
22.0,18.0,35.0
22.0,19.0,35.0
23.0,19.0,35.0
23.0,18.0,36.0
22.0,19.0,36.0
22.0,18.0,35.0
22.0,19.0,35.0
