9.0,30.0,58.0
9.0,29.0,63.0
9.0,29.0,64.0
9.0,28.0,62.0
9.0,27.0,62.0
8.0,27.0,68.0
11.0,26.0,69.0
12.0,36.0,81.0
15.0,35.0,81.0
14.0,34.0,77.0
14.0,32.0,77.0
14.0,43.0,83.0
16.0,43.0,98.0
16.0,43.0,101.0
17.0,43.0,113.0
16.0,44.0,110.0
16.0,45.0,115.0
17.0,46.0,116.0
20.0,44.0,117.0
27.0,45.0,130.0
27.0,44.0,138.0
29.0,42.0,140.0
34.0,42.0,133.0
42.0,61.0,132.0
46.0,74.0,149.0
49.0,77.0,152.0
58.0,74.0,148.0
64.0,70.0,141.0
78.0,73.0,148.0
88.0,69.0,171.0
105.0,67.0,177.0
126.0,91.0,182.0
126.0,109.0,173.0
141.0,100.0,172.0
159.0,95.0,177.0
165.0,114.0,178.0
183.0,109.0,180.0
188.0,111.0,167.0
213.0,104.0,162.0
230.0,117.0,162.0
243.0,142.0,183.0
246.0,136.0,178.0
251.0,137.0,173.0
261.0,136.0,167.0
276.0,166.0,182.0
283.0,164.0,190.0
289.0,159.0,197.0
302.0,182.0,220.0
306.0,181.0,220.0
309.0,194.0,216.0
322.0,217.0,208.0
322.0,230.0,217.0
326.0,250.0,212.0
330.0,260.0,204.0
329.0,268.0,218.0
332.0,289.0,207.0
332.0,319.0,199.0
350.0,320.0,204.0
340.0,340.0,201.0
343.0,355.0,213.0
350.0,366.0,200.0
348.0,382.0,201.0
354.0,389.0,204.0
365.0,421.0,215.0
352.0,431.0,209.0
358.0,427.0,206.0
367.0,441.0,198.0
359.0,434.0,196.0
364.0,458.0,189.0
355.0,468.0,195.0
358.0,475.0,207.0
358.0,484.0,202.0
369.0,496.0,201.0
352.0,483.0,194.0
349.0,495.0,190.0
344.0,501.0,193.0
344.0,493.0,208.0
343.0,504.0,200.0
342.0,503.0,194.0
342.0,491.0,198.0
341.0,501.0,194.0
339.0,491.0,193.0
336.0,496.0,182.0
342.0,489.0,186.0
357.0,480.0,183.0
345.0,471.0,189.0
335.0,474.0,185.0
333.0,468.0,172.0
323.0,479.0,175.0
326.0,466.0,178.0
317.0,459.0,172.0
317.0,438.0,173.0
310.0,463.0,165.0
307.0,443.0,166.0
311.0,423.0,167.0
304.0,424.0,167.0
296.0,421.0,164.0
296.0,396.0,168.0
291.0,389.0,158.0
300.0,392.0,164.0
285.0,380.0,158.0
283.0,363.0,147.0
282.0,358.0,145.0
281.0,348.0,137.0
276.0,350.0,133.0
275.0,340.0,127.0
273.0,332.0,119.0
269.0,323.0,117.0
275.0,309.0,116.0
263.0,290.0,112.0
261.0,291.0,116.0
258.0,278.0,109.0
256.0,274.0,108.0
254.0,272.0,103.0
251.0,261.0,100.0
251.0,254.0,99.0
251.0,247.0,95.0
247.0,237.0,91.0
244.0,235.0,85.0
245.0,224.0,83.0
245.0,216.0,80.0
238.0,210.0,77.0
243.0,194.0,81.0
240.0,197.0,85.0
238.0,193.0,87.0
238.0,182.0,81.0
237.0,174.0,76.0
237.0,165.0,71.0
237.0,153.0,68.0
235.0,146.0,64.0
235.0,137.0,61.0
235.0,128.0,58.0
238.0,120.0,57.0
244.0,111.0,56.0
241.0,106.0,54.0
235.0,99.0,53.0
231.0,94.0,51.0
227.0,87.0,48.0
227.0,82.0,47.0
224.0,78.0,48.0
223.0,75.0,47.0
225.0,72.0,45.0
233.0,67.0,45.0
231.0,63.0,44.0
226.0,60.0,41.0
218.0,57.0,40.0
217.0,54.0,40.0
214.0,51.0,41.0
211.0,49.0,40.0
212.0,47.0,38.0
213.0,45.0,36.0
212.0,43.0,34.0
208.0,41.0,32.0
212.0,39.0,32.0
221.0,38.0,32.0
208.0,36.0,32.0
200.0,36.0,31.0
193.0,34.0,29.0
192.0,32.0,30.0
190.0,31.0,28.0
191.0,31.0,28.0
184.0,31.0,27.0
179.0,29.0,26.0
174.0,29.0,27.0
170.0,29.0,26.0
169.0,34.0,26.0
165.0,34.0,27.0
163.0,33.0,26.0
152.0,31.0,27.0
144.0,33.0,28.0
138.0,37.0,27.0
131.0,38.0,28.0
124.0,41.0,28.0
118.0,44.0,28.0
112.0,45.0,34.0
105.0,45.0,35.0
97.0,50.0,35.0
91.0,53.0,35.0
85.0,52.0,36.0
79.0,53.0,36.0
73.0,55.0,36.0
68.0,64.0,34.0
64.0,66.0,36.0
60.0,69.0,36.0
56.0,67.0,36.0
53.0,70.0,35.0
50.0,68.0,36.0
46.0,69.0,39.0
44.0,69.0,38.0
41.0,66.0,40.0
39.0,70.0,40.0
37.0,71.0,40.0
34.0,71.0,40.0
32.0,73.0,40.0
30.0,72.0,41.0
29.0,73.0,47.0
27.0,72.0,50.0
27.0,73.0,48.0
24.0,71.0,47.0
24.0,69.0,45.0
23.0,80.0,46.0
21.0,77.0,54.0
20.0,78.0,55.0
18.0,78.0,54.0
19.0,77.0,55.0
18.0,76.0,52.0
17.0,73.0,53.0
17.0,71.0,52.0
16.0,73.0,51.0
16.0,73.0,50.0
15.0,72.0,50.0
15.0,71.0,49.0
14.0,70.0,47.0
14.0,68.0,46.0
13.0,72.0,49.0
13.0,71.0,49.0
13.0,69.0,50.0
13.0,67.0,48.0
13.0,65.0,45.0
13.0,65.0,43.0
12.0,63.0,43.0
14.0,63.0,46.0
14.0,62.0,51.0
14.0,66.0,52.0
14.0,65.0,49.0
14.0,62.0,48.0
15.0,63.0,48.0
14.0,63.0,51.0
15.0,61.0,50.0
15.0,65.0,52.0
15.0,63.0,51.0
15.0,62.0,49.0
15.0,62.0,47.0
15.0,62.0,45.0
15.0,61.0,46.0
15.0,61.0,46.0
16.0,60.0,48.0
16.0,64.0,49.0
15.0,65.0,50.0
16.0,62.0,48.0
16.0,60.0,48.0
16.0,60.0,46.0
16.0,58.0,44.0
16.0,58.0,42.0
16.0,56.0,43.0
16.0,65.0,49.0
18.0,68.0,55.0
18.0,66.0,52.0
20.0,63.0,50.0
21.0,60.0,49.0
20.0,61.0,49.0
20.0,61.0,49.0
20.0,58.0,49.0
21.0,58.0,49.0
20.0,61.0,47.0
19.0,59.0,46.0
19.0,57.0,46.0
19.0,56.0,45.0
18.0,54.0,45.0
18.0,53.0,45.0
17.0,51.0,43.0
17.0,50.0,43.0
16.0,57.0,44.0
15.0,58.0,44.0
15.0,55.0,45.0
14.0,54.0,43.0
13.0,52.0,43.0
14.0,59.0,44.0
14.0,57.0,42.0
13.0,55.0,40.0
13.0,52.0,39.0
13.0,50.0,38.0
13.0,50.0,41.0
12.0,49.0,44.0
13.0,47.0,45.0
12.0,47.0,45.0
13.0,46.0,44.0
12.0,47.0,44.0
11.0,49.0,44.0
12.0,48.0,45.0
12.0,47.0,43.0
12.0,47.0,41.0
12.0,47.0,44.0
12.0,46.0,44.0
12.0,46.0,44.0
11.0,45.0,47.0
12.0,43.0,48.0
12.0,41.0,48.0
12.0,44.0,48.0
12.0,48.0,51.0
12.0,50.0,57.0
13.0,49.0,59.0
13.0,47.0,56.0
13.0,47.0,55.0
14.0,45.0,57.0
14.0,43.0,56.0
13.0,44.0,56.0
14.0,43.0,53.0
14.0,42.0,55.0
13.0,41.0,54.0
21.0,79.0,84.0
21.0,88.0,109.0
22.0,106.0,114.0
24.0,106.0,112.0
23.0,110.0,109.0
24.0,112.0,108.0
23.0,134.0,121.0
22.0,182.0,132.0
23.0,186.0,154.0
53.0,190.0,161.0
70.0,202.0,180.0
66.0,229.0,171.0
66.0,220.0,166.0
62.0,228.0,180.0
57.0,253.0,174.0
55.0,278.0,194.0
52.0,314.0,200.0
50.0,308.0,216.0
49.0,304.0,209.0
50.0,282.0,203.0
47.0,324.0,205.0
45.0,342.0,200.0
44.0,360.0,198.0
41.0,333.0,196.0
39.0,307.0,192.0
42.0,288.0,186.0
40.0,270.0,189.0
39.0,263.0,188.0
38.0,261.0,179.0
40.0,248.0,184.0
37.0,238.0,187.0
40.0,238.0,182.0
38.0,239.0,181.0
41.0,247.0,180.0
40.0,236.0,176.0
38.0,251.0,213.0
37.0,241.0,221.0
50.0,226.0,218.0
52.0,217.0,212.0
51.0,214.0,204.0
55.0,209.0,193.0
58.0,208.0,204.0
62.0,214.0,207.0
67.0,212.0,201.0
73.0,199.0,205.0
77.0,190.0,196.0
80.0,180.0,195.0
89.0,175.0,208.0
93.0,169.0,195.0
98.0,160.0,185.0
101.0,148.0,182.0
106.0,138.0,197.0
105.0,133.0,188.0
108.0,125.0,190.0
108.0,116.0,182.0
102.0,113.0,205.0
93.0,109.0,226.0
88.0,104.0,224.0
80.0,97.0,218.0
74.0,91.0,222.0
68.0,91.0,226.0
65.0,102.0,250.0
65.0,105.0,254.0
68.0,98.0,261.0
75.0,98.0,263.0
83.0,93.0,263.0
90.0,96.0,258.0
96.0,93.0,253.0
108.0,91.0,245.0
117.0,85.0,245.0
129.0,90.0,248.0
143.0,88.0,256.0
157.0,88.0,261.0
171.0,83.0,251.0
183.0,85.0,246.0
197.0,80.0,242.0
209.0,79.0,241.0
218.0,95.0,233.0
231.0,103.0,266.0
241.0,96.0,249.0
248.0,104.0,251.0
259.0,120.0,252.0
269.0,125.0,262.0
276.0,123.0,259.0
286.0,141.0,257.0
293.0,146.0,250.0
302.0,163.0,247.0
302.0,184.0,245.0
303.0,184.0,253.0
304.0,215.0,261.0
308.0,215.0,261.0
309.0,252.0,270.0
308.0,266.0,262.0
302.0,274.0,265.0
300.0,279.0,250.0
300.0,291.0,262.0
295.0,333.0,245.0
291.0,325.0,249.0
287.0,329.0,258.0
283.0,344.0,243.0
279.0,332.0,235.0
276.0,376.0,235.0
273.0,367.0,237.0
264.0,400.0,232.0
260.0,403.0,224.0
256.0,389.0,214.0
249.0,408.0,229.0
246.0,437.0,220.0
237.0,426.0,232.0
231.0,416.0,231.0
229.0,424.0,230.0
221.0,433.0,236.0
218.0,434.0,237.0
213.0,441.0,239.0
207.0,439.0,230.0
201.0,443.0,220.0
197.0,449.0,216.0
193.0,448.0,202.0
191.0,431.0,197.0
187.0,443.0,205.0
184.0,453.0,197.0
178.0,430.0,195.0
173.0,456.0,190.0
168.0,444.0,186.0
162.0,434.0,185.0
158.0,442.0,177.0
158.0,439.0,186.0
154.0,435.0,178.0
151.0,423.0,167.0
148.0,436.0,170.0
144.0,425.0,164.0
143.0,433.0,156.0
140.0,430.0,157.0
138.0,425.0,151.0
137.0,420.0,163.0
133.0,420.0,150.0
130.0,430.0,143.0
128.0,431.0,148.0
123.0,416.0,137.0
121.0,413.0,154.0
120.0,415.0,148.0
121.0,409.0,139.0
117.0,412.0,135.0
115.0,410.0,139.0
112.0,413.0,152.0
112.0,409.0,145.0
112.0,392.0,146.0
112.0,393.0,146.0
109.0,395.0,148.0
108.0,400.0,141.0
104.0,394.0,145.0
106.0,393.0,144.0
104.0,399.0,145.0
103.0,383.0,138.0
103.0,380.0,135.0
102.0,387.0,142.0
104.0,383.0,137.0
106.0,379.0,136.0
100.0,385.0,147.0
101.0,375.0,144.0
102.0,376.0,146.0
100.0,375.0,133.0
100.0,371.0,130.0
102.0,375.0,123.0
103.0,362.0,118.0
101.0,366.0,130.0
103.0,368.0,144.0
101.0,368.0,151.0
101.0,374.0,149.0
102.0,363.0,147.0
103.0,363.0,135.0
104.0,349.0,134.0
102.0,352.0,126.0
101.0,352.0,119.0
102.0,360.0,118.0
102.0,359.0,120.0
103.0,354.0,123.0
101.0,352.0,119.0
102.0,352.0,118.0
102.0,353.0,113.0
102.0,348.0,104.0
103.0,357.0,106.0
102.0,348.0,111.0
101.0,361.0,104.0
101.0,354.0,99.0
101.0,346.0,101.0
102.0,343.0,95.0
104.0,335.0,119.0
103.0,343.0,136.0
102.0,341.0,129.0
101.0,337.0,118.0
101.0,342.0,110.0
102.0,338.0,106.0
102.0,343.0,105.0
102.0,345.0,100.0
101.0,348.0,94.0
102.0,341.0,91.0
104.0,336.0,94.0
102.0,342.0,103.0
101.0,334.0,100.0
101.0,343.0,99.0
101.0,340.0,96.0
101.0,334.0,91.0
102.0,338.0,86.0
101.0,335.0,79.0
101.0,329.0,75.0
103.0,324.0,70.0
102.0,324.0,68.0
101.0,325.0,68.0
103.0,323.0,68.0
102.0,317.0,70.0
101.0,308.0,74.0
101.0,312.0,70.0
100.0,313.0,68.0
102.0,308.0,64.0
101.0,298.0,60.0
100.0,291.0,57.0
99.0,302.0,57.0
101.0,292.0,56.0
101.0,284.0,52.0
101.0,292.0,50.0
102.0,274.0,49.0
101.0,286.0,48.0
102.0,273.0,46.0
102.0,267.0,44.0
103.0,270.0,41.0
104.0,274.0,40.0
104.0,270.0,39.0
104.0,254.0,38.0
104.0,259.0,37.0
103.0,244.0,37.0
102.0,232.0,37.0
103.0,224.0,38.0
102.0,226.0,38.0
103.0,211.0,37.0
103.0,207.0,35.0
102.0,199.0,35.0
101.0,194.0,36.0
98.0,186.0,34.0
96.0,181.0,33.0
96.0,171.0,33.0
95.0,163.0,34.0
96.0,154.0,33.0
94.0,145.0,32.0
94.0,136.0,35.0
93.0,137.0,37.0
91.0,129.0,37.0
88.0,121.0,36.0
86.0,113.0,37.0
83.0,118.0,40.0
80.0,110.0,41.0
78.0,103.0,42.0
74.0,97.0,42.0
72.0,92.0,43.0
69.0,96.0,43.0
67.0,97.0,45.0
63.0,93.0,47.0
60.0,89.0,47.0
56.0,84.0,50.0
53.0,81.0,50.0
50.0,77.0,50.0
47.0,73.0,50.0
44.0,71.0,53.0
42.0,70.0,53.0
39.0,67.0,55.0
36.0,64.0,56.0
34.0,61.0,57.0
33.0,58.0,57.0
31.0,55.0,59.0
29.0,52.0,60.0
27.0,50.0,61.0
26.0,49.0,60.0
25.0,48.0,61.0
23.0,46.0,61.0
23.0,44.0,65.0
21.0,43.0,64.0
20.0,42.0,67.0
20.0,40.0,70.0
19.0,40.0,68.0
20.0,39.0,72.0
21.0,38.0,74.0
22.0,38.0,73.0
23.0,37.0,73.0
25.0,36.0,73.0
28.0,36.0,75.0
31.0,34.0,77.0
32.0,38.0,74.0
35.0,37.0,74.0
38.0,42.0,73.0
41.0,43.0,74.0
43.0,42.0,72.0
47.0,41.0,76.0
49.0,39.0,78.0
53.0,42.0,77.0
56.0,50.0,74.0
59.0,49.0,76.0
63.0,47.0,79.0
65.0,46.0,78.0
68.0,45.0,77.0
71.0,43.0,78.0
62.0,58.0,75.0
62.0,54.0,73.0
61.0,55.0,69.0
60.0,55.0,67.0
60.0,57.0,66.0
59.0,57.0,62.0
58.0,55.0,59.0
58.0,58.0,60.0
58.0,55.0,58.0
58.0,57.0,55.0
56.0,60.0,52.0
56.0,59.0,53.0
55.0,56.0,56.0
55.0,58.0,54.0
53.0,63.0,53.0
52.0,64.0,57.0
52.0,61.0,61.0
51.0,61.0,60.0
50.0,61.0,59.0
49.0,61.0,64.0
50.0,59.0,67.0
49.0,57.0,66.0
49.0,59.0,70.0
49.0,57.0,69.0
49.0,56.0,67.0
48.0,56.0,64.0
48.0,55.0,61.0
47.0,54.0,57.0
48.0,54.0,59.0
47.0,56.0,58.0
46.0,56.0,57.0
47.0,57.0,55.0
45.0,57.0,55.0
44.0,57.0,58.0
43.0,56.0,55.0
43.0,56.0,53.0
43.0,57.0,52.0
41.0,60.0,56.0
40.0,58.0,64.0
40.0,56.0,65.0
40.0,58.0,69.0
40.0,58.0,69.0
40.0,57.0,67.0
39.0,55.0,65.0
38.0,54.0,64.0
37.0,55.0,67.0
37.0,55.0,65.0
36.0,54.0,65.0
35.0,54.0,63.0
33.0,54.0,61.0
34.0,53.0,64.0
33.0,53.0,67.0
32.0,57.0,72.0
32.0,56.0,76.0
32.0,52.0,77.0
31.0,52.0,74.0
31.0,50.0,70.0
30.0,54.0,67.0
30.0,53.0,66.0
30.0,52.0,75.0
29.0,52.0,76.0
30.0,49.0,76.0
30.0,50.0,73.0
29.0,51.0,69.0
29.0,51.0,66.0
28.0,50.0,71.0
28.0,49.0,83.0
29.0,48.0,83.0
27.0,47.0,78.0
28.0,47.0,82.0
28.0,46.0,79.0
26.0,47.0,75.0
26.0,45.0,74.0
27.0,46.0,75.0
27.0,45.0,71.0
27.0,43.0,69.0
26.0,42.0,66.0
26.0,43.0,65.0
25.0,42.0,62.0
24.0,43.0,64.0
24.0,42.0,61.0
24.0,41.0,58.0
24.0,40.0,60.0
23.0,40.0,60.0
22.0,40.0,58.0
22.0,39.0,57.0
22.0,40.0,56.0
20.0,39.0,54.0
20.0,40.0,52.0
19.0,39.0,55.0
19.0,41.0,56.0
18.0,42.0,56.0
18.0,41.0,54.0
17.0,40.0,53.0
19.0,41.0,56.0
18.0,42.0,55.0
18.0,44.0,53.0
19.0,46.0,51.0
19.0,45.0,56.0
18.0,45.0,55.0
19.0,43.0,60.0
20.0,43.0,60.0
20.0,44.0,59.0
19.0,48.0,58.0
20.0,48.0,61.0
20.0,46.0,60.0
19.0,48.0,58.0
20.0,46.0,68.0
21.0,46.0,65.0
21.0,46.0,64.0
20.0,44.0,61.0
20.0,44.0,59.0
20.0,45.0,64.0
20.0,49.0,62.0
19.0,51.0,60.0
19.0,50.0,66.0
20.0,48.0,70.0
19.0,48.0,66.0
18.0,51.0,63.0
17.0,52.0,59.0
17.0,51.0,56.0
17.0,53.0,53.0
17.0,54.0,51.0
16.0,52.0,53.0
17.0,50.0,54.0
16.0,51.0,54.0
18.0,55.0,59.0
20.0,54.0,57.0
19.0,53.0,53.0
18.0,55.0,50.0
18.0,56.0,51.0
18.0,54.0,56.0
19.0,51.0,56.0
19.0,53.0,57.0
20.0,53.0,60.0
21.0,53.0,61.0
21.0,51.0,59.0
26.0,64.0,58.0
30.0,60.0,71.0
30.0,59.0,69.0
28.0,56.0,69.0
27.0,55.0,75.0
28.0,53.0,78.0
43.0,56.0,84.0
51.0,54.0,85.0
50.0,72.0,82.0
47.0,68.0,83.0
45.0,66.0,84.0
46.0,79.0,90.0
45.0,79.0,96.0
48.0,75.0,115.0
61.0,71.0,123.0
74.0,84.0,129.0
86.0,88.0,141.0
81.0,88.0,177.0
80.0,90.0,178.0
79.0,109.0,181.0
81.0,107.0,170.0
81.0,106.0,170.0
82.0,125.0,160.0
76.0,181.0,164.0
72.0,170.0,173.0
69.0,161.0,183.0
71.0,177.0,177.0
65.0,167.0,180.0
60.0,166.0,203.0
56.0,155.0,189.0
52.0,149.0,182.0
51.0,170.0,177.0
48.0,167.0,164.0
45.0,164.0,152.0
41.0,189.0,147.0
39.0,189.0,151.0
41.0,184.0,159.0
38.0,185.0,172.0
35.0,208.0,171.0
37.0,207.0,174.0
35.0,199.0,199.0
33.0,199.0,206.0
31.0,215.0,209.0
36.0,222.0,217.0
34.0,220.0,200.0
34.0,205.0,192.0
35.0,209.0,190.0
40.0,229.0,197.0
43.0,229.0,187.0
46.0,215.0,193.0
51.0,219.0,186.0
56.0,231.0,183.0
59.0,219.0,192.0
59.0,203.0,191.0
65.0,191.0,183.0
73.0,190.0,193.0
76.0,178.0,188.0
74.0,173.0,231.0
73.0,170.0,240.0
68.0,163.0,235.0
63.0,158.0,227.0
59.0,173.0,235.0
59.0,176.0,225.0
62.0,191.0,218.0
65.0,188.0,214.0
70.0,175.0,198.0
83.0,178.0,205.0
92.0,166.0,203.0
109.0,170.0,212.0
125.0,170.0,206.0
139.0,165.0,199.0
159.0,155.0,194.0
180.0,156.0,187.0
190.0,144.0,182.0
202.0,133.0,178.0
218.0,127.0,177.0
233.0,123.0,182.0
243.0,115.0,190.0
247.0,117.0,209.0
259.0,118.0,212.0
264.0,126.0,204.0
269.0,121.0,217.0
276.0,116.0,219.0
281.0,121.0,216.0
286.0,118.0,210.0
281.0,133.0,219.0
282.0,144.0,231.0
281.0,163.0,234.0
278.0,161.0,231.0
274.0,174.0,243.0
273.0,189.0,242.0
275.0,190.0,237.0
268.0,189.0,232.0
266.0,200.0,232.0
263.0,210.0,230.0
264.0,218.0,231.0
261.0,251.0,224.0
256.0,235.0,214.0
252.0,255.0,222.0
246.0,261.0,219.0
239.0,262.0,206.0
234.0,292.0,197.0
228.0,294.0,196.0
226.0,297.0,193.0
221.0,310.0,189.0
220.0,322.0,185.0
214.0,332.0,187.0
211.0,339.0,179.0
206.0,336.0,185.0
204.0,347.0,180.0
199.0,347.0,168.0
193.0,356.0,164.0
190.0,355.0,160.0
183.0,364.0,151.0
177.0,360.0,153.0
172.0,377.0,153.0
168.0,371.0,159.0
164.0,375.0,159.0
157.0,368.0,150.0
152.0,375.0,142.0
149.0,363.0,141.0
145.0,367.0,138.0
138.0,385.0,141.0
136.0,372.0,136.0
132.0,373.0,132.0
128.0,369.0,131.0
128.0,359.0,128.0
125.0,359.0,123.0
120.0,372.0,142.0
117.0,357.0,153.0
111.0,370.0,143.0
108.0,361.0,139.0
105.0,360.0,149.0
100.0,355.0,140.0
97.0,355.0,137.0
94.0,348.0,129.0
91.0,362.0,129.0
88.0,355.0,129.0
86.0,343.0,125.0
85.0,335.0,128.0
80.0,345.0,129.0
78.0,343.0,125.0
77.0,333.0,116.0
74.0,346.0,111.0
72.0,331.0,105.0
73.0,318.0,104.0
71.0,309.0,116.0
68.0,315.0,117.0
67.0,310.0,111.0
63.0,304.0,109.0
63.0,308.0,108.0
60.0,310.0,103.0
57.0,304.0,105.0
55.0,299.0,107.0
54.0,297.0,104.0
53.0,303.0,98.0
51.0,288.0,94.0
51.0,289.0,88.0
49.0,280.0,103.0
47.0,293.0,108.0
47.0,285.0,100.0
46.0,277.0,100.0
47.0,267.0,98.0
33.0,51.0,60.0
38.0,48.0,62.0
42.0,48.0,62.0
47.0,46.0,63.0
54.0,46.0,65.0
59.0,46.0,66.0
62.0,46.0,67.0
68.0,47.0,66.0
74.0,47.0,70.0
79.0,46.0,72.0
83.0,47.0,76.0
87.0,46.0,76.0
92.0,47.0,79.0
96.0,48.0,74.0
100.0,48.0,76.0
105.0,49.0,80.0
107.0,48.0,84.0
110.0,49.0,80.0
113.0,51.0,78.0
117.0,49.0,78.0
122.0,47.0,84.0
124.0,46.0,83.0
126.0,47.0,80.0
129.0,47.0,86.0
131.0,45.0,90.0
131.0,47.0,89.0
134.0,46.0,100.0
135.0,47.0,101.0
135.0,46.0,99.0
139.0,45.0,103.0
140.0,43.0,103.0
141.0,41.0,101.0
141.0,39.0,103.0
142.0,41.0,103.0
143.0,39.0,96.0
145.0,37.0,99.0
144.0,36.0,99.0
146.0,36.0,98.0
146.0,34.0,94.0
145.0,35.0,89.0
147.0,38.0,97.0
146.0,40.0,94.0
145.0,41.0,94.0
148.0,40.0,97.0
149.0,38.0,95.0
151.0,37.0,95.0
149.0,35.0,94.0
149.0,36.0,95.0
154.0,35.0,92.0
157.0,33.0,90.0
159.0,32.0,89.0
162.0,31.0,84.0
165.0,30.0,83.0
166.0,29.0,82.0
166.0,29.0,78.0
167.0,28.0,75.0
166.0,29.0,72.0
165.0,34.0,69.0
166.0,34.0,67.0
163.0,34.0,61.0
162.0,39.0,62.0
156.0,37.0,64.0
157.0,36.0,69.0
157.0,35.0,68.0
154.0,34.0,65.0
153.0,32.0,62.0
150.0,32.0,58.0
148.0,30.0,58.0
149.0,30.0,56.0
146.0,29.0,54.0
142.0,28.0,54.0
142.0,30.0,57.0
141.0,28.0,58.0
141.0,28.0,60.0
139.0,27.0,60.0
139.0,26.0,61.0
136.0,25.0,69.0
135.0,25.0,75.0
135.0,25.0,76.0
132.0,24.0,76.0
130.0,23.0,81.0
123.0,24.0,82.0
124.0,25.0,84.0
123.0,29.0,87.0
122.0,28.0,92.0
121.0,27.0,92.0
119.0,26.0,93.0
117.0,26.0,98.0
114.0,25.0,101.0
111.0,24.0,105.0
110.0,24.0,108.0
109.0,24.0,111.0
107.0,23.0,113.0
104.0,23.0,115.0
100.0,22.0,123.0
100.0,22.0,119.0
99.0,22.0,126.0
98.0,21.0,125.0
98.0,21.0,126.0
95.0,22.0,130.0
92.0,22.0,135.0
92.0,22.0,129.0
91.0,21.0,128.0
91.0,21.0,129.0
88.0,21.0,131.0
88.0,21.0,135.0
87.0,20.0,131.0
84.0,21.0,129.0
82.0,20.0,130.0
83.0,20.0,136.0
81.0,20.0,133.0
79.0,20.0,134.0
78.0,19.0,135.0
77.0,20.0,141.0
75.0,19.0,139.0
72.0,19.0,141.0
74.0,19.0,137.0
73.0,19.0,139.0
72.0,19.0,138.0
69.0,19.0,135.0
67.0,18.0,142.0
66.0,18.0,139.0
64.0,19.0,140.0
62.0,19.0,141.0
63.0,24.0,143.0
60.0,23.0,145.0
59.0,23.0,151.0
59.0,24.0,146.0
59.0,25.0,142.0
59.0,26.0,141.0
55.0,25.0,142.0
55.0,24.0,136.0
53.0,24.0,139.0
53.0,23.0,139.0
51.0,23.0,141.0
48.0,23.0,149.0
46.0,22.0,159.0
48.0,22.0,149.0
47.0,22.0,144.0
46.0,22.0,143.0
45.0,24.0,139.0
45.0,24.0,139.0
43.0,24.0,137.0
41.0,23.0,137.0
41.0,22.0,138.0
39.0,24.0,135.0
41.0,23.0,136.0
41.0,24.0,136.0
41.0,23.0,139.0
40.0,23.0,140.0
38.0,24.0,138.0
40.0,25.0,142.0
40.0,26.0,136.0
38.0,25.0,135.0
39.0,24.0,134.0
37.0,24.0,132.0
36.0,24.0,137.0
36.0,23.0,136.0
37.0,22.0,134.0
37.0,22.0,128.0
36.0,22.0,131.0
35.0,21.0,137.0
34.0,21.0,136.0
34.0,21.0,134.0
33.0,21.0,138.0
33.0,22.0,132.0
33.0,22.0,128.0
32.0,22.0,128.0
32.0,21.0,128.0
31.0,22.0,123.0
30.0,22.0,120.0
29.0,22.0,132.0
30.0,32.0,126.0
30.0,35.0,118.0
29.0,33.0,114.0
28.0,34.0,108.0
29.0,33.0,116.0
29.0,32.0,112.0
28.0,30.0,110.0
28.0,34.0,106.0
25.0,38.0,98.0
26.0,36.0,100.0
25.0,36.0,100.0
24.0,36.0,95.0
23.0,35.0,97.0
21.0,34.0,95.0
21.0,36.0,88.0
20.0,35.0,84.0
19.0,35.0,82.0
18.0,34.0,82.0
17.0,32.0,77.0
17.0,31.0,76.0
16.0,30.0,82.0
16.0,31.0,78.0
16.0,32.0,73.0
15.0,32.0,71.0
15.0,31.0,66.0
14.0,31.0,68.0
14.0,34.0,68.0
13.0,34.0,72.0
13.0,35.0,71.0
12.0,34.0,73.0
13.0,35.0,73.0
13.0,38.0,70.0
12.0,37.0,74.0
12.0,43.0,79.0
12.0,45.0,77.0
11.0,43.0,75.0
11.0,41.0,71.0
11.0,39.0,67.0
11.0,40.0,66.0
11.0,38.0,63.0
10.0,37.0,60.0
11.0,37.0,60.0
10.0,36.0,59.0
10.0,35.0,59.0
10.0,36.0,61.0
10.0,35.0,61.0
10.0,37.0,62.0
10.0,36.0,64.0
9.0,34.0,65.0
10.0,34.0,63.0
10.0,36.0,65.0
10.0,35.0,62.0
9.0,34.0,61.0
10.0,35.0,61.0
9.0,33.0,63.0
9.0,32.0,60.0
10.0,31.0,58.0
10.0,34.0,58.0
10.0,32.0,59.0
10.0,31.0,56.0
10.0,31.0,56.0
9.0,32.0,55.0
9.0,34.0,57.0
10.0,34.0,56.0
10.0,33.0,55.0
11.0,32.0,53.0
11.0,34.0,52.0
10.0,34.0,50.0
12.0,32.0,51.0
12.0,32.0,51.0
13.0,32.0,50.0
13.0,31.0,49.0
13.0,31.0,47.0
14.0,31.0,48.0
15.0,30.0,51.0
15.0,31.0,49.0
15.0,30.0,48.0
17.0,29.0,46.0
17.0,29.0,45.0
18.0,28.0,44.0
20.0,32.0,47.0
22.0,33.0,50.0
22.0,31.0,50.0
24.0,31.0,49.0
27.0,29.0,48.0
29.0,29.0,47.0
29.0,30.0,45.0
29.0,29.0,42.0
31.0,28.0,43.0
29.0,29.0,43.0
29.0,29.0,42.0
29.0,29.0,41.0
29.0,28.0,45.0
30.0,27.0,46.0
29.0,27.0,46.0
30.0,26.0,48.0
31.0,25.0,47.0
31.0,25.0,47.0
30.0,25.0,49.0
30.0,24.0,48.0
30.0,24.0,46.0
31.0,23.0,45.0
31.0,24.0,44.0
33.0,24.0,43.0
34.0,23.0,43.0
34.0,23.0,42.0
35.0,23.0,43.0
37.0,23.0,47.0
37.0,22.0,50.0
36.0,22.0,49.0
37.0,22.0,51.0
37.0,21.0,55.0
37.0,21.0,55.0
36.0,22.0,55.0
36.0,21.0,58.0
35.0,20.0,56.0
32.0,21.0,54.0
34.0,20.0,51.0
34.0,21.0,49.0
34.0,20.0,47.0
34.0,20.0,55.0
34.0,20.0,54.0
35.0,20.0,53.0
34.0,18.0,56.0
34.0,24.0,65.0
33.0,24.0,63.0
34.0,23.0,63.0
34.0,23.0,64.0
71.0,184.0,193.0
72.0,178.0,189.0
73.0,173.0,206.0
84.0,172.0,211.0
94.0,161.0,205.0
97.0,149.0,203.0
94.0,139.0,189.0
97.0,137.0,180.0
94.0,131.0,191.0
91.0,123.0,198.0
84.0,118.0,190.0
78.0,126.0,203.0
72.0,120.0,204.0
67.0,120.0,200.0
66.0,114.0,203.0
62.0,115.0,197.0
64.0,113.0,201.0
70.0,114.0,207.0
77.0,106.0,205.0
84.0,107.0,217.0
89.0,110.0,222.0
102.0,118.0,243.0
108.0,126.0,257.0
124.0,117.0,269.0
137.0,108.0,265.0
140.0,112.0,262.0
149.0,111.0,248.0
162.0,114.0,264.0
168.0,112.0,248.0
179.0,137.0,247.0
180.0,133.0,252.0
183.0,168.0,236.0
192.0,160.0,251.0
195.0,162.0,244.0
201.0,176.0,239.0
207.0,204.0,234.0
208.0,201.0,247.0
214.0,211.0,233.0
210.0,235.0,229.0
209.0,257.0,228.0
213.0,254.0,231.0
213.0,273.0,226.0
210.0,281.0,218.0
207.0,287.0,217.0
208.0,322.0,206.0
201.0,317.0,237.0
200.0,334.0,222.0
199.0,355.0,212.0
203.0,351.0,214.0
192.0,377.0,221.0
188.0,384.0,204.0
191.0,376.0,199.0
190.0,377.0,217.0
193.0,387.0,203.0
192.0,396.0,200.0
178.0,395.0,208.0
168.0,416.0,204.0
163.0,411.0,203.0
162.0,410.0,195.0
161.0,407.0,193.0
154.0,413.0,197.0
151.0,405.0,196.0
154.0,406.0,198.0
148.0,405.0,196.0
145.0,413.0,197.0
138.0,412.0,189.0
136.0,404.0,193.0
128.0,393.0,189.0
126.0,387.0,183.0
122.0,389.0,189.0
116.0,386.0,189.0
117.0,383.0,184.0
113.0,376.0,179.0
106.0,371.0,167.0
100.0,367.0,161.0
94.0,354.0,169.0
94.0,346.0,164.0
89.0,347.0,156.0
82.0,332.0,152.0
80.0,341.0,147.0
78.0,329.0,142.0
80.0,333.0,136.0
74.0,327.0,146.0
71.0,312.0,145.0
67.0,301.0,147.0
62.0,290.0,155.0
58.0,301.0,149.0
58.0,285.0,153.0
60.0,287.0,154.0
55.0,297.0,155.0
53.0,275.0,158.0
56.0,277.0,151.0
57.0,269.0,152.0
53.0,264.0,154.0
49.0,276.0,155.0
45.0,264.0,155.0
43.0,262.0,157.0
42.0,252.0,173.0
39.0,255.0,171.0
37.0,250.0,161.0
36.0,240.0,151.0
35.0,241.0,143.0
36.0,230.0,137.0
33.0,225.0,135.0
30.0,222.0,129.0
29.0,216.0,129.0
27.0,225.0,128.0
26.0,217.0,118.0
24.0,207.0,115.0
24.0,200.0,116.0
24.0,207.0,130.0
23.0,193.0,122.0
22.0,189.0,120.0
20.0,183.0,113.0
20.0,181.0,107.0
19.0,174.0,103.0
18.0,173.0,100.0
18.0,181.0,103.0
18.0,171.0,100.0
16.0,161.0,94.0
16.0,160.0,90.0
16.0,153.0,88.0
15.0,147.0,84.0
15.0,141.0,83.0
14.0,144.0,78.0
14.0,139.0,79.0
14.0,143.0,78.0
13.0,134.0,75.0
14.0,127.0,72.0
13.0,122.0,69.0
13.0,117.0,65.0
13.0,118.0,64.0
12.0,116.0,61.0
13.0,111.0,60.0
13.0,109.0,59.0
13.0,114.0,62.0
13.0,113.0,61.0
14.0,111.0,58.0
13.0,106.0,56.0
16.0,100.0,54.0
16.0,96.0,52.0
15.0,90.0,49.0
14.0,86.0,48.0
16.0,84.0,46.0
21.0,79.0,46.0
20.0,78.0,44.0
19.0,82.0,43.0
19.0,81.0,42.0
18.0,77.0,40.0
17.0,72.0,38.0
17.0,69.0,37.0
17.0,66.0,41.0
16.0,62.0,44.0
15.0,68.0,44.0
15.0,71.0,42.0
15.0,71.0,41.0
14.0,69.0,41.0
14.0,65.0,40.0
15.0,67.0,39.0
15.0,69.0,39.0
15.0,65.0,37.0
15.0,62.0,35.0
15.0,62.0,35.0
14.0,61.0,35.0
13.0,63.0,33.0
13.0,63.0,31.0
14.0,74.0,31.0
13.0,72.0,30.0
13.0,75.0,28.0
12.0,75.0,28.0
12.0,83.0,28.0
12.0,81.0,27.0
11.0,85.0,26.0
12.0,97.0,26.0
12.0,109.0,26.0
12.0,109.0,27.0
13.0,118.0,30.0
13.0,118.0,31.0
13.0,119.0,32.0
12.0,124.0,32.0
13.0,128.0,35.0
14.0,132.0,39.0
14.0,139.0,38.0
15.0,143.0,40.0
17.0,147.0,43.0
17.0,154.0,43.0
21.0,156.0,46.0
23.0,166.0,48.0
26.0,179.0,48.0
30.0,173.0,51.0
32.0,175.0,53.0
36.0,180.0,55.0
39.0,183.0,56.0
43.0,186.0,58.0
47.0,186.0,58.0
50.0,194.0,60.0
54.0,196.0,68.0
58.0,195.0,68.0
62.0,197.0,69.0
67.0,200.0,68.0
71.0,203.0,70.0
76.0,210.0,70.0
79.0,213.0,69.0
83.0,221.0,74.0
88.0,222.0,74.0
91.0,220.0,74.0
95.0,220.0,75.0
99.0,224.0,77.0
102.0,224.0,80.0
105.0,220.0,81.0
108.0,221.0,80.0
113.0,224.0,82.0
115.0,231.0,82.0
118.0,228.0,84.0
122.0,229.0,82.0
123.0,231.0,85.0
125.0,223.0,87.0
128.0,225.0,86.0
129.0,226.0,87.0
131.0,227.0,87.0
132.0,227.0,85.0
132.0,230.0,88.0
133.0,229.0,88.0
134.0,226.0,87.0
134.0,229.0,87.0
134.0,232.0,84.0
135.0,226.0,97.0
135.0,225.0,96.0
136.0,218.0,95.0
136.0,220.0,94.0
136.0,225.0,91.0
135.0,220.0,93.0
137.0,218.0,103.0
138.0,216.0,106.0
137.0,209.0,107.0
137.0,209.0,101.0
138.0,208.0,104.0
139.0,203.0,105.0
140.0,203.0,106.0
143.0,198.0,105.0
145.0,199.0,102.0
148.0,199.0,100.0
150.0,195.0,95.0
151.0,193.0,102.0
153.0,191.0,101.0
153.0,189.0,100.0
153.0,185.0,98.0
151.0,181.0,95.0
150.0,178.0,96.0
148.0,181.0,104.0
147.0,172.0,103.0
146.0,171.0,105.0
144.0,167.0,102.0
142.0,169.0,97.0
141.0,171.0,96.0
139.0,164.0,93.0
136.0,163.0,87.0
135.0,158.0,97.0
133.0,157.0,91.0
130.0,158.0,90.0
128.0,156.0,88.0
127.0,153.0,84.0
125.0,154.0,81.0
123.0,152.0,79.0
122.0,153.0,78.0
120.0,151.0,78.0
118.0,149.0,76.0
117.0,148.0,73.0
116.0,148.0,70.0
114.0,146.0,69.0
114.0,145.0,74.0
112.0,144.0,70.0
111.0,146.0,69.0
111.0,142.0,68.0
109.0,140.0,70.0
107.0,139.0,74.0
106.0,138.0,69.0
106.0,136.0,70.0
103.0,139.0,67.0
102.0,137.0,68.0
101.0,134.0,66.0
99.0,131.0,71.0
98.0,133.0,70.0
97.0,129.0,70.0
97.0,131.0,69.0
94.0,131.0,70.0
93.0,130.0,71.0
94.0,130.0,75.0
93.0,129.0,74.0
91.0,129.0,70.0
91.0,126.0,68.0
90.0,125.0,66.0
88.0,123.0,64.0
88.0,119.0,63.0
87.0,117.0,60.0
85.0,123.0,65.0
84.0,126.0,77.0
84.0,122.0,81.0
84.0,115.0,81.0
83.0,113.0,78.0
15.0,36.0,104.0
17.0,37.0,107.0
15.0,36.0,108.0
23.0,35.0,106.0
29.0,34.0,108.0
31.0,57.0,105.0
31.0,59.0,113.0
28.0,60.0,122.0
29.0,64.0,125.0
27.0,61.0,127.0
31.0,57.0,135.0
35.0,69.0,131.0
38.0,93.0,130.0
38.0,108.0,128.0
45.0,147.0,131.0
55.0,164.0,134.0
54.0,216.0,141.0
75.0,225.0,170.0
95.0,243.0,178.0
99.0,226.0,195.0
107.0,237.0,205.0
153.0,245.0,193.0
149.0,236.0,194.0
145.0,226.0,206.0
141.0,224.0,192.0
130.0,208.0,187.0
117.0,224.0,177.0
106.0,228.0,164.0
96.0,225.0,173.0
88.0,216.0,180.0
81.0,206.0,193.0
75.0,195.0,193.0
69.0,186.0,181.0
64.0,183.0,178.0
59.0,184.0,188.0
57.0,185.0,195.0
58.0,173.0,190.0
56.0,195.0,196.0
52.0,182.0,214.0
61.0,175.0,212.0
63.0,162.0,211.0
63.0,152.0,201.0
65.0,155.0,199.0
66.0,171.0,198.0
67.0,167.0,194.0
71.0,164.0,193.0
67.0,180.0,182.0
65.0,173.0,183.0
72.0,161.0,200.0
77.0,150.0,201.0
81.0,151.0,193.0
79.0,151.0,200.0
79.0,147.0,198.0
77.0,139.0,192.0
73.0,132.0,187.0
71.0,123.0,177.0
65.0,120.0,176.0
69.0,122.0,190.0
68.0,127.0,194.0
62.0,125.0,188.0
57.0,137.0,197.0
55.0,130.0,203.0
56.0,123.0,205.0
58.0,128.0,205.0
61.0,135.0,213.0
68.0,133.0,215.0
78.0,131.0,207.0
84.0,125.0,213.0
96.0,127.0,209.0
104.0,125.0,209.0
116.0,130.0,208.0
132.0,133.0,208.0
144.0,125.0,221.0
160.0,122.0,233.0
170.0,118.0,234.0
188.0,122.0,225.0
203.0,124.0,235.0
214.0,124.0,220.0
227.0,144.0,226.0
239.0,150.0,213.0
251.0,157.0,221.0
259.0,201.0,206.0
267.0,218.0,210.0
280.0,219.0,202.0
288.0,263.0,232.0
286.0,278.0,239.0
289.0,309.0,222.0
293.0,340.0,214.0
293.0,349.0,218.0
292.0,372.0,229.0
291.0,400.0,238.0
292.0,420.0,229.0
290.0,437.0,257.0
287.0,455.0,238.0
282.0,481.0,224.0
278.0,493.0,237.0
275.0,513.0,232.0
271.0,528.0,244.0
267.0,542.0,248.0
260.0,549.0,242.0
254.0,572.0,229.0
249.0,568.0,228.0
246.0,584.0,222.0
237.0,598.0,210.0
233.0,613.0,211.0
228.0,611.0,211.0
223.0,617.0,207.0
218.0,593.0,213.0
212.0,634.0,224.0
206.0,639.0,221.0
200.0,640.0,214.0
194.0,634.0,211.0
190.0,627.0,205.0
187.0,618.0,199.0
179.0,633.0,199.0
175.0,646.0,204.0
171.0,625.0,215.0
162.0,627.0,210.0
158.0,620.0,204.0
149.0,640.0,190.0
145.0,617.0,187.0
144.0,597.0,206.0
137.0,605.0,217.0
134.0,594.0,211.0
127.0,604.0,203.0
126.0,603.0,197.0
122.0,582.0,187.0
119.0,572.0,195.0
115.0,568.0,188.0
111.0,569.0,177.0
107.0,559.0,170.0
105.0,546.0,166.0
101.0,557.0,162.0
97.0,544.0,154.0
95.0,529.0,149.0
92.0,537.0,148.0
90.0,520.0,145.0
89.0,512.0,156.0
86.0,518.0,157.0
81.0,528.0,152.0
79.0,509.0,149.0
77.0,493.0,148.0
73.0,493.0,141.0
73.0,490.0,137.0
71.0,488.0,132.0
70.0,478.0,127.0
67.0,476.0,128.0
66.0,482.0,148.0
65.0,465.0,140.0
63.0,455.0,146.0
63.0,448.0,142.0
63.0,450.0,144.0
61.0,448.0,134.0
58.0,439.0,130.0
59.0,443.0,136.0
57.0,430.0,132.0
57.0,422.0,125.0
57.0,416.0,121.0
57.0,403.0,116.0
57.0,405.0,121.0
58.0,398.0,125.0
56.0,396.0,120.0
55.0,378.0,117.0
58.0,375.0,123.0
56.0,380.0,120.0
58.0,376.0,132.0
57.0,367.0,130.0
56.0,361.0,124.0
56.0,353.0,121.0
57.0,356.0,118.0
58.0,341.0,124.0
58.0,333.0,136.0
59.0,321.0,133.0
59.0,323.0,125.0
63.0,312.0,124.0
62.0,319.0,118.0
61.0,306.0,117.0
59.0,309.0,112.0
59.0,294.0,108.0
60.0,287.0,105.0
60.0,286.0,103.0
59.0,284.0,100.0
61.0,266.0,102.0
62.0,269.0,102.0
61.0,262.0,105.0
64.0,253.0,104.0
64.0,240.0,97.0
65.0,225.0,94.0
67.0,230.0,91.0
68.0,215.0,86.0
68.0,208.0,91.0
68.0,216.0,90.0
70.0,203.0,92.0
70.0,199.0,88.0
71.0,189.0,85.0
71.0,184.0,89.0
72.0,173.0,91.0
72.0,177.0,85.0
72.0,170.0,85.0
74.0,171.0,85.0
74.0,166.0,89.0
74.0,156.0,93.0
74.0,171.0,97.0
74.0,167.0,98.0
72.0,171.0,98.0
72.0,161.0,95.0
73.0,158.0,89.0
72.0,149.0,93.0
70.0,139.0,90.0
70.0,146.0,85.0
71.0,166.0,85.0
70.0,154.0,82.0
69.0,146.0,82.0
68.0,144.0,76.0
69.0,133.0,71.0
70.0,126.0,74.0
69.0,117.0,72.0
69.0,111.0,70.0
68.0,110.0,70.0
67.0,105.0,68.0
67.0,98.0,74.0
67.0,97.0,85.0
66.0,97.0,87.0
65.0,100.0,82.0
65.0,101.0,81.0
64.0,105.0,84.0
63.0,99.0,79.0
64.0,107.0,75.0
64.0,101.0,70.0
63.0,95.0,68.0
63.0,90.0,64.0
64.0,90.0,61.0
64.0,89.0,57.0
63.0,84.0,55.0
63.0,79.0,54.0
63.0,81.0,52.0
63.0,86.0,50.0
61.0,81.0,49.0
61.0,77.0,50.0
60.0,82.0,48.0
59.0,80.0,47.0
57.0,79.0,46.0
56.0,78.0,46.0
54.0,79.0,45.0
53.0,87.0,45.0
50.0,84.0,43.0
47.0,86.0,45.0
45.0,92.0,45.0
42.0,105.0,44.0
40.0,100.0,52.0
37.0,115.0,49.0
36.0,118.0,50.0
33.0,120.0,50.0
30.0,119.0,51.0
31.0,136.0,50.0
27.0,130.0,50.0
27.0,134.0,49.0
26.0,139.0,50.0
23.0,141.0,50.0
23.0,139.0,54.0
22.0,148.0,52.0
20.0,157.0,51.0
19.0,164.0,50.0
18.0,165.0,51.0
18.0,160.0,52.0
17.0,166.0,51.0
17.0,167.0,51.0
16.0,169.0,49.0
15.0,170.0,50.0
15.0,172.0,51.0
14.0,173.0,51.0
14.0,176.0,51.0
13.0,178.0,52.0
13.0,179.0,52.0
13.0,184.0,52.0
12.0,185.0,52.0
12.0,189.0,52.0
12.0,191.0,53.0
11.0,192.0,52.0
16.0,191.0,53.0
16.0,198.0,53.0
16.0,197.0,53.0
16.0,196.0,55.0
15.0,195.0,55.0
14.0,196.0,56.0
14.0,197.0,55.0
13.0,195.0,57.0
14.0,200.0,57.0
13.0,202.0,56.0
14.0,205.0,57.0
15.0,208.0,57.0
17.0,206.0,59.0
19.0,208.0,60.0
20.0,208.0,61.0
23.0,209.0,63.0
24.0,208.0,63.0
27.0,211.0,64.0
29.0,207.0,66.0
32.0,204.0,69.0
35.0,203.0,71.0
80.0,185.0,99.0
81.0,178.0,103.0
82.0,185.0,98.0
82.0,182.0,98.0
82.0,184.0,100.0
82.0,184.0,95.0
82.0,183.0,102.0
82.0,179.0,101.0
83.0,180.0,97.0
85.0,178.0,105.0
84.0,179.0,98.0
85.0,178.0,103.0
85.0,178.0,106.0
85.0,176.0,104.0
85.0,172.0,103.0
86.0,175.0,104.0
85.0,174.0,99.0
85.0,175.0,96.0
86.0,166.0,104.0
86.0,171.0,100.0
85.0,173.0,97.0
86.0,170.0,96.0
85.0,169.0,95.0
84.0,169.0,91.0
84.0,171.0,88.0
85.0,169.0,84.0
85.0,166.0,90.0
84.0,166.0,87.0
85.0,163.0,89.0
85.0,163.0,83.0
84.0,164.0,86.0
85.0,162.0,84.0
85.0,158.0,82.0
85.0,157.0,82.0
84.0,155.0,81.0
84.0,156.0,77.0
83.0,148.0,73.0
81.0,152.0,70.0
81.0,156.0,68.0
81.0,148.0,71.0
81.0,150.0,68.0
80.0,151.0,64.0
80.0,150.0,66.0
80.0,148.0,70.0
79.0,148.0,68.0
79.0,148.0,65.0
79.0,146.0,64.0
78.0,146.0,64.0
76.0,145.0,75.0
77.0,143.0,84.0
78.0,141.0,83.0
76.0,139.0,84.0
76.0,139.0,80.0
76.0,137.0,76.0
74.0,137.0,72.0
73.0,138.0,69.0
72.0,137.0,66.0
72.0,135.0,64.0
72.0,134.0,64.0
71.0,133.0,60.0
70.0,133.0,58.0
70.0,129.0,57.0
69.0,128.0,58.0
69.0,128.0,56.0
67.0,128.0,58.0
66.0,125.0,65.0
66.0,121.0,65.0
66.0,121.0,65.0
64.0,120.0,62.0
62.0,120.0,63.0
62.0,119.0,61.0
61.0,117.0,73.0
60.0,113.0,86.0
60.0,112.0,87.0
60.0,109.0,84.0
59.0,109.0,81.0
58.0,111.0,77.0
56.0,105.0,76.0
57.0,101.0,78.0
55.0,102.0,77.0
54.0,102.0,77.0
53.0,98.0,77.0
52.0,96.0,82.0
50.0,96.0,92.0
51.0,92.0,92.0
51.0,88.0,87.0
49.0,90.0,87.0
49.0,89.0,85.0
48.0,88.0,81.0
48.0,88.0,79.0
48.0,84.0,76.0
46.0,85.0,74.0
46.0,84.0,70.0
46.0,83.0,67.0
44.0,83.0,67.0
43.0,80.0,65.0
44.0,78.0,63.0
43.0,78.0,59.0
43.0,78.0,62.0
42.0,77.0,60.0
42.0,75.0,57.0
42.0,73.0,58.0
41.0,72.0,58.0
41.0,67.0,59.0
41.0,66.0,60.0
40.0,70.0,57.0
39.0,68.0,57.0
38.0,67.0,58.0
38.0,64.0,59.0
38.0,63.0,59.0
36.0,63.0,64.0
36.0,60.0,62.0
36.0,59.0,59.0
35.0,61.0,57.0
34.0,59.0,62.0
35.0,57.0,65.0
34.0,55.0,66.0
33.0,56.0,63.0
31.0,55.0,60.0
32.0,53.0,63.0
31.0,50.0,62.0
30.0,48.0,58.0
31.0,49.0,63.0
31.0,50.0,63.0
30.0,50.0,62.0
29.0,50.0,60.0
29.0,50.0,59.0
28.0,51.0,58.0
28.0,50.0,58.0
27.0,49.0,55.0
26.0,48.0,54.0
26.0,48.0,55.0
25.0,49.0,51.0
25.0,48.0,54.0
25.0,45.0,59.0
24.0,47.0,57.0
24.0,46.0,56.0
24.0,47.0,56.0
23.0,47.0,56.0
24.0,44.0,58.0
24.0,42.0,58.0
24.0,41.0,57.0
24.0,40.0,57.0
24.0,40.0,56.0
24.0,40.0,58.0
24.0,40.0,58.0
25.0,39.0,57.0
26.0,37.0,57.0
25.0,36.0,55.0
25.0,37.0,56.0
25.0,36.0,56.0
24.0,35.0,61.0
23.0,37.0,61.0
23.0,36.0,61.0
24.0,36.0,64.0
23.0,34.0,65.0
23.0,34.0,64.0
23.0,34.0,62.0
23.0,32.0,61.0
21.0,32.0,59.0
21.0,31.0,59.0
21.0,32.0,57.0
21.0,31.0,54.0
21.0,31.0,55.0
20.0,30.0,55.0
20.0,31.0,54.0
20.0,29.0,52.0
19.0,28.0,50.0
19.0,29.0,48.0
19.0,28.0,49.0
18.0,27.0,48.0
17.0,27.0,49.0
16.0,27.0,49.0
17.0,26.0,53.0
17.0,25.0,57.0
16.0,26.0,55.0
16.0,26.0,55.0
16.0,26.0,55.0
15.0,25.0,55.0
15.0,25.0,55.0
15.0,25.0,55.0
15.0,27.0,52.0
15.0,26.0,53.0
14.0,28.0,52.0
14.0,27.0,53.0
14.0,27.0,52.0
14.0,26.0,50.0
14.0,27.0,50.0
14.0,25.0,50.0
14.0,25.0,49.0
13.0,25.0,49.0
13.0,24.0,50.0
13.0,24.0,50.0
14.0,23.0,49.0
13.0,24.0,48.0
13.0,23.0,56.0
13.0,24.0,58.0
13.0,23.0,61.0
12.0,24.0,61.0
12.0,23.0,58.0
11.0,22.0,58.0
11.0,23.0,59.0
11.0,22.0,58.0
11.0,22.0,63.0
11.0,23.0,62.0
11.0,24.0,64.0
10.0,23.0,66.0
11.0,23.0,70.0
10.0,23.0,79.0
10.0,23.0,81.0
10.0,22.0,80.0
10.0,22.0,83.0
10.0,22.0,87.0
10.0,21.0,89.0
10.0,21.0,84.0
10.0,21.0,85.0
10.0,20.0,92.0
10.0,21.0,90.0
10.0,21.0,86.0
10.0,21.0,83.0
9.0,21.0,85.0
9.0,20.0,81.0
10.0,20.0,81.0
9.0,20.0,82.0
9.0,21.0,79.0
10.0,21.0,78.0
9.0,20.0,76.0
9.0,20.0,76.0
9.0,20.0,77.0
9.0,20.0,80.0
9.0,20.0,79.0
9.0,19.0,74.0
9.0,21.0,77.0
9.0,20.0,75.0
10.0,20.0,79.0
8.0,21.0,77.0
9.0,21.0,76.0
9.0,21.0,78.0
9.0,22.0,78.0
9.0,23.0,75.0
9.0,25.0,75.0
10.0,28.0,79.0
10.0,29.0,80.0
10.0,29.0,77.0
10.0,30.0,86.0
10.0,32.0,89.0
10.0,33.0,85.0
10.0,32.0,84.0
9.0,31.0,87.0
11.0,33.0,87.0
10.0,43.0,89.0
10.0,43.0,88.0
9.0,47.0,88.0
10.0,59.0,89.0
10.0,86.0,94.0
11.0,102.0,103.0
15.0,101.0,100.0
14.0,97.0,124.0
14.0,95.0,125.0
15.0,100.0,125.0
15.0,112.0,125.0
14.0,122.0,142.0
14.0,117.0,147.0
16.0,110.0,146.0
25.0,119.0,147.0
30.0,125.0,141.0
44.0,133.0,141.0
46.0,157.0,155.0
46.0,158.0,190.0
45.0,156.0,205.0
42.0,168.0,198.0
39.0,205.0,202.0
37.0,232.0,218.0
43.0,244.0,212.0
42.0,229.0,209.0
45.0,217.0,201.0
42.0,201.0,194.0
39.0,191.0,180.0
37.0,195.0,198.0
35.0,217.0,185.0
39.0,210.0,188.0
37.0,201.0,187.0
35.0,189.0,177.0
36.0,175.0,167.0
34.0,166.0,175.0
32.0,163.0,183.0
30.0,161.0,176.0
28.0,163.0,171.0
29.0,172.0,164.0
28.0,173.0,164.0
26.0,179.0,161.0
25.0,184.0,169.0
24.0,197.0,177.0
24.0,191.0,183.0
26.0,179.0,176.0
25.0,168.0,173.0
28.0,161.0,164.0
29.0,163.0,162.0
30.0,169.0,165.0
32.0,176.0,165.0
96.0,115.0,284.0
114.0,113.0,284.0
132.0,108.0,300.0
148.0,100.0,300.0
161.0,96.0,317.0
179.0,94.0,301.0
193.0,89.0,301.0
209.0,88.0,309.0
220.0,83.0,294.0
233.0,88.0,289.0
246.0,99.0,276.0
258.0,107.0,286.0
267.0,118.0,268.0
278.0,148.0,271.0
286.0,178.0,262.0
294.0,200.0,268.0
301.0,236.0,261.0
307.0,245.0,272.0
313.0,277.0,259.0
313.0,326.0,243.0
316.0,343.0,256.0
314.0,374.0,246.0
313.0,416.0,251.0
310.0,445.0,247.0
310.0,456.0,248.0
304.0,484.0,230.0
302.0,495.0,236.0
305.0,517.0,229.0
296.0,540.0,217.0
295.0,573.0,229.0
299.0,563.0,225.0
296.0,589.0,212.0
290.0,604.0,202.0
277.0,602.0,209.0
266.0,637.0,199.0
256.0,645.0,191.0
250.0,653.0,190.0
244.0,650.0,198.0
241.0,653.0,190.0
229.0,648.0,190.0
222.0,667.0,179.0
227.0,665.0,186.0
214.0,678.0,189.0
208.0,678.0,189.0
200.0,692.0,180.0
193.0,686.0,182.0
187.0,687.0,173.0
182.0,676.0,175.0
176.0,680.0,170.0
170.0,686.0,173.0
165.0,684.0,172.0
158.0,672.0,171.0
153.0,676.0,171.0
148.0,652.0,177.0
145.0,662.0,165.0
145.0,655.0,164.0
137.0,656.0,151.0
130.0,636.0,150.0
128.0,641.0,150.0
125.0,622.0,151.0
120.0,632.0,144.0
118.0,618.0,143.0
115.0,610.0,141.0
112.0,609.0,134.0
107.0,602.0,136.0
106.0,583.0,146.0
103.0,582.0,140.0
100.0,587.0,134.0
96.0,581.0,134.0
95.0,564.0,144.0
93.0,560.0,133.0
90.0,560.0,128.0
87.0,552.0,129.0
85.0,552.0,129.0
85.0,538.0,132.0
83.0,522.0,146.0
82.0,529.0,152.0
78.0,532.0,145.0
77.0,525.0,138.0
74.0,519.0,136.0
74.0,507.0,131.0
73.0,496.0,135.0
71.0,484.0,129.0
71.0,498.0,121.0
70.0,484.0,114.0
68.0,481.0,110.0
70.0,467.0,115.0
68.0,457.0,112.0
67.0,469.0,111.0
65.0,454.0,107.0
65.0,451.0,104.0
63.0,449.0,107.0
63.0,435.0,106.0
63.0,436.0,108.0
62.0,430.0,119.0
59.0,424.0,110.0
60.0,416.0,110.0
60.0,407.0,120.0
57.0,417.0,115.0
58.0,406.0,110.0
58.0,395.0,106.0
56.0,397.0,101.0
56.0,393.0,106.0
57.0,384.0,109.0
56.0,381.0,105.0
57.0,376.0,103.0
55.0,376.0,99.0
55.0,371.0,102.0
56.0,362.0,100.0
57.0,358.0,97.0
56.0,355.0,96.0
57.0,346.0,93.0
57.0,339.0,88.0
56.0,339.0,91.0
56.0,344.0,94.0
55.0,338.0,97.0
55.0,337.0,93.0
54.0,334.0,87.0
53.0,317.0,89.0
55.0,320.0,95.0
53.0,320.0,91.0
53.0,317.0,98.0
52.0,315.0,99.0
52.0,306.0,92.0
52.0,301.0,90.0
51.0,309.0,86.0
51.0,298.0,89.0
50.0,296.0,87.0
50.0,294.0,86.0
49.0,294.0,81.0
49.0,287.0,83.0
48.0,279.0,78.0
49.0,291.0,74.0
49.0,280.0,85.0
49.0,274.0,83.0
48.0,266.0,80.0
48.0,264.0,79.0
48.0,255.0,88.0
47.0,264.0,88.0
48.0,257.0,87.0
47.0,262.0,82.0
47.0,261.0,79.0
46.0,249.0,81.0
47.0,244.0,79.0
47.0,243.0,77.0
46.0,238.0,75.0
47.0,238.0,85.0
46.0,234.0,90.0
46.0,234.0,84.0
46.0,238.0,84.0
46.0,234.0,83.0
47.0,221.0,83.0
46.0,222.0,81.0
46.0,213.0,78.0
46.0,216.0,76.0
45.0,218.0,73.0
46.0,209.0,73.0
46.0,215.0,73.0
48.0,206.0,72.0
48.0,204.0,73.0
47.0,205.0,74.0
48.0,196.0,74.0
47.0,194.0,70.0
46.0,192.0,66.0
48.0,184.0,69.0
49.0,182.0,72.0
49.0,183.0,72.0
49.0,175.0,70.0
48.0,176.0,65.0
50.0,168.0,65.0
49.0,168.0,62.0
50.0,164.0,67.0
50.0,159.0,66.0
52.0,150.0,62.0
54.0,146.0,59.0
53.0,144.0,59.0
54.0,148.0,58.0
52.0,146.0,57.0
53.0,155.0,54.0
54.0,145.0,56.0
56.0,140.0,53.0
58.0,135.0,53.0
57.0,134.0,53.0
58.0,126.0,51.0
59.0,131.0,48.0
59.0,123.0,45.0
59.0,119.0,45.0
58.0,114.0,45.0
58.0,111.0,43.0
60.0,109.0,43.0
59.0,107.0,43.0
58.0,107.0,42.0
58.0,100.0,41.0
57.0,94.0,41.0
56.0,89.0,40.0
56.0,84.0,38.0
56.0,81.0,37.0
55.0,77.0,35.0
54.0,73.0,34.0
53.0,70.0,33.0
51.0,66.0,31.0
49.0,63.0,30.0
49.0,60.0,29.0
47.0,57.0,29.0
50.0,58.0,28.0
49.0,59.0,27.0
46.0,61.0,27.0
43.0,59.0,26.0
40.0,60.0,28.0
38.0,66.0,31.0
35.0,63.0,30.0
33.0,63.0,33.0
31.0,69.0,33.0
29.0,80.0,34.0
28.0,78.0,34.0
27.0,86.0,35.0
25.0,93.0,35.0
24.0,100.0,37.0
22.0,105.0,36.0
22.0,105.0,39.0
21.0,107.0,41.0
19.0,117.0,41.0
19.0,122.0,42.0
18.0,132.0,41.0
20.0,145.0,43.0
20.0,148.0,46.0
22.0,154.0,47.0
24.0,164.0,46.0
26.0,174.0,49.0
30.0,178.0,52.0
31.0,188.0,52.0
34.0,197.0,52.0
38.0,203.0,54.0
41.0,211.0,53.0
45.0,216.0,54.0
45.0,215.0,57.0
45.0,224.0,56.0
52.0,228.0,56.0
56.0,230.0,56.0
61.0,230.0,57.0
64.0,238.0,59.0
65.0,255.0,58.0
69.0,253.0,61.0
71.0,249.0,63.0
73.0,255.0,64.0
74.0,257.0,63.0
76.0,247.0,62.0
78.0,252.0,63.0
79.0,248.0,70.0
81.0,249.0,70.0
83.0,247.0,70.0
83.0,244.0,67.0
84.0,248.0,68.0
87.0,251.0,68.0
89.0,246.0,71.0
90.0,245.0,73.0
90.0,248.0,76.0
92.0,244.0,77.0
91.0,240.0,73.0
91.0,242.0,69.0
92.0,235.0,77.0
93.0,238.0,79.0
93.0,236.0,85.0
92.0,234.0,87.0
93.0,230.0,82.0
92.0,228.0,84.0
91.0,231.0,80.0
91.0,226.0,80.0
91.0,225.0,81.0
89.0,226.0,78.0
89.0,224.0,78.0
89.0,219.0,81.0
89.0,215.0,87.0
88.0,217.0,83.0
89.0,215.0,90.0
89.0,214.0,91.0
88.0,213.0,90.0
88.0,212.0,91.0
89.0,208.0,92.0
88.0,209.0,88.0
89.0,208.0,86.0
89.0,206.0,84.0
90.0,206.0,83.0
88.0,206.0,77.0
89.0,206.0,80.0
90.0,206.0,84.0
89.0,204.0,81.0
88.0,200.0,78.0
91.0,199.0,84.0
91.0,203.0,83.0
92.0,204.0,83.0
93.0,201.0,87.0
93.0,202.0,86.0
94.0,200.0,87.0
95.0,195.0,85.0
97.0,195.0,85.0
97.0,194.0,82.0
97.0,198.0,78.0
98.0,194.0,78.0
98.0,193.0,76.0
16.0,108.0,91.0
15.0,120.0,100.0
16.0,111.0,96.0
17.0,105.0,92.0
17.0,125.0,89.0
17.0,133.0,91.0
17.0,135.0,92.0
16.0,149.0,87.0
16.0,144.0,91.0
14.0,144.0,92.0
15.0,146.0,93.0
14.0,172.0,93.0
14.0,172.0,89.0
15.0,162.0,85.0
13.0,162.0,81.0
14.0,151.0,78.0
13.0,142.0,77.0
13.0,132.0,75.0
13.0,124.0,73.0
12.0,123.0,75.0
12.0,117.0,94.0
12.0,129.0,126.0
13.0,123.0,147.0
14.0,122.0,138.0
14.0,132.0,139.0
16.0,134.0,136.0
18.0,159.0,140.0
22.0,161.0,143.0
25.0,164.0,143.0
28.0,176.0,137.0
32.0,178.0,135.0
32.0,170.0,139.0
34.0,174.0,161.0
40.0,168.0,177.0
41.0,209.0,199.0
46.0,212.0,197.0
49.0,206.0,203.0
53.0,209.0,205.0
55.0,199.0,203.0
55.0,216.0,198.0
56.0,222.0,190.0
52.0,238.0,185.0
48.0,234.0,206.0
48.0,216.0,216.0
45.0,225.0,215.0
42.0,214.0,237.0
38.0,203.0,259.0
41.0,204.0,256.0
43.0,216.0,270.0
49.0,211.0,256.0
62.0,200.0,264.0
80.0,235.0,262.0
90.0,230.0,260.0
101.0,214.0,266.0
123.0,207.0,265.0
145.0,205.0,264.0
169.0,190.0,273.0
190.0,182.0,284.0
209.0,172.0,266.0
237.0,159.0,277.0
265.0,149.0,282.0
278.0,143.0,282.0
299.0,136.0,278.0
319.0,144.0,263.0
327.0,142.0,258.0
342.0,147.0,257.0
352.0,166.0,246.0
362.0,173.0,241.0
369.0,203.0,226.0
375.0,217.0,221.0
382.0,230.0,210.0
386.0,250.0,221.0
384.0,273.0,221.0
383.0,290.0,213.0
380.0,312.0,208.0
376.0,328.0,208.0
372.0,348.0,206.0
369.0,354.0,216.0
363.0,374.0,211.0
354.0,398.0,205.0
348.0,405.0,200.0
341.0,413.0,198.0
332.0,437.0,191.0
325.0,444.0,180.0
318.0,458.0,188.0
310.0,466.0,177.0
304.0,481.0,177.0
297.0,480.0,194.0
288.0,483.0,195.0
280.0,498.0,194.0
274.0,502.0,185.0
264.0,508.0,182.0
258.0,512.0,171.0
248.0,525.0,183.0
239.0,530.0,174.0
232.0,532.0,181.0
226.0,534.0,181.0
220.0,532.0,178.0
212.0,541.0,170.0
206.0,540.0,164.0
199.0,539.0,169.0
192.0,546.0,175.0
185.0,547.0,176.0
177.0,541.0,176.0
171.0,544.0,168.0
165.0,544.0,156.0
158.0,541.0,152.0
152.0,540.0,142.0
148.0,535.0,141.0
144.0,533.0,147.0
140.0,529.0,151.0
134.0,536.0,152.0
129.0,531.0,141.0
126.0,527.0,135.0
121.0,527.0,131.0
118.0,527.0,128.0
114.0,511.0,127.0
111.0,512.0,126.0
108.0,504.0,125.0
106.0,511.0,117.0
101.0,495.0,120.0
100.0,491.0,123.0
98.0,485.0,120.0
95.0,475.0,116.0
92.0,468.0,111.0
88.0,474.0,102.0
85.0,458.0,102.0
85.0,457.0,104.0
83.0,455.0,107.0
78.0,455.0,117.0
76.0,441.0,119.0
75.0,428.0,132.0
72.0,425.0,130.0
69.0,428.0,125.0
66.0,419.0,119.0
67.0,405.0,119.0
62.0,412.0,114.0
61.0,412.0,115.0
58.0,397.0,119.0
55.0,393.0,112.0
55.0,388.0,117.0
54.0,381.0,127.0
50.0,372.0,121.0
50.0,375.0,114.0
50.0,368.0,123.0
48.0,369.0,122.0
45.0,356.0,117.0
46.0,354.0,113.0
43.0,348.0,115.0
41.0,343.0,116.0
41.0,346.0,114.0
38.0,329.0,108.0
38.0,334.0,103.0
36.0,333.0,107.0
35.0,326.0,102.0
35.0,321.0,98.0
34.0,321.0,105.0
34.0,317.0,102.0
33.0,317.0,97.0
31.0,309.0,99.0
31.0,295.0,94.0
31.0,295.0,92.0
29.0,298.0,86.0
29.0,293.0,82.0
29.0,286.0,97.0
28.0,289.0,104.0
27.0,288.0,108.0
27.0,282.0,105.0
27.0,275.0,99.0
26.0,271.0,101.0
27.0,261.0,98.0
26.0,266.0,104.0
25.0,261.0,109.0
25.0,259.0,108.0
27.0,249.0,111.0
25.0,243.0,106.0
26.0,244.0,102.0
26.0,241.0,110.0
25.0,237.0,104.0
26.0,245.0,99.0
27.0,236.0,95.0
26.0,231.0,89.0
26.0,227.0,85.0
25.0,220.0,80.0
27.0,213.0,77.0
26.0,213.0,76.0
25.0,211.0,71.0
25.0,205.0,69.0
24.0,203.0,69.0
23.0,208.0,75.0
23.0,198.0,80.0
22.0,202.0,78.0
22.0,197.0,73.0
22.0,197.0,68.0
22.0,187.0,66.0
21.0,180.0,63.0
20.0,177.0,59.0
20.0,169.0,57.0
19.0,162.0,62.0
21.0,156.0,61.0
23.0,147.0,59.0
21.0,157.0,57.0
23.0,156.0,55.0
22.0,155.0,52.0
21.0,160.0,52.0
23.0,149.0,53.0
22.0,148.0,51.0
21.0,138.0,50.0
24.0,139.0,47.0
25.0,133.0,44.0
25.0,124.0,46.0
26.0,123.0,44.0
27.0,124.0,44.0
25.0,142.0,46.0
25.0,143.0,45.0
24.0,160.0,46.0
28.0,193.0,47.0
27.0,191.0,47.0
27.0,188.0,46.0
26.0,180.0,45.0
29.0,180.0,44.0
33.0,167.0,43.0
31.0,160.0,44.0
29.0,174.0,41.0
28.0,174.0,42.0
27.0,163.0,44.0
25.0,173.0,42.0
24.0,167.0,45.0
23.0,157.0,44.0
22.0,149.0,45.0
21.0,160.0,46.0
20.0,150.0,48.0
20.0,145.0,52.0
19.0,143.0,54.0
17.0,146.0,55.0
17.0,149.0,56.0
16.0,179.0,56.0
15.0,168.0,61.0
15.0,172.0,62.0
14.0,174.0,64.0
15.0,190.0,65.0
16.0,188.0,68.0
19.0,190.0,71.0
20.0,189.0,72.0
23.0,191.0,72.0
29.0,195.0,75.0
34.0,199.0,76.0
36.0,206.0,78.0
39.0,208.0,81.0
40.0,214.0,82.0
48.0,222.0,85.0
53.0,224.0,87.0
59.0,231.0,87.0
63.0,242.0,88.0
67.0,242.0,89.0
72.0,244.0,91.0
75.0,247.0,88.0
78.0,246.0,91.0
81.0,247.0,93.0
83.0,246.0,95.0
85.0,248.0,96.0
86.0,250.0,94.0
89.0,249.0,99.0
90.0,250.0,95.0
90.0,251.0,90.0
92.0,253.0,97.0
92.0,246.0,96.0
93.0,246.0,97.0
91.0,242.0,100.0
93.0,242.0,98.0
93.0,242.0,101.0
93.0,239.0,100.0
94.0,237.0,100.0
95.0,236.0,97.0
95.0,236.0,98.0
95.0,235.0,93.0
96.0,236.0,96.0
95.0,234.0,98.0
95.0,232.0,98.0
95.0,229.0,96.0
95.0,228.0,98.0
94.0,227.0,94.0
94.0,220.0,96.0
95.0,219.0,96.0
94.0,222.0,101.0
93.0,214.0,99.0
93.0,213.0,100.0
93.0,206.0,101.0
92.0,202.0,102.0
92.0,200.0,102.0
91.0,198.0,101.0
89.0,197.0,100.0
89.0,193.0,100.0
88.0,191.0,97.0
86.0,188.0,96.0
85.0,187.0,95.0
84.0,188.0,90.0
83.0,183.0,96.0
82.0,187.0,97.0
82.0,183.0,99.0
18.0,77.0,104.0
24.0,91.0,128.0
25.0,98.0,128.0
56.0,98.0,126.0
62.0,152.0,120.0
58.0,212.0,116.0
53.0,222.0,111.0
48.0,208.0,103.0
46.0,213.0,109.0
42.0,225.0,115.0
42.0,240.0,128.0
41.0,273.0,151.0
43.0,268.0,149.0
43.0,316.0,153.0
39.0,303.0,146.0
37.0,295.0,168.0
35.0,278.0,171.0
35.0,267.0,166.0
38.0,255.0,155.0
45.0,247.0,149.0
42.0,259.0,144.0
38.0,253.0,146.0
36.0,243.0,160.0
35.0,248.0,181.0
59.0,244.0,187.0
59.0,252.0,181.0
55.0,246.0,187.0
51.0,239.0,189.0
50.0,232.0,184.0
47.0,243.0,188.0
43.0,256.0,202.0
40.0,242.0,193.0
37.0,233.0,204.0
35.0,239.0,222.0
32.0,234.0,205.0
31.0,260.0,196.0
30.0,280.0,190.0
28.0,259.0,206.0
26.0,249.0,243.0
24.0,248.0,241.0
23.0,235.0,241.0
22.0,229.0,233.0
20.0,240.0,234.0
20.0,249.0,229.0
21.0,241.0,228.0
22.0,231.0,213.0
21.0,241.0,201.0
27.0,232.0,208.0
33.0,221.0,209.0
38.0,208.0,196.0
43.0,194.0,187.0
49.0,196.0,194.0
58.0,194.0,194.0
62.0,212.0,187.0
70.0,222.0,192.0
75.0,212.0,201.0
76.0,198.0,195.0
70.0,191.0,189.0
65.0,181.0,182.0
60.0,168.0,191.0
55.0,156.0,195.0
55.0,146.0,187.0
59.0,136.0,179.0
65.0,126.0,182.0
74.0,117.0,186.0
84.0,109.0,187.0
95.0,102.0,185.0
111.0,97.0,191.0
127.0,91.0,201.0
143.0,88.0,191.0
160.0,83.0,189.0
174.0,79.0,199.0
189.0,98.0,204.0
203.0,99.0,218.0
208.0,109.0,215.0
224.0,129.0,216.0
230.0,140.0,216.0
234.0,161.0,209.0
235.0,193.0,197.0
233.0,226.0,200.0
233.0,233.0,214.0
227.0,250.0,209.0
220.0,285.0,207.0
211.0,311.0,218.0
199.0,354.0,217.0
190.0,367.0,238.0
174.0,399.0,235.0
160.0,420.0,225.0
148.0,448.0,220.0
137.0,459.0,215.0
126.0,484.0,222.0
115.0,517.0,217.0
104.0,521.0,228.0
101.0,533.0,215.0
93.0,558.0,203.0
87.0,575.0,198.0
81.0,590.0,193.0
74.0,596.0,187.0
67.0,611.0,184.0
63.0,637.0,181.0
58.0,642.0,185.0
54.0,645.0,176.0
52.0,656.0,164.0
49.0,666.0,161.0
47.0,672.0,167.0
43.0,680.0,163.0
40.0,676.0,157.0
37.0,682.0,153.0
35.0,682.0,161.0
32.0,685.0,159.0
31.0,692.0,155.0
29.0,684.0,150.0
31.0,690.0,147.0
29.0,686.0,147.0
28.0,676.0,139.0
27.0,680.0,132.0
28.0,675.0,127.0
29.0,672.0,133.0
28.0,677.0,125.0
26.0,667.0,128.0
26.0,660.0,130.0
25.0,659.0,132.0
23.0,646.0,128.0
23.0,640.0,123.0
22.0,632.0,131.0
20.0,637.0,127.0
19.0,616.0,129.0
22.0,615.0,127.0
21.0,615.0,125.0
19.0,600.0,132.0
20.0,603.0,125.0
19.0,596.0,117.0
21.0,579.0,113.0
20.0,570.0,113.0
20.0,563.0,113.0
19.0,558.0,114.0
18.0,554.0,112.0
17.0,540.0,117.0
16.0,540.0,119.0
16.0,536.0,112.0
16.0,523.0,106.0
15.0,522.0,102.0
14.0,504.0,96.0
13.0,488.0,110.0
14.0,489.0,119.0
15.0,489.0,111.0
14.0,468.0,103.0
14.0,467.0,97.0
13.0,459.0,92.0
13.0,451.0,89.0
13.0,442.0,92.0
12.0,434.0,94.0
12.0,425.0,93.0
12.0,425.0,92.0
12.0,420.0,92.0
12.0,405.0,88.0
11.0,400.0,86.0
11.0,395.0,81.0
11.0,388.0,78.0
11.0,384.0,77.0
11.0,373.0,80.0
10.0,368.0,86.0
10.0,360.0,89.0
10.0,356.0,84.0
10.0,353.0,84.0
10.0,345.0,81.0
10.0,334.0,76.0
10.0,338.0,73.0
10.0,326.0,73.0
10.0,329.0,70.0
10.0,318.0,70.0
14.0,312.0,68.0
13.0,299.0,66.0
13.0,295.0,69.0
13.0,293.0,68.0
12.0,294.0,71.0
12.0,288.0,70.0
12.0,284.0,69.0
12.0,284.0,73.0
11.0,273.0,70.0
11.0,268.0,67.0
11.0,265.0,64.0
12.0,264.0,63.0
11.0,254.0,62.0
11.0,245.0,68.0
11.0,251.0,76.0
11.0,242.0,75.0
11.0,243.0,73.0
11.0,236.0,79.0
10.0,229.0,86.0
10.0,225.0,84.0
12.0,217.0,82.0
11.0,215.0,80.0
12.0,216.0,82.0
12.0,220.0,79.0
11.0,219.0,76.0
12.0,205.0,73.0
11.0,202.0,74.0
11.0,200.0,71.0
11.0,192.0,66.0
11.0,187.0,64.0
11.0,179.0,62.0
11.0,172.0,60.0
11.0,164.0,63.0
11.0,163.0,61.0
10.0,162.0,59.0
11.0,155.0,60.0
10.0,145.0,56.0
11.0,141.0,54.0
10.0,141.0,51.0
11.0,134.0,48.0
16.0,125.0,50.0
14.0,119.0,48.0
14.0,120.0,47.0
13.0,112.0,48.0
13.0,106.0,45.0
14.0,101.0,44.0
13.0,95.0,46.0
12.0,90.0,46.0
13.0,85.0,47.0
13.0,84.0,45.0
12.0,80.0,44.0
12.0,76.0,41.0
12.0,72.0,39.0
12.0,70.0,39.0
11.0,67.0,40.0
11.0,66.0,39.0
11.0,62.0,38.0
11.0,60.0,38.0
10.0,57.0,37.0
10.0,55.0,36.0
10.0,52.0,34.0
10.0,50.0,34.0
11.0,47.0,33.0
10.0,54.0,32.0
10.0,53.0,32.0
11.0,50.0,31.0
10.0,48.0,30.0
12.0,47.0,30.0
17.0,46.0,30.0
18.0,44.0,29.0
18.0,44.0,29.0
17.0,43.0,28.0
16.0,45.0,27.0
16.0,48.0,26.0
15.0,49.0,25.0
15.0,50.0,26.0
15.0,55.0,26.0
14.0,59.0,25.0
14.0,64.0,25.0
14.0,65.0,26.0
13.0,71.0,26.0
13.0,77.0,26.0
13.0,84.0,28.0
13.0,89.0,29.0
12.0,99.0,29.0
12.0,100.0,29.0
12.0,109.0,31.0
11.0,118.0,32.0
11.0,134.0,34.0
11.0,134.0,39.0
11.0,141.0,42.0
11.0,148.0,46.0
11.0,159.0,47.0
11.0,170.0,49.0
13.0,173.0,53.0
13.0,176.0,55.0
12.0,185.0,56.0
11.0,196.0,56.0
11.0,208.0,58.0
11.0,215.0,58.0
12.0,218.0,60.0
13.0,224.0,66.0
11.0,229.0,67.0
12.0,234.0,68.0
10.0,238.0,70.0
11.0,242.0,71.0
11.0,247.0,72.0
11.0,250.0,73.0
11.0,252.0,77.0
10.0,256.0,74.0
11.0,255.0,79.0
10.0,257.0,82.0
10.0,264.0,83.0
10.0,257.0,88.0
10.0,259.0,90.0
10.0,261.0,97.0
10.0,249.0,98.0
10.0,259.0,106.0
9.0,259.0,106.0
10.0,262.0,101.0
10.0,264.0,103.0
9.0,260.0,111.0
10.0,262.0,107.0
9.0,262.0,107.0
10.0,258.0,110.0
9.0,260.0,116.0
9.0,259.0,131.0
9.0,256.0,127.0
9.0,255.0,128.0
9.0,172.0,96.0
9.0,172.0,99.0
9.0,170.0,103.0
9.0,166.0,116.0
9.0,163.0,108.0
8.0,156.0,101.0
8.0,156.0,100.0
9.0,159.0,102.0
8.0,159.0,107.0
9.0,151.0,108.0
9.0,149.0,100.0
9.0,144.0,96.0
9.0,142.0,94.0
9.0,141.0,89.0
9.0,137.0,88.0
9.0,133.0,84.0
9.0,131.0,84.0
9.0,129.0,80.0
9.0,125.0,78.0
9.0,127.0,74.0
9.0,127.0,71.0
9.0,127.0,74.0
9.0,122.0,74.0
10.0,122.0,74.0
9.0,121.0,69.0
9.0,119.0,64.0
8.0,117.0,63.0
9.0,113.0,60.0
8.0,111.0,58.0
9.0,107.0,54.0
9.0,107.0,54.0
9.0,108.0,55.0
9.0,105.0,56.0
9.0,100.0,57.0
9.0,98.0,57.0
9.0,98.0,54.0
9.0,98.0,52.0
9.0,98.0,49.0
9.0,96.0,46.0
9.0,94.0,45.0
9.0,93.0,45.0
9.0,92.0,43.0
9.0,92.0,42.0
9.0,94.0,49.0
9.0,93.0,54.0
9.0,88.0,60.0
9.0,87.0,71.0
9.0,84.0,77.0
9.0,80.0,73.0
9.0,79.0,69.0
8.0,77.0,67.0
8.0,75.0,63.0
9.0,74.0,61.0
9.0,75.0,72.0
9.0,72.0,73.0
9.0,70.0,75.0
9.0,68.0,73.0
8.0,71.0,68.0
9.0,67.0,65.0
9.0,65.0,61.0
9.0,62.0,58.0
9.0,60.0,55.0
8.0,59.0,57.0
9.0,57.0,59.0
9.0,55.0,57.0
9.0,54.0,55.0
9.0,54.0,55.0
8.0,52.0,57.0
9.0,51.0,60.0
8.0,50.0,58.0
9.0,49.0,57.0
9.0,49.0,55.0
9.0,47.0,52.0
9.0,46.0,50.0
9.0,45.0,48.0
9.0,43.0,48.0
9.0,41.0,47.0
9.0,40.0,46.0
8.0,39.0,45.0
9.0,39.0,43.0
9.0,38.0,41.0
9.0,36.0,44.0
9.0,37.0,53.0
8.0,35.0,55.0
9.0,36.0,62.0
9.0,35.0,60.0
8.0,34.0,59.0
9.0,34.0,57.0
10.0,33.0,57.0
9.0,32.0,55.0
9.0,31.0,52.0
9.0,30.0,51.0
8.0,30.0,48.0
9.0,29.0,47.0
9.0,29.0,45.0
9.0,27.0,43.0
9.0,27.0,41.0
9.0,27.0,39.0
9.0,26.0,38.0
9.0,26.0,37.0
8.0,27.0,39.0
9.0,27.0,40.0
9.0,26.0,40.0
9.0,26.0,39.0
9.0,26.0,38.0
9.0,25.0,39.0
8.0,25.0,40.0
9.0,24.0,41.0
9.0,24.0,41.0
9.0,26.0,44.0
9.0,25.0,49.0
8.0,26.0,48.0
9.0,25.0,47.0
9.0,26.0,47.0
9.0,26.0,50.0
9.0,26.0,51.0
9.0,25.0,53.0
9.0,25.0,50.0
9.0,25.0,51.0
8.0,24.0,50.0
9.0,24.0,48.0
9.0,23.0,47.0
8.0,23.0,46.0
9.0,23.0,49.0
9.0,22.0,50.0
9.0,22.0,50.0
8.0,22.0,48.0
8.0,22.0,52.0
9.0,22.0,52.0
9.0,22.0,50.0
9.0,22.0,47.0
9.0,22.0,47.0
9.0,21.0,48.0
8.0,22.0,49.0
9.0,21.0,53.0
10.0,21.0,54.0
9.0,21.0,50.0
9.0,20.0,49.0
9.0,23.0,48.0
8.0,25.0,48.0
9.0,23.0,47.0
10.0,23.0,47.0
9.0,23.0,46.0
9.0,22.0,45.0
9.0,23.0,45.0
8.0,22.0,46.0
8.0,22.0,46.0
9.0,22.0,46.0
9.0,21.0,46.0
8.0,21.0,45.0
9.0,21.0,47.0
9.0,21.0,48.0
9.0,22.0,48.0
9.0,21.0,47.0
9.0,21.0,49.0
9.0,21.0,52.0
9.0,21.0,50.0
9.0,20.0,55.0
9.0,20.0,56.0
9.0,20.0,56.0
8.0,21.0,72.0
9.0,21.0,76.0
9.0,21.0,73.0
9.0,21.0,74.0
8.0,21.0,73.0
9.0,21.0,70.0
9.0,20.0,77.0
8.0,21.0,76.0
9.0,20.0,79.0
10.0,20.0,90.0
9.0,20.0,90.0
9.0,20.0,90.0
9.0,21.0,96.0
8.0,21.0,98.0
9.0,20.0,104.0
8.0,20.0,114.0
9.0,20.0,108.0
8.0,20.0,108.0
9.0,20.0,104.0
8.0,19.0,102.0
8.0,20.0,100.0
9.0,19.0,97.0
9.0,25.0,96.0
9.0,25.0,91.0
9.0,24.0,91.0
9.0,23.0,88.0
8.0,24.0,84.0
9.0,23.0,84.0
9.0,23.0,82.0
9.0,30.0,79.0
9.0,35.0,82.0
9.0,39.0,82.0
9.0,39.0,80.0
12.0,39.0,91.0
13.0,38.0,95.0
13.0,37.0,95.0
13.0,37.0,91.0
13.0,36.0,88.0
13.0,35.0,87.0
13.0,35.0,90.0
12.0,42.0,86.0
12.0,43.0,83.0
12.0,41.0,82.0
11.0,43.0,88.0
11.0,42.0,85.0
11.0,40.0,80.0
10.0,44.0,77.0
11.0,53.0,77.0
10.0,59.0,76.0
10.0,96.0,90.0
11.0,95.0,94.0
11.0,110.0,91.0
11.0,105.0,88.0
11.0,100.0,88.0
15.0,133.0,95.0
15.0,132.0,101.0
15.0,134.0,100.0
14.0,139.0,103.0
14.0,145.0,95.0
14.0,152.0,92.0
13.0,161.0,97.0
13.0,181.0,101.0
13.0,171.0,105.0
14.0,159.0,99.0
17.0,161.0,103.0
18.0,160.0,104.0
17.0,169.0,105.0
16.0,190.0,100.0
16.0,180.0,105.0
16.0,179.0,118.0
15.0,184.0,123.0
15.0,179.0,123.0
25.0,181.0,116.0
31.0,176.0,117.0
30.0,184.0,119.0
29.0,176.0,116.0
28.0,175.0,108.0
25.0,172.0,110.0
23.0,161.0,116.0
23.0,160.0,112.0
21.0,167.0,112.0
20.0,164.0,118.0
19.0,168.0,119.0
18.0,207.0,120.0
17.0,214.0,120.0
17.0,204.0,118.0
16.0,205.0,115.0
15.0,195.0,111.0
15.0,197.0,108.0
15.0,187.0,134.0
15.0,190.0,154.0
13.0,189.0,149.0
13.0,178.0,138.0
12.0,176.0,133.0
13.0,171.0,131.0
13.0,164.0,144.0
17.0,155.0,148.0
20.0,156.0,146.0
22.0,166.0,153.0
27.0,176.0,158.0
32.0,165.0,151.0
35.0,153.0,155.0
39.0,146.0,162.0
44.0,140.0,156.0
51.0,130.0,151.0
57.0,122.0,146.0
64.0,116.0,155.0
70.0,115.0,153.0
77.0,108.0,161.0
81.0,106.0,159.0
84.0,99.0,182.0
89.0,94.0,180.0
90.0,89.0,179.0
89.0,84.0,177.0
86.0,81.0,208.0
82.0,86.0,234.0
82.0,110.0,284.0
77.0,225.0,280.0
75.0,249.0,366.0
71.0,310.0,403.0
66.0,392.0,381.0
61.0,428.0,370.0
57.0,393.0,357.0
52.0,363.0,340.0
48.0,335.0,335.0
46.0,308.0,345.0
44.0,286.0,328.0
44.0,273.0,343.0
42.0,260.0,327.0
41.0,240.0,314.0
44.0,226.0,305.0
45.0,209.0,309.0
45.0,198.0,287.0
46.0,190.0,313.0
47.0,177.0,300.0
47.0,165.0,285.0
45.0,155.0,270.0
45.0,157.0,265.0
43.0,144.0,273.0
39.0,136.0,261.0
9.0,204.0,79.0
10.0,214.0,78.0
9.0,219.0,85.0
10.0,224.0,88.0
9.0,231.0,89.0
9.0,239.0,87.0
9.0,246.0,90.0
10.0,249.0,93.0
9.0,255.0,94.0
8.0,260.0,94.0
9.0,263.0,93.0
9.0,267.0,95.0
9.0,271.0,96.0
10.0,275.0,95.0
9.0,278.0,95.0
9.0,280.0,96.0
9.0,285.0,98.0
10.0,285.0,96.0
10.0,286.0,101.0
10.0,281.0,103.0
9.0,280.0,102.0
11.0,277.0,106.0
12.0,275.0,108.0
12.0,276.0,109.0
11.0,275.0,106.0
11.0,272.0,102.0
10.0,272.0,103.0
11.0,267.0,108.0
11.0,266.0,115.0
11.0,265.0,121.0
11.0,262.0,124.0
11.0,258.0,128.0
10.0,257.0,130.0
10.0,251.0,129.0
10.0,246.0,128.0
10.0,240.0,140.0
11.0,237.0,140.0
10.0,235.0,143.0
10.0,231.0,142.0
9.0,226.0,141.0
10.0,221.0,149.0
10.0,216.0,149.0
10.0,210.0,151.0
9.0,207.0,154.0
9.0,202.0,148.0
9.0,198.0,141.0
13.0,193.0,153.0
14.0,192.0,154.0
16.0,186.0,153.0
15.0,182.0,143.0
15.0,174.0,144.0
15.0,171.0,137.0
13.0,169.0,142.0
13.0,163.0,137.0
13.0,156.0,137.0
13.0,154.0,133.0
13.0,150.0,127.0
12.0,145.0,118.0
12.0,147.0,114.0
11.0,140.0,119.0
11.0,137.0,118.0
11.0,134.0,114.0
11.0,130.0,110.0
11.0,128.0,107.0
10.0,128.0,103.0
10.0,127.0,97.0
10.0,124.0,92.0
10.0,123.0,97.0
10.0,124.0,95.0
10.0,121.0,91.0
10.0,119.0,86.0
10.0,119.0,87.0
10.0,115.0,85.0
10.0,118.0,83.0
9.0,113.0,81.0
9.0,111.0,77.0
9.0,108.0,74.0
10.0,106.0,74.0
9.0,104.0,70.0
9.0,102.0,68.0
9.0,101.0,69.0
10.0,95.0,80.0
8.0,95.0,84.0
9.0,92.0,81.0
8.0,93.0,78.0
9.0,90.0,81.0
9.0,91.0,83.0
9.0,87.0,86.0
9.0,84.0,82.0
9.0,81.0,79.0
9.0,76.0,76.0
9.0,77.0,73.0
9.0,79.0,69.0
9.0,86.0,67.0
9.0,82.0,67.0
9.0,78.0,71.0
9.0,77.0,73.0
8.0,75.0,71.0
9.0,71.0,68.0
9.0,68.0,66.0
9.0,65.0,67.0
9.0,62.0,66.0
9.0,59.0,63.0
8.0,58.0,62.0
9.0,56.0,59.0
9.0,55.0,59.0
9.0,55.0,58.0
9.0,52.0,57.0
9.0,50.0,57.0
9.0,48.0,58.0
9.0,46.0,58.0
9.0,45.0,57.0
9.0,43.0,54.0
9.0,41.0,52.0
9.0,42.0,50.0
9.0,42.0,53.0
9.0,41.0,57.0
9.0,39.0,60.0
9.0,38.0,64.0
8.0,37.0,60.0
9.0,35.0,58.0
9.0,34.0,56.0
9.0,33.0,54.0
9.0,33.0,53.0
9.0,32.0,51.0
8.0,36.0,53.0
8.0,35.0,56.0
9.0,33.0,53.0
9.0,32.0,51.0
9.0,31.0,49.0
8.0,32.0,51.0
9.0,33.0,58.0
9.0,33.0,58.0
9.0,31.0,57.0
8.0,30.0,54.0
9.0,30.0,52.0
9.0,29.0,50.0
9.0,32.0,47.0
9.0,30.0,45.0
9.0,30.0,44.0
9.0,29.0,42.0
9.0,29.0,41.0
10.0,28.0,41.0
9.0,28.0,39.0
9.0,27.0,38.0
9.0,26.0,39.0
9.0,26.0,38.0
9.0,25.0,36.0
9.0,25.0,37.0
9.0,24.0,37.0
9.0,24.0,38.0
8.0,24.0,38.0
9.0,23.0,38.0
9.0,23.0,36.0
9.0,23.0,35.0
9.0,22.0,34.0
9.0,22.0,34.0
9.0,21.0,32.0
8.0,22.0,30.0
9.0,21.0,32.0
9.0,21.0,33.0
9.0,21.0,33.0
9.0,21.0,39.0
8.0,21.0,41.0
9.0,19.0,42.0
9.0,21.0,40.0
9.0,20.0,38.0
9.0,21.0,37.0
9.0,22.0,36.0
8.0,23.0,37.0
9.0,22.0,42.0
9.0,21.0,45.0
9.0,22.0,43.0
8.0,21.0,41.0
8.0,21.0,40.0
9.0,21.0,39.0
9.0,21.0,38.0
9.0,20.0,37.0
9.0,21.0,36.0
9.0,20.0,39.0
9.0,21.0,45.0
9.0,20.0,52.0
9.0,20.0,50.0
9.0,20.0,48.0
9.0,20.0,49.0
8.0,19.0,49.0
9.0,19.0,49.0
9.0,20.0,48.0
8.0,19.0,46.0
10.0,19.0,45.0
9.0,19.0,43.0
8.0,19.0,41.0
9.0,19.0,40.0
9.0,19.0,38.0
9.0,18.0,37.0
9.0,19.0,36.0
9.0,19.0,34.0
9.0,19.0,34.0
9.0,19.0,37.0
9.0,18.0,38.0
9.0,19.0,39.0
8.0,19.0,41.0
9.0,18.0,40.0
9.0,18.0,39.0
9.0,18.0,36.0
9.0,18.0,36.0
9.0,18.0,37.0
8.0,18.0,39.0
9.0,18.0,38.0
8.0,19.0,37.0
9.0,18.0,36.0
9.0,19.0,35.0
8.0,19.0,37.0
8.0,18.0,39.0
9.0,18.0,37.0
9.0,18.0,38.0
8.0,18.0,38.0
9.0,18.0,38.0
9.0,17.0,36.0
9.0,19.0,36.0
8.0,18.0,36.0
9.0,18.0,34.0
9.0,18.0,33.0
9.0,19.0,33.0
9.0,18.0,33.0
9.0,18.0,40.0
9.0,18.0,46.0
8.0,19.0,46.0
9.0,18.0,45.0
8.0,18.0,43.0
8.0,18.0,41.0
9.0,18.0,39.0
9.0,18.0,38.0
9.0,17.0,40.0
8.0,19.0,40.0
9.0,18.0,40.0
9.0,18.0,39.0
8.0,18.0,39.0
9.0,18.0,38.0
9.0,18.0,36.0
9.0,17.0,36.0
9.0,19.0,36.0
9.0,18.0,36.0
9.0,19.0,36.0
9.0,20.0,34.0
9.0,19.0,34.0
9.0,20.0,35.0
7.0,20.0,38.0
9.0,20.0,38.0
8.0,19.0,36.0
9.0,19.0,34.0
10.0,19.0,34.0
9.0,19.0,32.0
9.0,19.0,31.0
9.0,19.0,33.0
8.0,19.0,32.0
9.0,19.0,32.0
9.0,18.0,37.0
9.0,18.0,40.0
9.0,18.0,43.0
9.0,19.0,43.0
9.0,18.0,42.0
8.0,19.0,40.0
9.0,18.0,39.0
9.0,18.0,38.0
9.0,18.0,38.0
9.0,18.0,43.0
8.0,18.0,43.0
9.0,18.0,44.0
9.0,18.0,42.0
9.0,18.0,44.0
10.0,18.0,45.0
9.0,18.0,44.0
9.0,18.0,44.0
8.0,18.0,44.0
8.0,18.0,43.0
8.0,18.0,43.0
9.0,18.0,42.0
9.0,17.0,42.0
8.0,18.0,40.0
9.0,18.0,43.0
9.0,18.0,46.0
9.0,18.0,47.0
9.0,18.0,44.0
9.0,18.0,45.0
9.0,17.0,47.0
9.0,18.0,50.0
9.0,18.0,55.0
8.0,18.0,54.0
9.0,18.0,51.0
8.0,18.0,48.0
9.0,18.0,48.0
9.0,18.0,47.0
9.0,17.0,47.0
9.0,18.0,47.0
9.0,17.0,45.0
9.0,18.0,44.0
9.0,18.0,42.0
9.0,18.0,45.0
9.0,18.0,44.0
13.0,21.0,85.0
12.0,21.0,90.0
12.0,21.0,90.0
12.0,20.0,93.0
15.0,22.0,97.0
36.0,22.0,96.0
39.0,22.0,105.0
36.0,22.0,101.0
37.0,22.0,103.0
35.0,21.0,113.0
33.0,21.0,117.0
31.0,21.0,115.0
33.0,21.0,136.0
31.0,21.0,133.0
31.0,21.0,131.0
39.0,20.0,128.0
56.0,20.0,130.0
55.0,25.0,129.0
55.0,29.0,129.0
51.0,30.0,139.0
79.0,31.0,151.0
89.0,32.0,148.0
88.0,37.0,161.0
88.0,39.0,164.0
83.0,38.0,168.0
78.0,37.0,170.0
73.0,41.0,166.0
70.0,81.0,170.0
65.0,98.0,163.0
61.0,108.0,164.0
61.0,119.0,165.0
57.0,127.0,165.0
53.0,129.0,177.0
49.0,125.0,172.0
60.0,152.0,163.0
61.0,153.0,163.0
59.0,154.0,156.0
57.0,171.0,147.0
53.0,163.0,147.0
51.0,162.0,163.0
47.0,176.0,164.0
47.0,182.0,193.0
42.0,194.0,213.0
40.0,195.0,209.0
40.0,191.0,215.0
37.0,225.0,220.0
35.0,220.0,226.0
33.0,225.0,222.0
42.0,233.0,215.0
38.0,248.0,212.0
37.0,236.0,208.0
37.0,232.0,200.0
35.0,254.0,221.0
33.0,247.0,242.0
32.0,249.0,237.0
30.0,238.0,265.0
33.0,232.0,280.0
33.0,225.0,284.0
35.0,253.0,313.0
35.0,260.0,315.0
33.0,246.0,301.0
31.0,230.0,284.0
29.0,228.0,272.0
27.0,240.0,282.0
26.0,225.0,295.0
25.0,209.0,309.0
22.0,222.0,301.0
22.0,235.0,312.0
21.0,226.0,335.0
23.0,242.0,371.0
23.0,261.0,348.0
30.0,252.0,328.0
29.0,232.0,340.0
33.0,223.0,326.0
41.0,269.0,322.0
49.0,259.0,322.0
53.0,257.0,323.0
62.0,247.0,337.0
70.0,241.0,335.0
78.0,240.0,321.0
83.0,241.0,317.0
87.0,229.0,306.0
90.0,214.0,286.0
89.0,213.0,288.0
89.0,203.0,287.0
85.0,203.0,306.0
82.0,205.0,318.0
77.0,203.0,302.0
69.0,189.0,293.0
65.0,176.0,317.0
62.0,165.0,302.0
58.0,170.0,300.0
54.0,168.0,308.0
49.0,171.0,302.0
47.0,166.0,313.0
44.0,165.0,312.0
43.0,157.0,338.0
40.0,146.0,339.0
39.0,141.0,331.0
44.0,145.0,316.0
44.0,142.0,351.0
42.0,156.0,345.0
41.0,156.0,327.0
45.0,152.0,322.0
42.0,163.0,318.0
45.0,192.0,323.0
49.0,199.0,308.0
54.0,213.0,289.0
52.0,228.0,297.0
58.0,238.0,287.0
66.0,244.0,292.0
66.0,264.0,279.0
64.0,280.0,269.0
59.0,299.0,265.0
55.0,317.0,250.0
54.0,317.0,261.0
51.0,325.0,253.0
48.0,339.0,262.0
44.0,357.0,266.0
41.0,362.0,269.0
41.0,390.0,255.0
38.0,393.0,266.0
37.0,395.0,272.0
35.0,402.0,288.0
32.0,400.0,285.0
31.0,414.0,288.0
29.0,417.0,284.0
27.0,405.0,288.0
26.0,409.0,273.0
24.0,429.0,258.0
22.0,404.0,267.0
22.0,415.0,256.0
21.0,423.0,265.0
20.0,415.0,264.0
19.0,392.0,250.0
17.0,398.0,238.0
17.0,392.0,238.0
16.0,394.0,229.0
16.0,393.0,217.0
15.0,384.0,211.0
15.0,387.0,216.0
14.0,379.0,239.0
13.0,378.0,257.0
13.0,371.0,243.0
13.0,361.0,231.0
12.0,352.0,226.0
12.0,339.0,223.0
12.0,353.0,216.0
12.0,353.0,200.0
11.0,346.0,212.0
11.0,328.0,214.0
11.0,326.0,201.0
11.0,327.0,203.0
11.0,320.0,198.0
10.0,319.0,189.0
11.0,307.0,194.0
10.0,319.0,196.0
10.0,302.0,189.0
10.0,306.0,190.0
10.0,303.0,200.0
9.0,300.0,193.0
10.0,297.0,184.0
9.0,295.0,173.0
10.0,306.0,165.0
9.0,290.0,166.0
9.0,294.0,161.0
9.0,290.0,165.0
9.0,280.0,162.0
9.0,272.0,170.0
10.0,262.0,161.0
9.0,268.0,162.0
9.0,269.0,154.0
9.0,265.0,155.0
9.0,262.0,151.0
9.0,260.0,164.0
9.0,251.0,159.0
10.0,263.0,156.0
9.0,254.0,177.0
9.0,256.0,172.0
9.0,248.0,171.0
10.0,251.0,167.0
9.0,251.0,158.0
10.0,238.0,153.0
10.0,232.0,145.0
11.0,233.0,144.0
10.0,230.0,144.0
10.0,236.0,150.0
10.0,228.0,145.0
10.0,216.0,136.0
10.0,207.0,142.0
10.0,208.0,136.0
9.0,208.0,135.0
10.0,221.0,135.0
9.0,207.0,152.0
10.0,204.0,169.0
9.0,207.0,164.0
9.0,197.0,159.0
10.0,187.0,156.0
11.0,181.0,153.0
11.0,172.0,150.0
10.0,161.0,149.0
10.0,163.0,149.0
11.0,158.0,144.0
10.0,154.0,144.0
11.0,151.0,137.0
10.0,149.0,131.0
10.0,145.0,122.0
10.0,136.0,112.0
10.0,134.0,109.0
10.0,128.0,102.0
10.0,120.0,97.0
10.0,124.0,91.0
10.0,120.0,89.0
10.0,112.0,85.0
10.0,106.0,81.0
10.0,103.0,78.0
9.0,97.0,76.0
9.0,94.0,74.0
10.0,90.0,71.0
10.0,86.0,69.0
10.0,81.0,65.0
9.0,77.0,64.0
9.0,73.0,63.0
10.0,70.0,67.0
9.0,66.0,65.0
9.0,65.0,66.0
9.0,62.0,64.0
9.0,60.0,63.0
12.0,57.0,62.0
15.0,54.0,62.0
15.0,51.0,61.0
15.0,49.0,59.0
15.0,47.0,59.0
14.0,45.0,59.0
14.0,44.0,56.0
14.0,42.0,53.0
14.0,40.0,50.0
13.0,39.0,48.0
13.0,38.0,45.0
12.0,38.0,43.0
12.0,37.0,41.0
12.0,37.0,40.0
11.0,37.0,38.0
11.0,41.0,36.0
11.0,42.0,36.0
11.0,46.0,34.0
11.0,49.0,34.0
11.0,54.0,33.0
11.0,65.0,32.0
10.0,69.0,31.0
10.0,73.0,31.0
10.0,79.0,33.0
10.0,92.0,33.0
10.0,98.0,34.0
10.0,98.0,35.0
10.0,106.0,37.0
10.0,120.0,37.0
10.0,126.0,39.0
10.0,134.0,44.0
10.0,141.0,43.0
10.0,149.0,46.0
9.0,156.0,46.0
10.0,164.0,46.0
9.0,173.0,49.0
9.0,179.0,52.0
9.0,184.0,55.0
9.0,191.0,53.0
9.0,199.0,56.0
9.0,204.0,58.0
9.0,208.0,67.0
10.0,211.0,71.0
9.0,217.0,72.0
8.0,220.0,75.0
9.0,221.0,80.0
9.0,227.0,79.0
8.0,228.0,83.0
9.0,230.0,82.0
9.0,234.0,80.0
9.0,238.0,81.0
9.0,241.0,80.0
9.0,241.0,98.0
9.0,240.0,107.0
9.0,246.0,103.0
9.0,245.0,108.0
9.0,243.0,114.0
9.0,241.0,118.0
9.0,240.0,122.0
9.0,240.0,119.0
8.0,241.0,123.0
9.0,241.0,120.0
9.0,240.0,126.0
9.0,237.0,127.0
9.0,235.0,130.0
8.0,233.0,135.0
8.0,231.0,138.0
9.0,228.0,139.0
9.0,227.0,137.0
9.0,223.0,141.0
9.0,221.0,147.0
9.0,223.0,138.0
14.0,21.0,87.0
16.0,20.0,94.0
17.0,20.0,93.0
27.0,20.0,102.0
27.0,20.0,109.0
36.0,19.0,107.0
35.0,21.0,110.0
32.0,24.0,103.0
31.0,23.0,106.0
34.0,24.0,104.0
32.0,24.0,114.0
30.0,23.0,111.0
32.0,23.0,110.0
31.0,23.0,108.0
29.0,23.0,104.0
29.0,22.0,101.0
28.0,26.0,100.0
27.0,30.0,116.0
32.0,34.0,115.0
45.0,33.0,116.0
51.0,31.0,122.0
48.0,30.0,118.0
46.0,36.0,124.0
59.0,42.0,118.0
64.0,64.0,134.0
105.0,83.0,135.0
99.0,87.0,126.0
94.0,90.0,121.0
99.0,98.0,117.0
142.0,117.0,118.0
158.0,151.0,115.0
169.0,147.0,125.0
157.0,140.0,121.0
144.0,137.0,156.0
150.0,172.0,164.0
147.0,174.0,159.0
150.0,209.0,154.0
143.0,209.0,153.0
132.0,212.0,164.0
126.0,206.0,172.0
115.0,193.0,167.0
105.0,183.0,176.0
99.0,212.0,194.0
114.0,214.0,194.0
109.0,197.0,186.0
99.0,194.0,189.0
108.0,192.0,186.0
104.0,201.0,177.0
97.0,207.0,168.0
99.0,206.0,179.0
93.0,210.0,194.0
88.0,197.0,198.0
91.0,204.0,190.0
83.0,222.0,184.0
77.0,221.0,178.0
70.0,205.0,181.0
64.0,213.0,182.0
59.0,205.0,180.0
55.0,193.0,199.0
50.0,185.0,201.0
47.0,215.0,191.0
44.0,200.0,188.0
46.0,190.0,189.0
54.0,189.0,183.0
53.0,187.0,169.0
48.0,173.0,162.0
50.0,162.0,168.0
47.0,165.0,167.0
45.0,164.0,157.0
47.0,165.0,149.0
49.0,213.0,158.0
63.0,207.0,187.0
67.0,201.0,181.0
74.0,192.0,176.0
82.0,179.0,168.0
88.0,168.0,164.0
92.0,156.0,152.0
97.0,146.0,159.0
102.0,140.0,165.0
111.0,130.0,160.0
117.0,125.0,166.0
120.0,148.0,161.0
128.0,147.0,167.0
132.0,150.0,170.0
133.0,161.0,169.0
135.0,159.0,163.0
135.0,150.0,165.0
135.0,139.0,164.0
131.0,135.0,176.0
125.0,127.0,192.0
120.0,119.0,192.0
113.0,116.0,192.0
104.0,109.0,195.0
95.0,101.0,207.0
88.0,94.0,216.0
81.0,93.0,219.0
74.0,89.0,229.0
69.0,102.0,235.0
64.0,103.0,230.0
60.0,103.0,241.0
55.0,97.0,232.0
53.0,102.0,224.0
51.0,97.0,229.0
54.0,97.0,225.0
58.0,91.0,253.0
59.0,101.0,245.0
64.0,115.0,273.0
61.0,134.0,274.0
60.0,177.0,261.0
60.0,177.0,268.0
65.0,184.0,272.0
68.0,208.0,280.0
68.0,252.0,269.0
70.0,291.0,262.0
73.0,333.0,244.0
79.0,341.0,251.0
78.0,383.0,259.0
78.0,413.0,264.0
77.0,456.0,252.0
78.0,490.0,253.0
76.0,514.0,253.0
75.0,536.0,251.0
72.0,561.0,247.0
67.0,586.0,246.0
63.0,612.0,244.0
60.0,633.0,243.0
55.0,674.0,229.0
53.0,679.0,236.0
50.0,692.0,225.0
46.0,710.0,225.0
45.0,723.0,221.0
43.0,741.0,220.0
40.0,759.0,212.0
38.0,763.0,210.0
39.0,763.0,208.0
36.0,781.0,203.0
33.0,782.0,212.0
32.0,791.0,205.0
32.0,793.0,212.0
29.0,796.0,199.0
29.0,793.0,195.0
28.0,785.0,192.0
26.0,784.0,181.0
24.0,786.0,186.0
24.0,780.0,187.0
23.0,779.0,185.0
23.0,780.0,192.0
21.0,779.0,190.0
20.0,763.0,189.0
20.0,765.0,193.0
20.0,744.0,201.0
18.0,754.0,202.0
18.0,740.0,204.0
17.0,740.0,194.0
16.0,736.0,185.0
16.0,712.0,196.0
15.0,720.0,201.0
15.0,705.0,194.0
15.0,714.0,184.0
14.0,697.0,186.0
14.0,691.0,178.0
13.0,682.0,171.0
13.0,674.0,175.0
13.0,670.0,171.0
13.0,657.0,163.0
14.0,658.0,154.0
14.0,655.0,148.0
13.0,646.0,151.0
12.0,654.0,139.0
12.0,641.0,137.0
12.0,636.0,135.0
12.0,629.0,127.0
12.0,615.0,126.0
11.0,614.0,133.0
12.0,607.0,129.0
11.0,608.0,123.0
11.0,606.0,121.0
12.0,606.0,117.0
11.0,597.0,117.0
11.0,577.0,121.0
10.0,580.0,120.0
10.0,571.0,116.0
12.0,555.0,126.0
11.0,554.0,133.0
12.0,560.0,132.0
13.0,548.0,125.0
12.0,534.0,121.0
11.0,530.0,120.0
12.0,534.0,125.0
14.0,520.0,129.0
18.0,515.0,128.0
18.0,506.0,128.0
17.0,495.0,123.0
17.0,496.0,117.0
16.0,480.0,112.0
18.0,471.0,108.0
18.0,462.0,107.0
19.0,461.0,111.0
18.0,457.0,104.0
20.0,442.0,99.0
21.0,436.0,93.0
23.0,432.0,93.0
24.0,425.0,91.0
25.0,428.0,90.0
27.0,422.0,87.0
29.0,414.0,82.0
31.0,396.0,80.0
32.0,387.0,76.0
36.0,377.0,73.0
40.0,360.0,71.0
43.0,362.0,67.0
42.0,361.0,64.0
43.0,350.0,62.0
45.0,340.0,58.0
48.0,329.0,57.0
49.0,321.0,55.0
52.0,301.0,55.0
52.0,301.0,50.0
55.0,284.0,48.0
58.0,267.0,48.0
58.0,263.0,47.0
61.0,248.0,46.0
64.0,233.0,44.0
69.0,217.0,44.0
68.0,214.0,44.0
68.0,203.0,45.0
72.0,201.0,45.0
68.0,189.0,41.0
68.0,176.0,40.0
68.0,164.0,39.0
69.0,153.0,36.0
69.0,143.0,36.0
71.0,136.0,35.0
73.0,128.0,34.0
76.0,123.0,34.0
84.0,118.0,32.0
82.0,117.0,34.0
79.0,111.0,35.0
76.0,115.0,38.0
74.0,120.0,39.0
75.0,127.0,37.0
71.0,129.0,42.0
68.0,134.0,46.0
66.0,148.0,50.0
62.0,156.0,54.0
57.0,153.0,61.0
54.0,161.0,63.0
51.0,174.0,67.0
47.0,177.0,73.0
45.0,186.0,76.0
41.0,198.0,77.0
39.0,203.0,81.0
36.0,210.0,84.0
34.0,218.0,86.0
32.0,233.0,89.0
29.0,238.0,93.0
29.0,244.0,94.0
26.0,253.0,98.0
25.0,261.0,105.0
24.0,263.0,103.0
22.0,271.0,107.0
21.0,276.0,111.0
20.0,284.0,111.0
20.0,290.0,116.0
19.0,293.0,116.0
17.0,297.0,121.0
17.0,300.0,125.0
16.0,303.0,127.0
15.0,306.0,130.0
15.0,309.0,132.0
15.0,313.0,137.0
13.0,312.0,135.0
14.0,322.0,131.0
13.0,325.0,136.0
13.0,312.0,138.0
13.0,309.0,148.0
12.0,315.0,150.0
12.0,313.0,141.0
12.0,312.0,148.0
11.0,309.0,149.0
11.0,310.0,145.0
11.0,306.0,147.0
11.0,304.0,150.0
11.0,304.0,153.0
11.0,300.0,153.0
10.0,300.0,151.0
10.0,298.0,155.0
11.0,294.0,159.0
10.0,301.0,157.0
10.0,293.0,159.0
10.0,296.0,157.0
11.0,291.0,155.0
10.0,286.0,152.0
10.0,287.0,154.0
10.0,292.0,154.0
10.0,286.0,149.0
9.0,284.0,149.0
8.0,272.0,150.0
9.0,262.0,149.0
9.0,265.0,142.0
10.0,22.0,85.0
9.0,21.0,82.0
10.0,21.0,77.0
9.0,22.0,80.0
9.0,21.0,86.0
10.0,20.0,84.0
10.0,21.0,81.0
10.0,22.0,88.0
11.0,22.0,86.0
10.0,22.0,82.0
10.0,21.0,87.0
10.0,22.0,87.0
10.0,22.0,85.0
10.0,21.0,84.0
10.0,22.0,85.0
10.0,22.0,87.0
12.0,22.0,101.0
14.0,21.0,94.0
17.0,21.0,105.0
19.0,21.0,130.0
19.0,21.0,130.0
17.0,21.0,123.0
19.0,21.0,127.0
20.0,22.0,132.0
21.0,21.0,132.0
34.0,21.0,130.0
40.0,27.0,137.0
61.0,28.0,135.0
65.0,34.0,141.0
81.0,38.0,139.0
89.0,36.0,147.0
91.0,35.0,157.0
86.0,36.0,163.0
84.0,35.0,154.0
125.0,33.0,166.0
153.0,36.0,169.0
163.0,47.0,181.0
151.0,45.0,173.0
143.0,43.0,166.0
135.0,46.0,163.0
150.0,52.0,155.0
157.0,60.0,155.0
189.0,58.0,170.0
198.0,68.0,170.0
189.0,80.0,164.0
175.0,76.0,176.0
166.0,113.0,189.0
161.0,128.0,231.0
154.0,135.0,234.0
138.0,140.0,239.0
125.0,133.0,225.0
115.0,124.0,209.0
106.0,115.0,200.0
99.0,109.0,195.0
99.0,102.0,197.0
100.0,100.0,194.0
92.0,125.0,214.0
86.0,134.0,215.0
80.0,148.0,201.0
85.0,155.0,243.0
83.0,158.0,243.0
77.0,167.0,235.0
74.0,176.0,236.0
70.0,179.0,240.0
67.0,180.0,231.0
61.0,190.0,232.0
59.0,214.0,230.0
55.0,217.0,243.0
53.0,213.0,242.0
58.0,217.0,236.0
54.0,207.0,224.0
55.0,199.0,210.0
53.0,185.0,206.0
50.0,172.0,225.0
60.0,202.0,228.0
75.0,231.0,232.0
78.0,223.0,222.0
71.0,218.0,209.0
66.0,212.0,217.0
60.0,232.0,222.0
58.0,284.0,220.0
54.0,271.0,212.0
50.0,250.0,202.0
46.0,232.0,192.0
45.0,218.0,200.0
41.0,233.0,186.0
39.0,244.0,176.0
37.0,241.0,189.0
35.0,238.0,193.0
32.0,231.0,186.0
31.0,231.0,184.0
33.0,234.0,185.0
34.0,228.0,204.0
36.0,213.0,211.0
33.0,202.0,203.0
31.0,212.0,199.0
31.0,203.0,208.0
29.0,193.0,197.0
30.0,179.0,201.0
34.0,165.0,203.0
41.0,156.0,204.0
50.0,155.0,213.0
64.0,143.0,205.0
75.0,133.0,216.0
82.0,123.0,221.0
101.0,118.0,224.0
119.0,110.0,219.0
132.0,103.0,213.0
147.0,95.0,247.0
160.0,89.0,243.0
174.0,83.0,245.0
184.0,81.0,252.0
195.0,83.0,263.0
205.0,82.0,271.0
213.0,96.0,257.0
221.0,89.0,247.0
220.0,85.0,251.0
221.0,84.0,278.0
220.0,86.0,312.0
218.0,84.0,312.0
212.0,78.0,327.0
208.0,73.0,306.0
198.0,72.0,300.0
192.0,71.0,301.0
180.0,68.0,302.0
169.0,66.0,322.0
156.0,68.0,319.0
143.0,77.0,313.0
131.0,80.0,328.0
119.0,80.0,313.0
109.0,108.0,318.0
99.0,109.0,326.0
91.0,128.0,369.0
84.0,157.0,371.0
81.0,171.0,396.0
74.0,203.0,412.0
70.0,219.0,407.0
65.0,257.0,389.0
66.0,305.0,386.0
62.0,321.0,372.0
59.0,353.0,379.0
54.0,388.0,391.0
53.0,419.0,384.0
54.0,462.0,369.0
51.0,495.0,356.0
47.0,535.0,344.0
45.0,578.0,331.0
44.0,596.0,329.0
43.0,607.0,352.0
41.0,649.0,343.0
38.0,683.0,330.0
35.0,700.0,367.0
33.0,720.0,350.0
31.0,726.0,336.0
29.0,750.0,318.0
27.0,761.0,320.0
25.0,785.0,313.0
24.0,790.0,318.0
23.0,817.0,322.0
22.0,809.0,332.0
21.0,818.0,313.0
21.0,829.0,320.0
19.0,836.0,316.0
18.0,841.0,301.0
18.0,843.0,298.0
17.0,845.0,288.0
16.0,854.0,293.0
16.0,844.0,285.0
15.0,854.0,283.0
15.0,852.0,272.0
16.0,843.0,256.0
18.0,841.0,259.0
18.0,831.0,265.0
18.0,825.0,258.0
17.0,823.0,256.0
17.0,835.0,271.0
17.0,830.0,250.0
16.0,818.0,254.0
16.0,805.0,259.0
15.0,797.0,260.0
14.0,792.0,281.0
14.0,769.0,270.0
13.0,780.0,267.0
13.0,766.0,257.0
14.0,748.0,261.0
16.0,746.0,246.0
17.0,743.0,237.0
16.0,748.0,228.0
16.0,724.0,225.0
16.0,713.0,228.0
15.0,718.0,225.0
15.0,702.0,221.0
14.0,692.0,247.0
14.0,691.0,245.0
13.0,686.0,240.0
13.0,681.0,230.0
12.0,668.0,234.0
13.0,658.0,225.0
12.0,657.0,214.0
12.0,665.0,201.0
11.0,646.0,201.0
11.0,633.0,189.0
11.0,638.0,181.0
11.0,625.0,178.0
11.0,613.0,173.0
11.0,591.0,189.0
11.0,591.0,182.0
11.0,577.0,172.0
10.0,583.0,205.0
10.0,587.0,213.0
10.0,566.0,211.0
10.0,555.0,203.0
10.0,547.0,207.0
9.0,542.0,203.0
10.0,531.0,205.0
10.0,531.0,208.0
12.0,535.0,209.0
13.0,516.0,205.0
13.0,525.0,200.0
13.0,510.0,198.0
12.0,498.0,190.0
12.0,494.0,183.0
11.0,496.0,174.0
11.0,488.0,168.0
11.0,479.0,178.0
11.0,482.0,175.0
11.0,482.0,170.0
11.0,470.0,166.0
12.0,465.0,166.0
12.0,446.0,163.0
12.0,448.0,179.0
12.0,456.0,170.0
12.0,473.0,169.0
11.0,453.0,164.0
11.0,438.0,158.0
11.0,428.0,157.0
10.0,422.0,152.0
11.0,416.0,146.0
11.0,420.0,136.0
10.0,419.0,127.0
10.0,408.0,127.0
10.0,405.0,121.0
9.0,401.0,116.0
10.0,391.0,117.0
10.0,393.0,112.0
10.0,385.0,105.0
10.0,383.0,102.0
10.0,388.0,95.0
10.0,371.0,94.0
10.0,361.0,91.0
10.0,350.0,86.0
11.0,345.0,84.0
12.0,340.0,79.0
12.0,342.0,79.0
13.0,341.0,77.0
12.0,334.0,73.0
12.0,323.0,70.0
13.0,321.0,68.0
13.0,310.0,66.0
13.0,301.0,64.0
14.0,292.0,63.0
16.0,280.0,61.0
19.0,265.0,59.0
19.0,249.0,58.0
19.0,250.0,55.0
26.0,237.0,54.0
28.0,222.0,53.0
29.0,213.0,50.0
33.0,201.0,49.0
35.0,187.0,47.0
37.0,175.0,46.0
39.0,164.0,44.0
43.0,152.0,42.0
44.0,142.0,41.0
44.0,133.0,40.0
44.0,126.0,38.0
47.0,120.0,36.0
47.0,113.0,37.0
46.0,111.0,34.0
45.0,110.0,34.0
47.0,118.0,33.0
45.0,120.0,34.0
46.0,123.0,36.0
44.0,133.0,36.0
42.0,141.0,39.0
40.0,145.0,42.0
38.0,156.0,43.0
36.0,161.0,46.0
34.0,173.0,48.0
32.0,191.0,49.0
30.0,199.0,54.0
29.0,204.0,59.0
27.0,214.0,62.0
25.0,226.0,67.0
24.0,233.0,70.0
23.0,242.0,72.0
22.0,255.0,77.0
21.0,267.0,83.0
19.0,277.0,90.0
19.0,291.0,93.0
16.0,27.0,89.0
15.0,43.0,88.0
14.0,43.0,98.0
14.0,42.0,96.0
14.0,43.0,93.0
13.0,64.0,106.0
13.0,87.0,102.0
13.0,173.0,107.0
16.0,197.0,124.0
17.0,184.0,130.0
28.0,202.0,122.0
36.0,198.0,118.0
49.0,186.0,137.0
66.0,177.0,136.0
63.0,195.0,147.0
66.0,211.0,141.0
87.0,213.0,135.0
95.0,219.0,129.0
89.0,207.0,131.0
88.0,194.0,139.0
94.0,208.0,134.0
96.0,223.0,131.0
88.0,218.0,127.0
87.0,214.0,126.0
87.0,230.0,121.0
88.0,214.0,131.0
81.0,208.0,143.0
75.0,200.0,135.0
71.0,192.0,136.0
73.0,204.0,133.0
76.0,230.0,144.0
70.0,290.0,142.0
64.0,301.0,143.0
76.0,281.0,141.0
81.0,322.0,165.0
75.0,341.0,188.0
71.0,330.0,200.0
65.0,326.0,192.0
60.0,302.0,185.0
55.0,324.0,183.0
51.0,317.0,202.0
47.0,337.0,200.0
44.0,321.0,203.0
49.0,316.0,191.0
56.0,329.0,193.0
64.0,306.0,200.0
63.0,306.0,202.0
63.0,304.0,228.0
60.0,289.0,222.0
54.0,283.0,214.0
51.0,266.0,210.0
47.0,272.0,207.0
43.0,275.0,202.0
40.0,283.0,205.0
39.0,267.0,216.0
46.0,256.0,217.0
50.0,257.0,215.0
51.0,252.0,217.0
61.0,270.0,232.0
76.0,272.0,220.0
85.0,262.0,213.0
94.0,252.0,218.0
105.0,247.0,210.0
117.0,228.0,195.0
128.0,216.0,199.0
138.0,201.0,208.0
146.0,184.0,199.0
152.0,176.0,204.0
153.0,168.0,193.0
152.0,165.0,208.0
147.0,158.0,210.0
137.0,158.0,219.0
127.0,148.0,221.0
118.0,146.0,218.0
107.0,141.0,207.0
96.0,134.0,224.0
89.0,126.0,246.0
81.0,121.0,234.0
74.0,136.0,242.0
73.0,126.0,244.0
71.0,117.0,246.0
72.0,128.0,255.0
72.0,124.0,249.0
75.0,117.0,246.0
75.0,113.0,238.0
78.0,110.0,254.0
81.0,113.0,256.0
83.0,121.0,271.0
89.0,136.0,267.0
87.0,157.0,256.0
92.0,154.0,261.0
93.0,168.0,263.0
94.0,186.0,269.0
93.0,219.0,265.0
93.0,221.0,274.0
91.0,243.0,278.0
90.0,273.0,277.0
88.0,286.0,277.0
81.0,314.0,264.0
82.0,317.0,284.0
77.0,331.0,284.0
74.0,347.0,295.0
69.0,407.0,273.0
65.0,415.0,269.0
62.0,409.0,270.0
57.0,434.0,254.0
52.0,445.0,250.0
50.0,464.0,268.0
46.0,480.0,259.0
42.0,504.0,243.0
39.0,504.0,238.0
36.0,528.0,235.0
34.0,520.0,253.0
32.0,544.0,265.0
29.0,559.0,258.0
28.0,576.0,248.0
26.0,586.0,242.0
25.0,576.0,250.0
23.0,605.0,240.0
21.0,611.0,246.0
21.0,625.0,234.0
20.0,633.0,239.0
19.0,636.0,236.0
18.0,627.0,239.0
17.0,631.0,226.0
16.0,638.0,218.0
16.0,636.0,213.0
15.0,644.0,212.0
15.0,653.0,208.0
14.0,653.0,197.0
13.0,647.0,195.0
13.0,643.0,184.0
13.0,639.0,179.0
13.0,635.0,175.0
12.0,637.0,193.0
12.0,641.0,194.0
12.0,642.0,182.0
12.0,638.0,189.0
12.0,634.0,190.0
11.0,632.0,189.0
11.0,613.0,181.0
10.0,633.0,173.0
10.0,620.0,165.0
11.0,616.0,157.0
10.0,611.0,154.0
10.0,602.0,150.0
10.0,605.0,145.0
10.0,602.0,141.0
10.0,595.0,136.0
10.0,580.0,142.0
10.0,586.0,142.0
10.0,578.0,144.0
10.0,578.0,140.0
10.0,567.0,136.0
10.0,560.0,137.0
10.0,559.0,130.0
10.0,550.0,124.0
9.0,543.0,127.0
10.0,533.0,123.0
10.0,528.0,121.0
10.0,527.0,119.0
10.0,511.0,117.0
10.0,515.0,115.0
10.0,503.0,118.0
10.0,494.0,113.0
9.0,487.0,106.0
9.0,478.0,108.0
10.0,470.0,101.0
11.0,472.0,99.0
10.0,462.0,105.0
10.0,450.0,111.0
11.0,449.0,113.0
10.0,429.0,107.0
11.0,425.0,105.0
10.0,428.0,105.0
10.0,418.0,101.0
11.0,406.0,105.0
12.0,398.0,109.0
12.0,394.0,116.0
11.0,390.0,115.0
13.0,370.0,110.0
12.0,367.0,106.0
13.0,361.0,106.0
14.0,353.0,110.0
14.0,353.0,109.0
14.0,345.0,101.0
14.0,335.0,96.0
16.0,320.0,101.0
15.0,319.0,110.0
15.0,316.0,104.0
16.0,303.0,98.0
16.0,300.0,96.0
17.0,292.0,102.0
19.0,289.0,99.0
23.0,289.0,93.0
24.0,281.0,88.0
23.0,276.0,85.0
24.0,269.0,83.0
25.0,258.0,84.0
25.0,250.0,82.0
26.0,247.0,80.0
29.0,246.0,78.0
31.0,239.0,81.0
30.0,234.0,83.0
30.0,231.0,82.0
30.0,220.0,79.0
28.0,219.0,77.0
29.0,209.0,74.0
30.0,206.0,70.0
32.0,200.0,66.0
31.0,196.0,62.0
30.0,187.0,59.0
31.0,182.0,57.0
33.0,179.0,55.0
34.0,173.0,51.0
37.0,165.0,53.0
42.0,161.0,51.0
39.0,152.0,51.0
37.0,144.0,50.0
35.0,142.0,46.0
35.0,136.0,46.0
34.0,127.0,44.0
35.0,119.0,48.0
35.0,114.0,51.0
35.0,107.0,49.0
36.0,101.0,47.0
36.0,96.0,44.0
36.0,94.0,43.0
37.0,89.0,43.0
39.0,84.0,40.0
40.0,79.0,38.0
41.0,75.0,37.0
44.0,71.0,37.0
47.0,68.0,37.0
48.0,64.0,37.0
47.0,61.0,36.0
44.0,59.0,35.0
46.0,56.0,36.0
49.0,53.0,36.0
49.0,51.0,37.0
49.0,50.0,36.0
51.0,47.0,38.0
51.0,45.0,38.0
51.0,44.0,36.0
54.0,44.0,36.0
56.0,45.0,34.0
57.0,44.0,34.0
57.0,45.0,33.0
58.0,49.0,32.0
58.0,49.0,31.0
57.0,47.0,31.0
60.0,53.0,30.0
61.0,56.0,30.0
63.0,64.0,28.0
62.0,66.0,27.0
60.0,71.0,26.0
60.0,77.0,25.0
60.0,83.0,25.0
59.0,89.0,25.0
60.0,99.0,24.0
58.0,105.0,22.0
57.0,115.0,23.0
57.0,123.0,23.0
58.0,134.0,23.0
56.0,149.0,22.0
54.0,155.0,23.0
54.0,162.0,23.0
52.0,175.0,23.0
49.0,178.0,25.0
47.0,187.0,26.0
47.0,206.0,25.0
45.0,223.0,27.0
43.0,216.0,30.0
40.0,217.0,34.0
38.0,229.0,35.0
35.0,237.0,37.0
33.0,251.0,41.0
32.0,260.0,42.0
32.0,263.0,46.0
29.0,268.0,48.0
27.0,276.0,50.0
26.0,286.0,52.0
24.0,290.0,56.0
23.0,305.0,56.0
22.0,301.0,57.0
21.0,309.0,59.0
20.0,316.0,63.0
19.0,318.0,67.0
19.0,321.0,70.0
17.0,327.0,73.0
17.0,329.0,77.0
16.0,333.0,81.0
16.0,339.0,85.0
15.0,350.0,86.0
15.0,357.0,88.0
14.0,349.0,95.0
14.0,343.0,103.0
13.0,360.0,103.0
13.0,341.0,101.0
12.0,342.0,96.0
19.0,19.0,113.0
18.0,20.0,112.0
21.0,20.0,132.0
20.0,20.0,124.0
19.0,21.0,117.0
20.0,20.0,113.0
21.0,20.0,116.0
21.0,20.0,113.0
20.0,21.0,112.0
20.0,20.0,107.0
26.0,20.0,106.0
30.0,20.0,122.0
31.0,20.0,118.0
29.0,20.0,112.0
29.0,20.0,111.0
28.0,19.0,123.0
29.0,19.0,123.0
32.0,19.0,116.0
30.0,19.0,115.0
32.0,20.0,117.0
36.0,19.0,126.0
41.0,20.0,126.0
38.0,20.0,122.0
37.0,19.0,118.0
35.0,20.0,120.0
33.0,20.0,113.0
30.0,20.0,107.0
30.0,20.0,112.0
31.0,21.0,115.0
29.0,22.0,113.0
27.0,21.0,109.0
26.0,21.0,107.0
25.0,21.0,100.0
24.0,22.0,95.0
22.0,22.0,94.0
22.0,21.0,89.0
21.0,21.0,95.0
20.0,22.0,106.0
19.0,28.0,100.0
21.0,27.0,102.0
18.0,27.0,100.0
18.0,29.0,97.0
18.0,27.0,99.0
19.0,28.0,100.0
19.0,27.0,102.0
18.0,27.0,115.0
17.0,26.0,112.0
17.0,27.0,112.0
16.0,37.0,110.0
16.0,40.0,118.0
15.0,43.0,118.0
15.0,41.0,114.0
14.0,39.0,119.0
14.0,37.0,123.0
14.0,36.0,123.0
13.0,34.0,115.0
17.0,33.0,122.0
17.0,32.0,123.0
17.0,31.0,116.0
17.0,31.0,131.0
17.0,32.0,131.0
15.0,44.0,126.0
15.0,45.0,120.0
15.0,44.0,120.0
15.0,56.0,125.0
14.0,78.0,128.0
13.0,101.0,125.0
13.0,116.0,118.0
12.0,113.0,111.0
12.0,118.0,122.0
12.0,116.0,119.0
13.0,113.0,137.0
13.0,105.0,139.0
11.0,99.0,132.0
11.0,107.0,143.0
12.0,104.0,139.0
12.0,109.0,133.0
11.0,113.0,125.0
11.0,107.0,132.0
11.0,112.0,134.0
11.0,114.0,136.0
11.0,111.0,135.0
10.0,106.0,148.0
10.0,101.0,156.0
11.0,94.0,154.0
11.0,90.0,148.0
12.0,92.0,146.0
11.0,91.0,147.0
11.0,86.0,152.0
11.0,82.0,150.0
10.0,78.0,157.0
11.0,79.0,151.0
11.0,75.0,144.0
12.0,70.0,141.0
14.0,72.0,143.0
17.0,93.0,159.0
21.0,100.0,156.0
27.0,97.0,169.0
34.0,91.0,174.0
39.0,85.0,171.0
48.0,83.0,165.0
61.0,78.0,157.0
69.0,73.0,167.0
79.0,69.0,170.0
88.0,67.0,162.0
95.0,65.0,161.0
102.0,64.0,154.0
106.0,67.0,154.0
115.0,62.0,149.0
122.0,60.0,151.0
128.0,63.0,175.0
136.0,60.0,195.0
139.0,62.0,192.0
140.0,58.0,184.0
143.0,55.0,183.0
140.0,52.0,192.0
138.0,49.0,211.0
134.0,49.0,211.0
128.0,51.0,219.0
124.0,52.0,212.0
119.0,52.0,197.0
110.0,57.0,199.0
101.0,57.0,200.0
92.0,63.0,194.0
86.0,60.0,212.0
80.0,77.0,205.0
74.0,76.0,205.0
69.0,73.0,212.0
64.0,68.0,217.0
60.0,74.0,230.0
54.0,92.0,243.0
51.0,110.0,240.0
50.0,112.0,229.0
47.0,148.0,228.0
44.0,164.0,210.0
42.0,182.0,222.0
42.0,196.0,240.0
41.0,235.0,240.0
39.0,257.0,252.0
36.0,295.0,243.0
39.0,311.0,230.0
40.0,357.0,237.0
39.0,385.0,236.0
40.0,419.0,234.0
41.0,451.0,232.0
41.0,470.0,219.0
39.0,500.0,229.0
37.0,521.0,224.0
36.0,547.0,227.0
37.0,570.0,228.0
35.0,595.0,231.0
32.0,614.0,230.0
31.0,633.0,221.0
29.0,645.0,218.0
28.0,664.0,214.0
26.0,687.0,215.0
25.0,692.0,217.0
23.0,695.0,212.0
22.0,716.0,201.0
20.0,719.0,198.0
20.0,720.0,203.0
19.0,739.0,191.0
18.0,755.0,191.0
17.0,747.0,198.0
17.0,744.0,198.0
15.0,741.0,202.0
15.0,738.0,201.0
15.0,743.0,196.0
15.0,739.0,195.0
14.0,736.0,191.0
14.0,738.0,185.0
14.0,731.0,178.0
13.0,727.0,182.0
13.0,717.0,179.0
12.0,714.0,175.0
12.0,711.0,172.0
11.0,717.0,165.0
12.0,698.0,175.0
11.0,691.0,162.0
11.0,683.0,152.0
11.0,669.0,154.0
11.0,666.0,150.0
11.0,659.0,149.0
10.0,645.0,144.0
10.0,639.0,139.0
10.0,632.0,133.0
10.0,632.0,139.0
10.0,602.0,139.0
11.0,590.0,130.0
10.0,585.0,133.0
10.0,574.0,127.0
10.0,577.0,134.0
11.0,569.0,133.0
10.0,557.0,132.0
10.0,556.0,128.0
10.0,538.0,125.0
10.0,532.0,122.0
10.0,529.0,125.0
10.0,514.0,121.0
11.0,511.0,118.0
10.0,504.0,121.0
10.0,497.0,118.0
10.0,488.0,118.0
10.0,485.0,120.0
10.0,471.0,120.0
10.0,476.0,116.0
10.0,462.0,113.0
10.0,451.0,112.0
10.0,449.0,111.0
10.0,441.0,107.0
11.0,437.0,109.0
11.0,424.0,108.0
10.0,415.0,111.0
11.0,409.0,106.0
10.0,403.0,101.0
11.0,397.0,105.0
10.0,397.0,97.0
10.0,388.0,95.0
10.0,400.0,94.0
11.0,380.0,95.0
10.0,367.0,98.0
10.0,364.0,93.0
10.0,353.0,93.0
10.0,350.0,94.0
11.0,344.0,99.0
11.0,340.0,97.0
10.0,332.0,96.0
10.0,321.0,94.0
10.0,318.0,93.0
11.0,319.0,89.0
12.0,314.0,85.0
11.0,303.0,89.0
12.0,304.0,94.0
12.0,303.0,100.0
11.0,296.0,99.0
12.0,288.0,98.0
12.0,280.0,96.0
12.0,280.0,91.0
12.0,275.0,88.0
12.0,271.0,85.0
13.0,266.0,80.0
13.0,260.0,79.0
13.0,257.0,81.0
14.0,257.0,84.0
14.0,253.0,84.0
14.0,253.0,83.0
14.0,248.0,82.0
15.0,237.0,89.0
14.0,230.0,86.0
16.0,227.0,84.0
17.0,219.0,85.0
19.0,217.0,86.0
18.0,214.0,85.0
18.0,209.0,83.0
20.0,207.0,82.0
22.0,208.0,78.0
22.0,205.0,73.0
24.0,197.0,73.0
26.0,192.0,70.0
26.0,189.0,69.0
29.0,185.0,68.0
31.0,175.0,68.0
33.0,172.0,69.0
35.0,175.0,67.0
37.0,163.0,65.0
39.0,157.0,64.0
41.0,156.0,61.0
45.0,148.0,59.0
49.0,141.0,56.0
53.0,132.0,58.0
54.0,126.0,58.0
58.0,121.0,56.0
62.0,115.0,53.0
60.0,109.0,53.0
62.0,103.0,50.0
64.0,97.0,51.0
65.0,91.0,50.0
66.0,86.0,51.0
70.0,82.0,51.0
72.0,78.0,50.0
73.0,74.0,54.0
75.0,70.0,55.0
76.0,66.0,53.0
77.0,63.0,51.0
78.0,60.0,49.0
79.0,57.0,47.0
82.0,55.0,46.0
82.0,55.0,47.0
81.0,53.0,47.0
82.0,50.0,47.0
83.0,50.0,47.0
82.0,50.0,46.0
84.0,52.0,45.0
84.0,53.0,45.0
84.0,52.0,44.0
84.0,59.0,48.0
82.0,59.0,46.0
85.0,66.0,48.0
89.0,67.0,46.0
90.0,71.0,45.0
22.0,350.0,78.0
23.0,352.0,76.0
22.0,348.0,75.0
21.0,342.0,85.0
21.0,344.0,85.0
20.0,336.0,90.0
21.0,344.0,85.0
20.0,346.0,92.0
19.0,345.0,96.0
20.0,350.0,102.0
21.0,350.0,102.0
20.0,341.0,105.0
19.0,349.0,104.0
18.0,349.0,107.0
22.0,350.0,109.0
25.0,351.0,115.0
27.0,351.0,112.0
28.0,350.0,113.0
28.0,345.0,114.0
27.0,351.0,113.0
28.0,348.0,111.0
26.0,345.0,110.0
25.0,351.0,107.0
24.0,347.0,105.0
23.0,345.0,103.0
22.0,341.0,99.0
21.0,339.0,99.0
19.0,335.0,100.0
18.0,330.0,98.0
17.0,327.0,96.0
17.0,330.0,95.0
16.0,323.0,90.0
16.0,319.0,87.0
15.0,314.0,84.0
14.0,316.0,82.0
14.0,308.0,80.0
14.0,311.0,76.0
13.0,313.0,75.0
13.0,309.0,77.0
13.0,304.0,74.0
13.0,303.0,70.0
12.0,301.0,68.0
12.0,297.0,64.0
12.0,295.0,66.0
11.0,288.0,68.0
12.0,288.0,66.0
10.0,287.0,62.0
11.0,283.0,59.0
11.0,277.0,58.0
10.0,276.0,54.0
11.0,276.0,57.0
10.0,269.0,56.0
10.0,266.0,53.0
11.0,265.0,56.0
10.0,262.0,58.0
10.0,254.0,64.0
10.0,258.0,61.0
10.0,252.0,61.0
10.0,247.0,63.0
10.0,249.0,66.0
10.0,250.0,66.0
10.0,245.0,67.0
10.0,244.0,68.0
10.0,243.0,64.0
9.0,242.0,63.0
10.0,242.0,60.0
10.0,244.0,59.0
9.0,238.0,58.0
9.0,233.0,58.0
9.0,233.0,57.0
9.0,231.0,59.0
9.0,226.0,56.0
9.0,224.0,55.0
9.0,221.0,55.0
9.0,222.0,54.0
10.0,227.0,53.0
9.0,226.0,50.0
9.0,223.0,51.0
9.0,222.0,54.0
9.0,221.0,55.0
9.0,221.0,52.0
9.0,218.0,52.0
10.0,221.0,56.0
9.0,219.0,54.0
8.0,213.0,54.0
9.0,214.0,52.0
10.0,213.0,53.0
9.0,214.0,56.0
8.0,210.0,52.0
9.0,206.0,51.0
9.0,205.0,50.0
9.0,212.0,52.0
9.0,207.0,52.0
9.0,203.0,58.0
9.0,203.0,59.0
9.0,200.0,59.0
9.0,197.0,60.0
9.0,194.0,62.0
9.0,195.0,61.0
8.0,192.0,62.0
10.0,189.0,60.0
8.0,183.0,62.0
8.0,182.0,63.0
9.0,181.0,60.0
9.0,178.0,59.0
8.0,181.0,63.0
9.0,176.0,66.0
9.0,165.0,68.0
9.0,160.0,70.0
9.0,161.0,73.0
9.0,155.0,72.0
9.0,151.0,71.0
9.0,149.0,71.0
8.0,144.0,68.0
9.0,140.0,64.0
9.0,136.0,62.0
9.0,137.0,59.0
9.0,135.0,58.0
9.0,135.0,62.0
9.0,127.0,60.0
9.0,123.0,57.0
9.0,121.0,56.0
9.0,117.0,55.0
9.0,113.0,53.0
8.0,111.0,50.0
9.0,112.0,48.0
9.0,109.0,47.0
8.0,109.0,47.0
9.0,108.0,50.0
9.0,104.0,48.0
9.0,107.0,47.0
9.0,102.0,45.0
8.0,101.0,47.0
9.0,100.0,51.0
9.0,98.0,53.0
9.0,95.0,50.0
8.0,91.0,48.0
9.0,89.0,46.0
9.0,86.0,46.0
10.0,84.0,46.0
9.0,80.0,47.0
9.0,80.0,46.0
8.0,81.0,44.0
9.0,78.0,44.0
10.0,75.0,42.0
9.0,76.0,43.0
10.0,78.0,44.0
9.0,74.0,43.0
11.0,71.0,44.0
10.0,70.0,44.0
11.0,69.0,44.0
11.0,66.0,42.0
11.0,63.0,40.0
11.0,60.0,40.0
12.0,58.0,39.0
13.0,57.0,39.0
13.0,55.0,40.0
13.0,53.0,39.0
15.0,52.0,39.0
16.0,50.0,38.0
16.0,48.0,40.0
16.0,46.0,38.0
16.0,47.0,38.0
17.0,45.0,36.0
16.0,43.0,38.0
16.0,41.0,38.0
16.0,40.0,42.0
17.0,39.0,43.0
16.0,40.0,42.0
15.0,39.0,40.0
15.0,39.0,40.0
15.0,37.0,43.0
15.0,35.0,41.0
15.0,35.0,40.0
14.0,34.0,40.0
14.0,32.0,40.0
13.0,31.0,38.0
13.0,31.0,36.0
13.0,31.0,36.0
12.0,30.0,35.0
12.0,29.0,36.0
12.0,28.0,38.0
11.0,27.0,39.0
11.0,27.0,39.0
11.0,27.0,37.0
11.0,27.0,36.0
11.0,26.0,36.0
10.0,26.0,41.0
10.0,26.0,42.0
11.0,25.0,42.0
11.0,24.0,40.0
11.0,23.0,39.0
10.0,23.0,41.0
11.0,23.0,40.0
10.0,23.0,41.0
10.0,22.0,39.0
10.0,22.0,38.0
11.0,21.0,38.0
10.0,21.0,40.0
10.0,22.0,39.0
11.0,21.0,41.0
10.0,21.0,43.0
10.0,21.0,41.0
10.0,21.0,48.0
11.0,21.0,48.0
11.0,20.0,48.0
12.0,23.0,46.0
13.0,24.0,47.0
14.0,23.0,48.0
13.0,22.0,48.0
13.0,22.0,46.0
13.0,22.0,45.0
13.0,22.0,44.0
13.0,21.0,47.0
13.0,21.0,47.0
12.0,20.0,49.0
13.0,20.0,54.0
13.0,20.0,55.0
12.0,20.0,53.0
13.0,20.0,52.0
11.0,20.0,49.0
11.0,20.0,52.0
11.0,20.0,50.0
11.0,20.0,49.0
11.0,20.0,48.0
11.0,20.0,45.0
11.0,20.0,43.0
11.0,19.0,45.0
10.0,20.0,44.0
9.0,20.0,44.0
9.0,20.0,47.0
10.0,20.0,48.0
10.0,20.0,47.0
10.0,19.0,46.0
10.0,20.0,45.0
10.0,20.0,45.0
9.0,19.0,43.0
9.0,20.0,42.0
9.0,19.0,43.0
9.0,19.0,43.0
10.0,19.0,43.0
9.0,19.0,43.0
9.0,18.0,43.0
9.0,19.0,43.0
9.0,19.0,41.0
9.0,19.0,41.0
9.0,20.0,40.0
9.0,20.0,39.0
9.0,20.0,40.0
9.0,19.0,40.0
10.0,19.0,42.0
9.0,19.0,45.0
11.0,19.0,45.0
11.0,19.0,44.0
11.0,19.0,47.0
12.0,19.0,48.0
13.0,19.0,45.0
13.0,19.0,47.0
13.0,19.0,46.0
12.0,19.0,44.0
14.0,18.0,45.0
13.0,19.0,46.0
13.0,19.0,45.0
13.0,19.0,47.0
13.0,19.0,50.0
14.0,19.0,50.0
13.0,19.0,50.0
14.0,19.0,49.0
15.0,19.0,51.0
15.0,19.0,50.0
14.0,19.0,48.0
16.0,18.0,47.0
16.0,19.0,47.0
16.0,19.0,51.0
16.0,19.0,50.0
16.0,19.0,49.0
17.0,19.0,47.0
17.0,18.0,46.0
17.0,18.0,45.0
17.0,18.0,46.0
17.0,19.0,44.0
16.0,19.0,42.0
17.0,18.0,46.0
18.0,19.0,45.0
18.0,20.0,45.0
18.0,19.0,46.0
18.0,20.0,45.0
18.0,19.0,46.0
19.0,19.0,48.0
19.0,19.0,46.0
19.0,19.0,46.0
20.0,19.0,45.0
19.0,20.0,43.0
19.0,19.0,42.0
19.0,19.0,43.0
20.0,19.0,43.0
20.0,18.0,43.0
19.0,18.0,44.0
20.0,18.0,43.0
20.0,18.0,41.0
65.0,60.0,95.0
72.0,62.0,99.0
121.0,68.0,106.0
144.0,76.0,111.0
180.0,91.0,105.0
192.0,88.0,102.0
195.0,99.0,101.0
193.0,117.0,107.0
175.0,114.0,110.0
157.0,108.0,111.0
144.0,113.0,129.0
135.0,107.0,123.0
123.0,110.0,124.0
111.0,114.0,124.0
100.0,110.0,116.0
91.0,112.0,113.0
84.0,112.0,121.0
78.0,113.0,124.0
71.0,115.0,120.0
83.0,123.0,113.0
95.0,114.0,122.0
96.0,119.0,120.0
90.0,132.0,133.0
83.0,142.0,130.0
78.0,169.0,125.0
72.0,161.0,131.0
67.0,151.0,131.0
64.0,186.0,129.0
59.0,185.0,129.0
55.0,182.0,136.0
50.0,173.0,131.0
46.0,161.0,137.0
50.0,166.0,143.0
47.0,169.0,142.0
44.0,177.0,153.0
42.0,207.0,160.0
39.0,193.0,164.0
37.0,183.0,163.0
44.0,173.0,153.0
41.0,162.0,148.0
39.0,152.0,141.0
40.0,149.0,142.0
39.0,145.0,142.0
36.0,138.0,143.0
34.0,133.0,141.0
31.0,125.0,136.0
29.0,117.0,138.0
28.0,117.0,141.0
29.0,116.0,136.0
31.0,114.0,137.0
32.0,125.0,138.0
37.0,128.0,140.0
39.0,127.0,145.0
46.0,122.0,146.0
50.0,140.0,137.0
58.0,141.0,138.0
64.0,143.0,132.0
72.0,140.0,123.0
77.0,134.0,118.0
82.0,127.0,120.0
86.0,118.0,142.0
90.0,110.0,187.0
96.0,102.0,184.0
100.0,100.0,178.0
106.0,93.0,171.0
109.0,86.0,171.0
113.0,84.0,163.0
116.0,79.0,156.0
116.0,86.0,162.0
120.0,85.0,164.0
118.0,83.0,203.0
118.0,79.0,199.0
115.0,75.0,191.0
113.0,85.0,182.0
110.0,87.0,187.0
101.0,92.0,193.0
96.0,92.0,198.0
88.0,92.0,211.0
84.0,87.0,206.0
77.0,84.0,202.0
72.0,80.0,210.0
67.0,78.0,200.0
61.0,75.0,208.0
58.0,73.0,220.0
52.0,74.0,240.0
49.0,70.0,241.0
46.0,66.0,234.0
43.0,67.0,233.0
41.0,66.0,228.0
38.0,64.0,225.0
36.0,62.0,239.0
36.0,68.0,237.0
34.0,80.0,223.0
34.0,89.0,229.0
32.0,110.0,247.0
35.0,117.0,243.0
35.0,154.0,231.0
35.0,183.0,238.0
35.0,214.0,243.0
35.0,234.0,240.0
37.0,270.0,237.0
40.0,307.0,236.0
41.0,339.0,247.0
43.0,375.0,242.0
42.0,397.0,253.0
45.0,444.0,243.0
44.0,469.0,251.0
41.0,518.0,244.0
43.0,540.0,256.0
40.0,586.0,252.0
38.0,603.0,242.0
36.0,636.0,236.0
33.0,644.0,231.0
32.0,671.0,230.0
30.0,701.0,237.0
28.0,740.0,229.0
27.0,754.0,239.0
25.0,762.0,239.0
23.0,789.0,227.0
22.0,790.0,227.0
21.0,810.0,224.0
20.0,829.0,228.0
19.0,833.0,226.0
18.0,844.0,220.0
17.0,860.0,212.0
16.0,863.0,214.0
16.0,882.0,228.0
16.0,869.0,225.0
16.0,871.0,216.0
16.0,876.0,206.0
16.0,880.0,205.0
14.0,886.0,198.0
14.0,880.0,202.0
13.0,883.0,189.0
13.0,875.0,179.0
13.0,863.0,189.0
13.0,870.0,187.0
11.0,863.0,183.0
12.0,859.0,181.0
12.0,861.0,175.0
12.0,841.0,176.0
13.0,839.0,171.0
11.0,838.0,169.0
11.0,826.0,161.0
11.0,817.0,171.0
11.0,814.0,167.0
10.0,802.0,162.0
11.0,794.0,180.0
10.0,789.0,170.0
11.0,784.0,161.0
10.0,770.0,154.0
10.0,758.0,153.0
10.0,767.0,156.0
10.0,751.0,159.0
10.0,739.0,160.0
10.0,737.0,156.0
10.0,718.0,154.0
10.0,714.0,161.0
10.0,703.0,160.0
10.0,702.0,165.0
10.0,688.0,164.0
10.0,676.0,165.0
10.0,664.0,157.0
10.0,652.0,154.0
9.0,654.0,157.0
9.0,650.0,147.0
9.0,632.0,153.0
9.0,629.0,143.0
9.0,621.0,139.0
10.0,612.0,144.0
8.0,600.0,134.0
9.0,593.0,128.0
9.0,580.0,146.0
9.0,575.0,146.0
10.0,568.0,146.0
9.0,560.0,142.0
10.0,555.0,134.0
9.0,544.0,132.0
9.0,533.0,135.0
9.0,527.0,138.0
10.0,510.0,146.0
9.0,506.0,134.0
9.0,499.0,136.0
10.0,491.0,136.0
9.0,483.0,137.0
9.0,481.0,138.0
9.0,468.0,136.0
10.0,455.0,134.0
10.0,453.0,127.0
9.0,442.0,120.0
10.0,430.0,122.0
10.0,424.0,127.0
9.0,420.0,125.0
9.0,410.0,134.0
9.0,404.0,130.0
9.0,410.0,126.0
9.0,388.0,118.0
9.0,381.0,112.0
9.0,368.0,112.0
9.0,368.0,116.0
10.0,369.0,111.0
11.0,354.0,109.0
10.0,347.0,102.0
10.0,348.0,95.0
10.0,330.0,105.0
10.0,329.0,99.0
10.0,323.0,95.0
10.0,314.0,93.0
11.0,310.0,88.0
10.0,306.0,90.0
11.0,298.0,87.0
11.0,292.0,85.0
12.0,277.0,88.0
13.0,278.0,93.0
13.0,271.0,93.0
14.0,268.0,87.0
13.0,263.0,84.0
13.0,262.0,81.0
15.0,249.0,82.0
15.0,242.0,79.0
16.0,234.0,77.0
18.0,222.0,76.0
19.0,213.0,73.0
20.0,202.0,73.0
20.0,194.0,72.0
22.0,186.0,71.0
23.0,187.0,69.0
25.0,180.0,70.0
28.0,169.0,73.0
29.0,161.0,68.0
30.0,154.0,66.0
32.0,143.0,66.0
33.0,134.0,71.0
34.0,127.0,70.0
36.0,120.0,67.0
38.0,112.0,67.0
40.0,106.0,64.0
42.0,99.0,63.0
43.0,98.0,59.0
46.0,93.0,60.0
48.0,87.0,60.0
48.0,83.0,58.0
51.0,78.0,58.0
53.0,74.0,59.0
54.0,72.0,57.0
56.0,69.0,58.0
58.0,69.0,58.0
59.0,66.0,57.0
60.0,62.0,55.0
61.0,60.0,56.0
62.0,58.0,55.0
63.0,63.0,55.0
63.0,63.0,54.0
64.0,61.0,53.0
65.0,63.0,52.0
66.0,69.0,52.0
66.0,67.0,50.0
65.0,65.0,49.0
66.0,73.0,48.0
66.0,76.0,46.0
65.0,89.0,45.0
65.0,91.0,43.0
66.0,100.0,42.0
65.0,109.0,41.0
64.0,118.0,40.0
64.0,128.0,38.0
63.0,137.0,37.0
63.0,150.0,34.0
62.0,163.0,34.0
61.0,172.0,32.0
59.0,183.0,31.0
58.0,199.0,30.0
57.0,214.0,30.0
55.0,212.0,29.0
53.0,224.0,29.0
50.0,237.0,27.0
49.0,249.0,28.0
46.0,260.0,28.0
43.0,267.0,29.0
41.0,279.0,30.0
38.0,287.0,35.0
36.0,297.0,35.0
34.0,304.0,37.0
31.0,318.0,36.0
30.0,323.0,38.0
30.0,329.0,42.0
29.0,336.0,43.0
27.0,343.0,45.0
26.0,351.0,47.0
24.0,355.0,47.0
22.0,368.0,50.0
22.0,372.0,53.0
21.0,379.0,55.0
19.0,389.0,56.0
19.0,392.0,62.0
18.0,397.0,62.0
17.0,403.0,66.0
17.0,405.0,70.0
15.0,406.0,70.0
16.0,406.0,73.0
20.0,68.0,120.0
18.0,67.0,130.0
18.0,62.0,121.0
18.0,61.0,117.0
18.0,62.0,122.0
19.0,63.0,125.0
23.0,65.0,130.0
22.0,74.0,157.0
23.0,72.0,159.0
30.0,77.0,170.0
31.0,76.0,171.0
40.0,96.0,165.0
41.0,111.0,157.0
42.0,103.0,158.0
43.0,103.0,156.0
43.0,112.0,159.0
43.0,108.0,155.0
40.0,128.0,152.0
42.0,143.0,148.0
56.0,156.0,153.0
55.0,159.0,156.0
52.0,151.0,163.0
52.0,174.0,168.0
48.0,184.0,168.0
53.0,176.0,161.0
57.0,189.0,155.0
52.0,203.0,168.0
51.0,189.0,161.0
51.0,199.0,156.0
47.0,206.0,163.0
46.0,200.0,159.0
43.0,186.0,159.0
39.0,174.0,155.0
37.0,169.0,159.0
34.0,159.0,173.0
33.0,163.0,167.0
30.0,161.0,184.0
29.0,156.0,181.0
27.0,151.0,177.0
25.0,155.0,170.0
23.0,145.0,161.0
23.0,158.0,161.0
21.0,157.0,162.0
20.0,148.0,173.0
20.0,144.0,178.0
18.0,135.0,179.0
19.0,131.0,191.0
18.0,129.0,186.0
19.0,133.0,183.0
18.0,135.0,180.0
18.0,126.0,178.0
20.0,123.0,182.0
21.0,117.0,182.0
20.0,109.0,182.0
18.0,119.0,172.0
18.0,144.0,179.0
18.0,167.0,195.0
17.0,162.0,208.0
18.0,169.0,211.0
18.0,173.0,208.0
21.0,165.0,222.0
25.0,154.0,220.0
26.0,148.0,203.0
30.0,140.0,192.0
33.0,148.0,177.0
38.0,165.0,166.0
42.0,157.0,156.0
46.0,171.0,147.0
49.0,164.0,138.0
54.0,155.0,135.0
57.0,150.0,133.0
56.0,145.0,147.0
61.0,134.0,148.0
66.0,133.0,144.0
69.0,124.0,149.0
71.0,115.0,140.0
72.0,107.0,133.0
73.0,100.0,131.0
73.0,93.0,128.0
70.0,99.0,123.0
71.0,100.0,125.0
71.0,95.0,124.0
69.0,117.0,138.0
71.0,114.0,155.0
69.0,114.0,162.0
68.0,108.0,159.0
64.0,104.0,157.0
63.0,97.0,149.0
59.0,91.0,142.0
54.0,92.0,142.0
50.0,87.0,136.0
46.0,82.0,134.0
44.0,78.0,150.0
40.0,74.0,158.0
38.0,75.0,159.0
36.0,72.0,157.0
33.0,72.0,153.0
32.0,67.0,171.0
29.0,67.0,167.0
30.0,64.0,158.0
29.0,62.0,167.0
28.0,59.0,169.0
29.0,71.0,167.0
31.0,81.0,173.0
33.0,85.0,185.0
33.0,117.0,190.0
35.0,138.0,193.0
37.0,147.0,197.0
39.0,177.0,187.0
43.0,195.0,186.0
47.0,220.0,196.0
48.0,262.0,191.0
52.0,292.0,190.0
54.0,324.0,193.0
56.0,373.0,182.0
58.0,386.0,180.0
57.0,425.0,179.0
57.0,440.0,176.0
55.0,472.0,174.0
53.0,493.0,186.0
50.0,522.0,195.0
46.0,567.0,182.0
44.0,580.0,184.0
42.0,591.0,189.0
39.0,628.0,180.0
37.0,639.0,184.0
34.0,651.0,173.0
32.0,663.0,181.0
30.0,685.0,170.0
28.0,697.0,162.0
26.0,712.0,162.0
25.0,719.0,155.0
24.0,717.0,159.0
22.0,730.0,167.0
21.0,745.0,165.0
21.0,740.0,164.0
19.0,739.0,170.0
19.0,749.0,171.0
18.0,737.0,164.0
17.0,762.0,158.0
17.0,754.0,159.0
15.0,755.0,149.0
15.0,742.0,152.0
14.0,744.0,148.0
14.0,737.0,157.0
13.0,718.0,160.0
13.0,719.0,164.0
13.0,727.0,157.0
13.0,722.0,150.0
12.0,731.0,145.0
12.0,713.0,142.0
11.0,706.0,145.0
12.0,694.0,155.0
11.0,681.0,151.0
11.0,682.0,143.0
10.0,686.0,141.0
11.0,671.0,140.0
10.0,667.0,135.0
11.0,648.0,155.0
11.0,652.0,150.0
10.0,642.0,142.0
10.0,642.0,132.0
10.0,638.0,128.0
10.0,625.0,127.0
10.0,625.0,121.0
10.0,606.0,120.0
10.0,602.0,121.0
10.0,597.0,123.0
10.0,586.0,125.0
10.0,582.0,124.0
10.0,571.0,118.0
10.0,578.0,113.0
9.0,556.0,114.0
9.0,552.0,122.0
9.0,547.0,119.0
9.0,535.0,118.0
9.0,532.0,118.0
9.0,532.0,120.0
9.0,542.0,117.0
9.0,536.0,116.0
9.0,523.0,111.0
9.0,521.0,108.0
9.0,505.0,109.0
9.0,512.0,109.0
10.0,502.0,107.0
10.0,504.0,107.0
9.0,491.0,105.0
9.0,474.0,108.0
9.0,469.0,111.0
9.0,477.0,112.0
9.0,467.0,111.0
9.0,462.0,110.0
9.0,462.0,107.0
9.0,452.0,109.0
9.0,456.0,115.0
9.0,437.0,110.0
10.0,450.0,108.0
9.0,437.0,102.0
9.0,420.0,108.0
9.0,417.0,102.0
10.0,409.0,111.0
9.0,402.0,116.0
10.0,408.0,122.0
9.0,405.0,113.0
9.0,395.0,116.0
9.0,407.0,113.0
9.0,396.0,111.0
10.0,382.0,105.0
9.0,376.0,115.0
10.0,370.0,115.0
9.0,364.0,114.0
10.0,362.0,111.0
9.0,361.0,106.0
9.0,354.0,99.0
9.0,352.0,96.0
9.0,344.0,95.0
9.0,336.0,97.0
10.0,336.0,93.0
9.0,335.0,90.0
8.0,330.0,87.0
9.0,343.0,86.0
10.0,328.0,94.0
10.0,322.0,91.0
10.0,314.0,93.0
9.0,318.0,87.0
9.0,309.0,85.0
10.0,302.0,84.0
10.0,303.0,85.0
10.0,293.0,84.0
10.0,295.0,88.0
10.0,284.0,85.0
11.0,292.0,92.0
10.0,294.0,94.0
12.0,281.0,95.0
11.0,286.0,91.0
12.0,272.0,91.0
13.0,267.0,87.0
12.0,271.0,84.0
13.0,270.0,81.0
13.0,266.0,82.0
14.0,258.0,84.0
15.0,252.0,80.0
15.0,255.0,77.0
16.0,250.0,72.0
17.0,242.0,71.0
18.0,235.0,68.0
18.0,230.0,70.0
20.0,229.0,72.0
21.0,224.0,72.0
21.0,228.0,71.0
22.0,225.0,72.0
22.0,215.0,73.0
24.0,211.0,76.0
25.0,202.0,82.0
27.0,206.0,84.0
28.0,200.0,82.0
28.0,195.0,80.0
30.0,184.0,79.0
32.0,174.0,78.0
33.0,180.0,83.0
32.0,178.0,80.0
33.0,170.0,78.0
33.0,172.0,74.0
33.0,166.0,73.0
34.0,158.0,73.0
35.0,155.0,72.0
37.0,150.0,70.0
38.0,144.0,69.0
39.0,138.0,73.0
40.0,133.0,69.0
41.0,127.0,66.0
42.0,121.0,65.0
43.0,116.0,65.0
45.0,109.0,66.0
45.0,106.0,64.0
48.0,103.0,63.0
49.0,96.0,65.0
49.0,102.0,64.0
50.0,95.0,64.0
52.0,90.0,64.0
54.0,84.0,63.0
53.0,82.0,62.0
54.0,78.0,61.0
56.0,74.0,63.0
56.0,70.0,63.0
56.0,66.0,62.0
57.0,63.0,60.0
59.0,60.0,59.0
59.0,57.0,61.0
60.0,55.0,61.0
60.0,52.0,59.0
61.0,51.0,61.0
62.0,49.0,58.0
63.0,50.0,59.0
64.0,53.0,59.0
64.0,52.0,59.0
65.0,50.0,58.0
65.0,53.0,56.0
66.0,54.0,55.0
65.0,54.0,55.0
