18.0,76.0,87.0
18.0,77.0,89.0
21.0,90.0,87.0
25.0,98.0,85.0
26.0,111.0,89.0
28.0,113.0,85.0
32.0,106.0,83.0
36.0,100.0,81.0
36.0,95.0,85.0
42.0,97.0,82.0
48.0,100.0,81.0
55.0,105.0,79.0
53.0,100.0,90.0
65.0,97.0,86.0
71.0,99.0,89.0
75.0,93.0,88.0
77.0,95.0,86.0
84.0,113.0,89.0
89.0,114.0,89.0
97.0,112.0,84.0
100.0,120.0,83.0
100.0,113.0,89.0
106.0,106.0,92.0
114.0,120.0,101.0
116.0,145.0,109.0
114.0,143.0,109.0
109.0,132.0,109.0
112.0,127.0,117.0
106.0,119.0,131.0
104.0,127.0,137.0
111.0,130.0,144.0
110.0,125.0,137.0
109.0,127.0,131.0
99.0,153.0,140.0
94.0,152.0,147.0
97.0,147.0,143.0
101.0,143.0,142.0
100.0,159.0,140.0
98.0,181.0,146.0
92.0,184.0,150.0
87.0,195.0,159.0
84.0,200.0,164.0
85.0,186.0,160.0
81.0,172.0,155.0
78.0,171.0,155.0
73.0,200.0,149.0
67.0,187.0,144.0
63.0,183.0,144.0
77.0,172.0,142.0
85.0,174.0,136.0
86.0,191.0,150.0
87.0,180.0,165.0
81.0,181.0,172.0
87.0,237.0,172.0
101.0,231.0,168.0
117.0,246.0,167.0
109.0,234.0,164.0
101.0,249.0,168.0
100.0,242.0,157.0
97.0,246.0,159.0
97.0,257.0,151.0
91.0,290.0,151.0
85.0,281.0,155.0
80.0,303.0,157.0
80.0,294.0,147.0
88.0,292.0,145.0
84.0,278.0,151.0
86.0,292.0,148.0
85.0,292.0,144.0
85.0,293.0,147.0
84.0,316.0,158.0
83.0,313.0,160.0
76.0,312.0,156.0
71.0,344.0,161.0
81.0,349.0,149.0
80.0,384.0,145.0
81.0,411.0,142.0
74.0,395.0,144.0
67.0,422.0,138.0
67.0,423.0,134.0
79.0,457.0,125.0
80.0,479.0,126.0
86.0,485.0,124.0
87.0,498.0,127.0
95.0,523.0,121.0
89.0,539.0,121.0
81.0,534.0,119.0
75.0,566.0,125.0
71.0,572.0,136.0
70.0,574.0,130.0
67.0,598.0,138.0
73.0,611.0,147.0
76.0,632.0,137.0
79.0,636.0,132.0
94.0,626.0,129.0
87.0,633.0,130.0
83.0,667.0,131.0
97.0,664.0,122.0
97.0,655.0,122.0
92.0,661.0,114.0
90.0,662.0,115.0
101.0,681.0,112.0
95.0,665.0,114.0
104.0,670.0,121.0
98.0,665.0,117.0
107.0,661.0,123.0
104.0,645.0,118.0
115.0,640.0,124.0
106.0,636.0,133.0
111.0,616.0,134.0
105.0,613.0,189.0
105.0,594.0,184.0
95.0,587.0,178.0
105.0,565.0,169.0
151.0,538.0,160.0
153.0,522.0,148.0
140.0,499.0,139.0
133.0,474.0,141.0
129.0,446.0,142.0
157.0,435.0,138.0
147.0,411.0,142.0
137.0,402.0,137.0
138.0,366.0,132.0
135.0,370.0,138.0
129.0,342.0,133.0
144.0,320.0,129.0
152.0,295.0,125.0
145.0,280.0,117.0
135.0,258.0,136.0
129.0,246.0,140.0
135.0,238.0,156.0
126.0,225.0,147.0
130.0,221.0,140.0
144.0,209.0,133.0
147.0,197.0,127.0
145.0,186.0,125.0
146.0,200.0,120.0
167.0,197.0,117.0
193.0,186.0,117.0
219.0,174.0,115.0
253.0,161.0,116.0
272.0,155.0,119.0
269.0,150.0,126.0
285.0,150.0,135.0
295.0,143.0,134.0
349.0,162.0,138.0
392.0,173.0,142.0
416.0,167.0,145.0
427.0,170.0,154.0
468.0,178.0,178.0
494.0,181.0,192.0
500.0,181.0,217.0
500.0,169.0,249.0
527.0,165.0,288.0
524.0,190.0,318.0
513.0,182.0,332.0
541.0,179.0,369.0
527.0,167.0,392.0
555.0,177.0,395.0
617.0,202.0,432.0
635.0,193.0,468.0
683.0,182.0,466.0
721.0,200.0,484.0
766.0,226.0,500.0
814.0,250.0,523.0
861.0,265.0,515.0
910.0,259.0,535.0
976.0,253.0,554.0
950.0,246.0,533.0
948.0,236.0,539.0
936.0,283.0,538.0
920.0,274.0,542.0
903.0,275.0,547.0
879.0,269.0,536.0
862.0,260.0,542.0
845.0,247.0,531.0
837.0,239.0,513.0
808.0,247.0,531.0
790.0,244.0,527.0
799.0,233.0,519.0
740.0,231.0,511.0
721.0,233.0,503.0
670.0,219.0,479.0
632.0,225.0,471.0
589.0,220.0,474.0
557.0,221.0,450.0
525.0,227.0,467.0
498.0,216.0,454.0
463.0,209.0,446.0
418.0,193.0,428.0
379.0,212.0,418.0
361.0,205.0,399.0
344.0,204.0,393.0
347.0,196.0,381.0
343.0,198.0,381.0
333.0,185.0,385.0
335.0,180.0,362.0
359.0,184.0,355.0
371.0,172.0,342.0
386.0,158.0,334.0
408.0,151.0,329.0
425.0,146.0,328.0
452.0,149.0,321.0
470.0,146.0,315.0
498.0,135.0,308.0
538.0,129.0,301.0
576.0,120.0,294.0
614.0,113.0,288.0
655.0,108.0,279.0
705.0,102.0,268.0
760.0,97.0,258.0
813.0,93.0,245.0
867.0,90.0,233.0
921.0,87.0,219.0
972.0,89.0,207.0
979.0,89.0,194.0
979.0,84.0,189.0
979.0,83.0,185.0
980.0,89.0,176.0
979.0,84.0,164.0
980.0,84.0,169.0
979.0,91.0,169.0
980.0,90.0,169.0
979.0,91.0,170.0
979.0,108.0,184.0
980.0,105.0,198.0
980.0,101.0,223.0
980.0,106.0,234.0
979.0,104.0,242.0
979.0,101.0,264.0
979.0,108.0,276.0
980.0,101.0,274.0
980.0,102.0,302.0
980.0,98.0,310.0
980.0,101.0,321.0
980.0,100.0,331.0
979.0,96.0,339.0
979.0,94.0,352.0
979.0,93.0,360.0
980.0,89.0,356.0
980.0,83.0,357.0
980.0,85.0,369.0
980.0,80.0,361.0
979.0,75.0,374.0
980.0,71.0,372.0
980.0,70.0,382.0
979.0,66.0,386.0
980.0,63.0,382.0
980.0,66.0,383.0
980.0,67.0,379.0
980.0,64.0,381.0
979.0,64.0,375.0
980.0,60.0,368.0
980.0,66.0,369.0
979.0,64.0,370.0
979.0,62.0,374.0
979.0,59.0,366.0
979.0,56.0,355.0
933.0,53.0,355.0
856.0,51.0,351.0
781.0,48.0,332.0
719.0,45.0,329.0
677.0,43.0,334.0
647.0,41.0,318.0
626.0,39.0,297.0
616.0,38.0,289.0
610.0,36.0,300.0
610.0,34.0,296.0
614.0,33.0,288.0
621.0,32.0,276.0
629.0,31.0,271.0
638.0,30.0,271.0
648.0,29.0,257.0
658.0,28.0,248.0
670.0,27.0,244.0
681.0,26.0,231.0
693.0,26.0,228.0
703.0,25.0,224.0
712.0,25.0,216.0
721.0,24.0,210.0
730.0,24.0,199.0
738.0,23.0,192.0
744.0,23.0,189.0
751.0,23.0,182.0
758.0,23.0,177.0
761.0,21.0,169.0
766.0,22.0,162.0
770.0,22.0,158.0
774.0,22.0,154.0
777.0,22.0,149.0
779.0,20.0,139.0
780.0,20.0,134.0
781.0,21.0,133.0
782.0,20.0,126.0
783.0,21.0,117.0
784.0,23.0,117.0
786.0,23.0,115.0
786.0,23.0,114.0
787.0,22.0,108.0
791.0,24.0,103.0
78.0,122.0,78.0
85.0,131.0,79.0
88.0,145.0,84.0
89.0,139.0,89.0
99.0,135.0,95.0
106.0,134.0,93.0
113.0,146.0,92.0
120.0,152.0,88.0
129.0,146.0,90.0
134.0,147.0,94.0
133.0,147.0,97.0
147.0,144.0,97.0
157.0,162.0,105.0
163.0,171.0,105.0
166.0,162.0,110.0
168.0,154.0,113.0
170.0,150.0,115.0
180.0,159.0,113.0
184.0,153.0,113.0
191.0,149.0,111.0
189.0,162.0,132.0
191.0,149.0,131.0
185.0,150.0,138.0
192.0,163.0,140.0
192.0,172.0,138.0
181.0,166.0,137.0
183.0,183.0,144.0
185.0,207.0,139.0
181.0,192.0,131.0
168.0,184.0,124.0
163.0,185.0,118.0
153.0,175.0,113.0
155.0,174.0,114.0
148.0,181.0,109.0
137.0,180.0,108.0
139.0,171.0,103.0
131.0,172.0,97.0
125.0,188.0,102.0
122.0,182.0,105.0
113.0,173.0,106.0
109.0,168.0,110.0
113.0,156.0,114.0
107.0,163.0,115.0
98.0,172.0,113.0
96.0,166.0,109.0
102.0,168.0,111.0
100.0,178.0,112.0
110.0,179.0,112.0
103.0,174.0,128.0
102.0,206.0,145.0
94.0,219.0,166.0
95.0,206.0,192.0
115.0,222.0,189.0
127.0,237.0,182.0
152.0,274.0,203.0
153.0,330.0,201.0
198.0,346.0,217.0
205.0,324.0,208.0
196.0,326.0,208.0
180.0,367.0,209.0
168.0,376.0,197.0
159.0,385.0,183.0
173.0,398.0,174.0
190.0,440.0,170.0
215.0,448.0,175.0
201.0,452.0,175.0
188.0,444.0,161.0
179.0,497.0,156.0
166.0,500.0,182.0
155.0,549.0,180.0
143.0,534.0,178.0
135.0,550.0,177.0
126.0,592.0,173.0
124.0,584.0,176.0
139.0,610.0,174.0
130.0,609.0,172.0
126.0,608.0,160.0
116.0,639.0,161.0
116.0,655.0,165.0
122.0,643.0,162.0
112.0,656.0,157.0
115.0,663.0,165.0
110.0,661.0,161.0
104.0,639.0,159.0
97.0,641.0,160.0
95.0,638.0,155.0
96.0,619.0,142.0
90.0,602.0,139.0
86.0,619.0,143.0
79.0,613.0,139.0
73.0,605.0,134.0
76.0,585.0,125.0
71.0,564.0,127.0
66.0,553.0,129.0
61.0,540.0,131.0
56.0,509.0,123.0
55.0,489.0,119.0
55.0,482.0,114.0
55.0,453.0,110.0
54.0,446.0,111.0
49.0,442.0,127.0
49.0,412.0,135.0
47.0,395.0,157.0
43.0,388.0,152.0
43.0,371.0,147.0
47.0,363.0,156.0
47.0,351.0,152.0
47.0,328.0,148.0
55.0,306.0,149.0
66.0,301.0,142.0
64.0,303.0,141.0
67.0,315.0,144.0
86.0,327.0,141.0
117.0,310.0,136.0
133.0,322.0,140.0
150.0,305.0,141.0
146.0,303.0,145.0
163.0,279.0,156.0
181.0,269.0,170.0
176.0,251.0,165.0
186.0,242.0,154.0
185.0,224.0,144.0
181.0,228.0,141.0
198.0,214.0,134.0
226.0,199.0,135.0
229.0,206.0,136.0
219.0,214.0,132.0
209.0,225.0,134.0
243.0,212.0,134.0
244.0,210.0,135.0
239.0,206.0,145.0
224.0,235.0,162.0
223.0,244.0,173.0
211.0,232.0,192.0
205.0,222.0,208.0
193.0,233.0,235.0
191.0,225.0,256.0
220.0,266.0,276.0
222.0,282.0,306.0
263.0,304.0,331.0
301.0,332.0,347.0
340.0,326.0,390.0
383.0,321.0,404.0
404.0,312.0,412.0
449.0,302.0,432.0
483.0,289.0,436.0
520.0,279.0,454.0
545.0,275.0,460.0
583.0,263.0,471.0
612.0,272.0,476.0
615.0,271.0,459.0
611.0,263.0,475.0
647.0,259.0,480.0
627.0,265.0,490.0
623.0,291.0,490.0
627.0,281.0,470.0
626.0,288.0,481.0
584.0,286.0,473.0
527.0,282.0,484.0
488.0,265.0,473.0
491.0,264.0,470.0
476.0,288.0,461.0
507.0,284.0,439.0
568.0,273.0,429.0
617.0,252.0,420.0
645.0,268.0,418.0
643.0,282.0,427.0
691.0,302.0,419.0
743.0,298.0,394.0
773.0,293.0,405.0
771.0,272.0,396.0
828.0,273.0,396.0
859.0,252.0,387.0
903.0,245.0,381.0
935.0,277.0,368.0
942.0,259.0,360.0
969.0,266.0,360.0
979.0,288.0,350.0
979.0,277.0,343.0
979.0,253.0,334.0
980.0,239.0,328.0
979.0,221.0,322.0
979.0,208.0,318.0
979.0,195.0,307.0
979.0,183.0,300.0
979.0,173.0,292.0
979.0,166.0,283.0
980.0,160.0,277.0
980.0,154.0,264.0
979.0,164.0,257.0
979.0,170.0,262.0
979.0,162.0,248.0
979.0,166.0,227.0
979.0,184.0,213.0
980.0,179.0,214.0
980.0,177.0,212.0
979.0,171.0,223.0
979.0,167.0,237.0
979.0,172.0,248.0
980.0,166.0,263.0
979.0,172.0,266.0
980.0,160.0,290.0
979.0,149.0,315.0
978.0,142.0,338.0
979.0,134.0,357.0
980.0,125.0,369.0
979.0,123.0,383.0
979.0,120.0,383.0
980.0,115.0,396.0
980.0,109.0,409.0
980.0,106.0,414.0
980.0,101.0,398.0
980.0,101.0,419.0
979.0,93.0,430.0
980.0,88.0,428.0
949.0,85.0,423.0
900.0,81.0,433.0
845.0,78.0,415.0
787.0,74.0,419.0
725.0,70.0,426.0
661.0,67.0,425.0
610.0,64.0,413.0
578.0,62.0,406.0
559.0,59.0,404.0
547.0,55.0,400.0
540.0,53.0,382.0
541.0,51.0,365.0
545.0,49.0,371.0
552.0,45.0,370.0
561.0,44.0,360.0
574.0,42.0,351.0
588.0,40.0,342.0
604.0,38.0,337.0
618.0,37.0,321.0
633.0,34.0,305.0
649.0,34.0,304.0
663.0,32.0,303.0
676.0,31.0,295.0
691.0,31.0,288.0
704.0,29.0,287.0
714.0,28.0,276.0
727.0,28.0,266.0
737.0,27.0,261.0
745.0,27.0,252.0
752.0,26.0,243.0
759.0,25.0,234.0
764.0,25.0,224.0
769.0,24.0,213.0
771.0,23.0,208.0
773.0,23.0,202.0
774.0,22.0,192.0
775.0,23.0,187.0
775.0,22.0,180.0
775.0,22.0,175.0
774.0,23.0,166.0
773.0,21.0,159.0
772.0,21.0,153.0
771.0,21.0,146.0
770.0,21.0,140.0
768.0,20.0,133.0
766.0,21.0,125.0
760.0,20.0,119.0
755.0,20.0,112.0
753.0,20.0,108.0
753.0,20.0,103.0
750.0,19.0,98.0
747.0,19.0,94.0
743.0,21.0,90.0
737.0,22.0,84.0
733.0,22.0,82.0
728.0,21.0,77.0
722.0,22.0,74.0
716.0,21.0,69.0
709.0,22.0,65.0
702.0,21.0,62.0
695.0,21.0,60.0
687.0,21.0,55.0
678.0,20.0,52.0
670.0,20.0,50.0
662.0,20.0,47.0
653.0,20.0,45.0
644.0,20.0,42.0
636.0,21.0,40.0
628.0,20.0,38.0
621.0,20.0,37.0
613.0,20.0,34.0
605.0,19.0,32.0
596.0,19.0,33.0
588.0,20.0,33.0
579.0,19.0,34.0
571.0,19.0,34.0
563.0,19.0,34.0
554.0,19.0,34.0
545.0,19.0,34.0
538.0,19.0,35.0
529.0,19.0,36.0
523.0,21.0,37.0
513.0,18.0,37.0
506.0,20.0,38.0
497.0,20.0,39.0
53.0,25.0,83.0
60.0,27.0,78.0
61.0,29.0,81.0
59.0,30.0,84.0
60.0,41.0,92.0
66.0,69.0,90.0
75.0,83.0,90.0
79.0,114.0,106.0
88.0,141.0,102.0
92.0,136.0,95.0
96.0,149.0,101.0
102.0,145.0,99.0
115.0,149.0,95.0
126.0,143.0,96.0
134.0,144.0,104.0
144.0,140.0,100.0
155.0,133.0,96.0
160.0,128.0,109.0
172.0,133.0,110.0
184.0,138.0,107.0
195.0,146.0,107.0
190.0,177.0,119.0
202.0,169.0,125.0
202.0,166.0,123.0
205.0,198.0,124.0
209.0,208.0,135.0
208.0,198.0,149.0
198.0,193.0,150.0
195.0,190.0,142.0
195.0,179.0,160.0
195.0,199.0,150.0
179.0,209.0,139.0
174.0,224.0,134.0
176.0,224.0,149.0
175.0,215.0,148.0
166.0,221.0,147.0
160.0,226.0,157.0
148.0,229.0,157.0
148.0,223.0,154.0
142.0,209.0,148.0
140.0,197.0,157.0
135.0,188.0,164.0
124.0,193.0,176.0
117.0,196.0,179.0
107.0,191.0,174.0
114.0,199.0,175.0
113.0,211.0,167.0
108.0,201.0,162.0
119.0,201.0,155.0
125.0,204.0,147.0
127.0,223.0,153.0
124.0,231.0,144.0
119.0,227.0,142.0
110.0,211.0,135.0
102.0,208.0,138.0
103.0,217.0,135.0
99.0,214.0,135.0
102.0,211.0,129.0
124.0,237.0,135.0
125.0,228.0,135.0
118.0,252.0,127.0
115.0,284.0,132.0
106.0,271.0,131.0
97.0,276.0,129.0
92.0,266.0,131.0
98.0,288.0,129.0
101.0,284.0,140.0
100.0,296.0,141.0
90.0,316.0,139.0
85.0,320.0,139.0
77.0,318.0,134.0
87.0,362.0,148.0
86.0,395.0,152.0
81.0,414.0,152.0
78.0,422.0,147.0
75.0,422.0,145.0
75.0,442.0,155.0
76.0,473.0,166.0
70.0,462.0,175.0
74.0,485.0,196.0
73.0,485.0,193.0
67.0,468.0,190.0
62.0,484.0,185.0
58.0,493.0,171.0
54.0,510.0,166.0
67.0,517.0,159.0
67.0,503.0,168.0
71.0,513.0,170.0
76.0,528.0,184.0
70.0,513.0,174.0
65.0,527.0,169.0
59.0,499.0,159.0
58.0,491.0,151.0
55.0,505.0,146.0
54.0,480.0,138.0
50.0,462.0,129.0
66.0,466.0,135.0
73.0,448.0,162.0
75.0,440.0,162.0
77.0,418.0,165.0
82.0,405.0,157.0
85.0,407.0,151.0
79.0,389.0,172.0
72.0,366.0,170.0
75.0,357.0,156.0
99.0,339.0,159.0
102.0,327.0,151.0
111.0,299.0,177.0
114.0,294.0,178.0
104.0,273.0,167.0
112.0,258.0,169.0
130.0,257.0,187.0
122.0,249.0,178.0
135.0,243.0,193.0
132.0,233.0,184.0
151.0,215.0,169.0
177.0,208.0,168.0
221.0,192.0,177.0
209.0,177.0,182.0
239.0,168.0,182.0
285.0,155.0,174.0
312.0,146.0,189.0
345.0,140.0,222.0
384.0,135.0,221.0
442.0,167.0,223.0
492.0,192.0,218.0
558.0,181.0,214.0
645.0,167.0,207.0
649.0,176.0,208.0
621.0,171.0,207.0
626.0,169.0,206.0
624.0,160.0,232.0
618.0,176.0,247.0
619.0,162.0,269.0
605.0,217.0,325.0
592.0,241.0,323.0
578.0,224.0,365.0
614.0,222.0,411.0
622.0,214.0,427.0
644.0,200.0,483.0
687.0,197.0,490.0
755.0,189.0,504.0
813.0,224.0,535.0
869.0,276.0,558.0
916.0,264.0,586.0
916.0,268.0,577.0
930.0,249.0,585.0
958.0,239.0,589.0
978.0,223.0,585.0
980.0,245.0,607.0
979.0,262.0,598.0
979.0,270.0,567.0
979.0,248.0,574.0
979.0,230.0,578.0
979.0,216.0,575.0
979.0,221.0,588.0
941.0,232.0,578.0
898.0,233.0,575.0
866.0,227.0,558.0
819.0,220.0,559.0
759.0,203.0,550.0
691.0,188.0,550.0
626.0,186.0,550.0
572.0,174.0,533.0
547.0,173.0,550.0
547.0,170.0,541.0
545.0,182.0,545.0
558.0,190.0,528.0
555.0,182.0,505.0
569.0,168.0,495.0
616.0,159.0,474.0
641.0,160.0,473.0
663.0,150.0,467.0
689.0,138.0,466.0
707.0,147.0,456.0
721.0,142.0,434.0
728.0,139.0,423.0
756.0,151.0,418.0
776.0,149.0,404.0
782.0,143.0,397.0
801.0,138.0,388.0
814.0,128.0,379.0
825.0,120.0,375.0
839.0,113.0,367.0
851.0,105.0,355.0
862.0,99.0,342.0
872.0,94.0,333.0
881.0,94.0,325.0
892.0,90.0,307.0
901.0,93.0,293.0
910.0,90.0,276.0
918.0,85.0,255.0
924.0,84.0,234.0
929.0,81.0,216.0
935.0,90.0,203.0
940.0,84.0,193.0
946.0,85.0,182.0
953.0,86.0,176.0
959.0,87.0,172.0
969.0,88.0,180.0
977.0,97.0,192.0
980.0,96.0,202.0
979.0,100.0,200.0
980.0,107.0,229.0
980.0,103.0,249.0
979.0,100.0,256.0
980.0,98.0,280.0
979.0,101.0,291.0
980.0,96.0,322.0
980.0,95.0,338.0
980.0,91.0,349.0
979.0,86.0,355.0
979.0,96.0,373.0
980.0,90.0,386.0
979.0,86.0,396.0
980.0,96.0,402.0
979.0,90.0,414.0
980.0,92.0,422.0
980.0,92.0,427.0
980.0,91.0,425.0
979.0,85.0,440.0
980.0,82.0,441.0
979.0,80.0,429.0
979.0,75.0,432.0
980.0,74.0,441.0
979.0,72.0,424.0
979.0,68.0,435.0
980.0,65.0,431.0
959.0,61.0,438.0
905.0,66.0,430.0
843.0,63.0,422.0
777.0,60.0,418.0
709.0,66.0,421.0
646.0,72.0,413.0
595.0,67.0,403.0
553.0,64.0,404.0
528.0,60.0,393.0
515.0,56.0,392.0
512.0,54.0,379.0
517.0,50.0,371.0
527.0,49.0,367.0
540.0,46.0,359.0
558.0,43.0,343.0
576.0,42.0,329.0
595.0,40.0,332.0
615.0,38.0,330.0
636.0,36.0,309.0
656.0,35.0,306.0
675.0,33.0,309.0
694.0,32.0,298.0
711.0,31.0,298.0
726.0,30.0,288.0
741.0,29.0,276.0
752.0,27.0,268.0
762.0,28.0,266.0
770.0,27.0,260.0
777.0,26.0,252.0
783.0,26.0,239.0
788.0,24.0,240.0
792.0,24.0,234.0
795.0,24.0,225.0
797.0,23.0,220.0
796.0,23.0,215.0
798.0,23.0,206.0
794.0,22.0,200.0
792.0,22.0,199.0
790.0,22.0,190.0
787.0,21.0,180.0
783.0,21.0,180.0
779.0,21.0,179.0
773.0,21.0,172.0
767.0,21.0,168.0
761.0,21.0,162.0
755.0,22.0,167.0
749.0,20.0,161.0
744.0,20.0,159.0
738.0,20.0,152.0
732.0,19.0,149.0
727.0,19.0,144.0
720.0,20.0,140.0
714.0,19.0,136.0
709.0,19.0,131.0
703.0,19.0,125.0
696.0,19.0,125.0
688.0,20.0,121.0
678.0,19.0,116.0
666.0,19.0,112.0
654.0,19.0,107.0
644.0,19.0,102.0
640.0,18.0,98.0
631.0,22.0,94.0
617.0,27.0,89.0
604.0,29.0,86.0
591.0,28.0,84.0
580.0,27.0,81.0
568.0,27.0,77.0
557.0,26.0,75.0
545.0,26.0,73.0
534.0,26.0,69.0
520.0,25.0,66.0
26.0,95.0,44.0
30.0,111.0,45.0
35.0,116.0,51.0
39.0,109.0,52.0
43.0,106.0,52.0
48.0,100.0,55.0
53.0,98.0,59.0
56.0,97.0,74.0
64.0,115.0,75.0
75.0,125.0,75.0
83.0,134.0,81.0
83.0,126.0,81.0
89.0,118.0,98.0
102.0,111.0,121.0
111.0,113.0,141.0
119.0,106.0,143.0
128.0,112.0,167.0
139.0,111.0,184.0
147.0,103.0,173.0
150.0,98.0,169.0
152.0,112.0,164.0
155.0,127.0,169.0
150.0,138.0,165.0
155.0,150.0,164.0
156.0,160.0,153.0
152.0,165.0,144.0
144.0,167.0,141.0
148.0,155.0,145.0
146.0,154.0,149.0
148.0,162.0,141.0
145.0,162.0,148.0
149.0,158.0,142.0
147.0,154.0,135.0
137.0,143.0,129.0
141.0,141.0,135.0
130.0,137.0,130.0
129.0,130.0,121.0
123.0,121.0,116.0
120.0,114.0,130.0
110.0,122.0,129.0
109.0,119.0,131.0
112.0,111.0,139.0
116.0,103.0,135.0
109.0,108.0,139.0
112.0,123.0,137.0
106.0,126.0,136.0
107.0,120.0,127.0
104.0,120.0,125.0
99.0,120.0,120.0
93.0,127.0,118.0
95.0,128.0,119.0
90.0,128.0,126.0
85.0,122.0,131.0
79.0,121.0,133.0
80.0,119.0,130.0
78.0,114.0,129.0
80.0,132.0,125.0
75.0,135.0,125.0
75.0,163.0,163.0
71.0,156.0,161.0
72.0,172.0,157.0
74.0,171.0,152.0
72.0,178.0,148.0
87.0,176.0,145.0
85.0,189.0,138.0
83.0,222.0,132.0
80.0,218.0,139.0
85.0,225.0,141.0
78.0,227.0,145.0
81.0,228.0,143.0
75.0,231.0,142.0
74.0,216.0,143.0
73.0,211.0,135.0
77.0,218.0,151.0
74.0,220.0,153.0
75.0,209.0,144.0
77.0,207.0,143.0
75.0,192.0,136.0
73.0,190.0,130.0
68.0,191.0,124.0
72.0,210.0,133.0
82.0,218.0,133.0
85.0,205.0,133.0
97.0,191.0,138.0
105.0,180.0,137.0
97.0,175.0,137.0
91.0,171.0,134.0
96.0,166.0,129.0
100.0,162.0,123.0
144.0,153.0,116.0
144.0,143.0,123.0
169.0,144.0,125.0
184.0,144.0,120.0
219.0,167.0,138.0
266.0,154.0,136.0
311.0,144.0,139.0
372.0,156.0,131.0
456.0,165.0,126.0
525.0,166.0,134.0
585.0,158.0,126.0
620.0,216.0,142.0
653.0,207.0,156.0
659.0,205.0,162.0
675.0,185.0,188.0
658.0,172.0,205.0
681.0,177.0,238.0
702.0,205.0,282.0
724.0,190.0,280.0
798.0,180.0,327.0
859.0,165.0,354.0
898.0,164.0,380.0
929.0,161.0,408.0
951.0,209.0,426.0
972.0,217.0,451.0
961.0,220.0,458.0
979.0,216.0,459.0
979.0,227.0,492.0
979.0,209.0,518.0
976.0,192.0,505.0
978.0,183.0,517.0
943.0,181.0,509.0
939.0,200.0,514.0
910.0,188.0,519.0
909.0,187.0,521.0
839.0,180.0,499.0
807.0,178.0,505.0
747.0,171.0,493.0
683.0,177.0,499.0
634.0,174.0,507.0
585.0,160.0,491.0
553.0,149.0,477.0
549.0,142.0,475.0
552.0,131.0,473.0
548.0,122.0,465.0
571.0,123.0,464.0
572.0,113.0,459.0
593.0,108.0,444.0
617.0,101.0,442.0
644.0,99.0,438.0
668.0,93.0,429.0
687.0,87.0,424.0
704.0,82.0,416.0
723.0,78.0,410.0
740.0,73.0,406.0
756.0,72.0,399.0
772.0,69.0,393.0
789.0,64.0,386.0
805.0,60.0,377.0
820.0,56.0,370.0
831.0,54.0,364.0
839.0,51.0,354.0
858.0,48.0,346.0
874.0,47.0,336.0
890.0,44.0,326.0
906.0,42.0,317.0
922.0,40.0,305.0
942.0,38.0,294.0
959.0,37.0,285.0
975.0,35.0,266.0
979.0,33.0,252.0
980.0,44.0,236.0
979.0,44.0,234.0
979.0,43.0,218.0
980.0,46.0,207.0
980.0,46.0,200.0
979.0,43.0,208.0
979.0,43.0,218.0
980.0,43.0,228.0
980.0,43.0,229.0
980.0,46.0,238.0
979.0,44.0,240.0
980.0,43.0,265.0
980.0,43.0,283.0
979.0,42.0,288.0
980.0,40.0,302.0
980.0,38.0,319.0
979.0,37.0,324.0
979.0,36.0,344.0
979.0,39.0,350.0
979.0,48.0,360.0
980.0,53.0,370.0
979.0,51.0,360.0
979.0,49.0,375.0
980.0,47.0,391.0
980.0,44.0,389.0
979.0,43.0,394.0
980.0,45.0,396.0
979.0,43.0,394.0
979.0,42.0,411.0
980.0,40.0,400.0
979.0,38.0,401.0
979.0,37.0,417.0
980.0,35.0,396.0
979.0,34.0,406.0
980.0,33.0,396.0
979.0,32.0,404.0
979.0,31.0,397.0
980.0,30.0,390.0
950.0,29.0,388.0
878.0,29.0,372.0
803.0,28.0,376.0
731.0,27.0,368.0
672.0,26.0,366.0
627.0,25.0,357.0
597.0,25.0,336.0
577.0,24.0,341.0
569.0,24.0,332.0
565.0,23.0,312.0
565.0,22.0,309.0
570.0,22.0,296.0
581.0,23.0,298.0
592.0,22.0,288.0
602.0,21.0,287.0
614.0,21.0,285.0
627.0,21.0,268.0
638.0,21.0,261.0
648.0,20.0,253.0
658.0,19.0,245.0
667.0,20.0,239.0
676.0,20.0,224.0
684.0,19.0,228.0
689.0,20.0,228.0
696.0,20.0,224.0
702.0,20.0,217.0
707.0,19.0,212.0
712.0,19.0,203.0
717.0,19.0,197.0
721.0,18.0,189.0
726.0,19.0,181.0
729.0,19.0,170.0
733.0,19.0,166.0
736.0,19.0,164.0
738.0,19.0,159.0
738.0,18.0,149.0
740.0,18.0,147.0
740.0,19.0,143.0
740.0,18.0,138.0
741.0,20.0,136.0
741.0,19.0,130.0
741.0,18.0,125.0
741.0,18.0,118.0
740.0,19.0,116.0
740.0,19.0,117.0
739.0,18.0,114.0
739.0,19.0,111.0
737.0,18.0,109.0
733.0,18.0,106.0
730.0,19.0,105.0
725.0,19.0,102.0
719.0,19.0,100.0
716.0,18.0,98.0
712.0,19.0,96.0
708.0,18.0,95.0
701.0,18.0,94.0
696.0,19.0,90.0
690.0,18.0,87.0
684.0,19.0,86.0
677.0,18.0,85.0
669.0,18.0,85.0
662.0,18.0,81.0
654.0,18.0,77.0
644.0,18.0,77.0
635.0,18.0,74.0
625.0,18.0,75.0
614.0,19.0,73.0
605.0,18.0,71.0
594.0,18.0,68.0
583.0,18.0,66.0
572.0,18.0,68.0
562.0,18.0,67.0
552.0,18.0,64.0
542.0,18.0,61.0
533.0,18.0,60.0
523.0,18.0,58.0
513.0,18.0,55.0
504.0,18.0,53.0
494.0,18.0,50.0
485.0,18.0,47.0
475.0,18.0,46.0
465.0,18.0,43.0
455.0,18.0,42.0
445.0,18.0,40.0
435.0,18.0,38.0
426.0,18.0,36.0
416.0,18.0,34.0
406.0,18.0,33.0
397.0,18.0,33.0
387.0,18.0,32.0
379.0,18.0,37.0
371.0,19.0,36.0
363.0,19.0,35.0
358.0,19.0,36.0
352.0,19.0,34.0
347.0,19.0,33.0
343.0,18.0,32.0
338.0,19.0,31.0
334.0,18.0,30.0
331.0,18.0,29.0
327.0,18.0,29.0
324.0,18.0,29.0
91.0,93.0,79.0
102.0,111.0,82.0
114.0,107.0,94.0
130.0,110.0,92.0
143.0,105.0,90.0
155.0,101.0,90.0
167.0,107.0,86.0
182.0,139.0,86.0
198.0,134.0,96.0
220.0,126.0,95.0
235.0,120.0,103.0
255.0,114.0,105.0
269.0,115.0,107.0
273.0,109.0,100.0
296.0,110.0,130.0
307.0,123.0,133.0
317.0,118.0,127.0
328.0,120.0,119.0
329.0,128.0,126.0
329.0,121.0,133.0
329.0,149.0,147.0
333.0,180.0,159.0
316.0,166.0,152.0
317.0,154.0,150.0
312.0,148.0,148.0
300.0,145.0,144.0
287.0,149.0,154.0
277.0,154.0,150.0
276.0,154.0,142.0
269.0,161.0,144.0
260.0,164.0,147.0
255.0,164.0,142.0
253.0,160.0,140.0
244.0,156.0,130.0
226.0,148.0,129.0
227.0,154.0,124.0
215.0,157.0,117.0
216.0,167.0,115.0
204.0,161.0,117.0
200.0,157.0,117.0
199.0,185.0,124.0
200.0,185.0,134.0
191.0,183.0,123.0
186.0,195.0,119.0
178.0,197.0,115.0
163.0,219.0,109.0
150.0,235.0,104.0
148.0,232.0,108.0
136.0,255.0,113.0
131.0,268.0,108.0
124.0,301.0,104.0
118.0,295.0,106.0
111.0,305.0,109.0
114.0,366.0,107.0
104.0,415.0,102.0
95.0,429.0,99.0
95.0,452.0,99.0
88.0,466.0,99.0
86.0,483.0,100.0
85.0,497.0,99.0
82.0,511.0,96.0
77.0,577.0,94.0
70.0,565.0,95.0
76.0,590.0,107.0
81.0,629.0,120.0
74.0,655.0,124.0
72.0,662.0,118.0
66.0,697.0,124.0
66.0,742.0,117.0
72.0,740.0,119.0
67.0,736.0,116.0
62.0,762.0,111.0
62.0,786.0,118.0
72.0,799.0,115.0
88.0,809.0,121.0
94.0,823.0,121.0
101.0,837.0,118.0
97.0,834.0,119.0
105.0,825.0,118.0
116.0,864.0,120.0
119.0,855.0,118.0
133.0,838.0,113.0
141.0,830.0,113.0
138.0,837.0,109.0
150.0,829.0,104.0
145.0,812.0,101.0
136.0,794.0,96.0
160.0,758.0,93.0
152.0,728.0,103.0
150.0,734.0,96.0
140.0,701.0,96.0
141.0,685.0,106.0
182.0,659.0,116.0
219.0,633.0,117.0
212.0,610.0,132.0
220.0,595.0,131.0
220.0,583.0,130.0
216.0,548.0,141.0
218.0,538.0,142.0
197.0,504.0,137.0
178.0,511.0,140.0
167.0,477.0,147.0
196.0,446.0,172.0
209.0,416.0,165.0
206.0,422.0,167.0
201.0,413.0,174.0
197.0,379.0,176.0
203.0,381.0,177.0
207.0,357.0,175.0
245.0,333.0,163.0
307.0,356.0,180.0
293.0,343.0,171.0
311.0,325.0,180.0
345.0,302.0,180.0
360.0,305.0,174.0
400.0,296.0,177.0
475.0,303.0,177.0
523.0,294.0,179.0
563.0,299.0,184.0
633.0,298.0,194.0
665.0,291.0,190.0
675.0,282.0,181.0
714.0,280.0,196.0
739.0,312.0,221.0
729.0,287.0,235.0
713.0,275.0,260.0
736.0,277.0,277.0
700.0,297.0,310.0
667.0,282.0,323.0
655.0,276.0,351.0
697.0,291.0,381.0
693.0,295.0,411.0
704.0,300.0,438.0
747.0,287.0,468.0
783.0,328.0,479.0
775.0,336.0,501.0
796.0,315.0,529.0
846.0,345.0,529.0
869.0,332.0,547.0
852.0,333.0,560.0
837.0,333.0,558.0
856.0,323.0,576.0
835.0,314.0,576.0
803.0,344.0,564.0
763.0,332.0,571.0
751.0,319.0,572.0
707.0,330.0,591.0
670.0,306.0,592.0
669.0,298.0,585.0
667.0,294.0,555.0
636.0,287.0,559.0
615.0,274.0,558.0
634.0,273.0,544.0
653.0,275.0,556.0
677.0,276.0,542.0
692.0,263.0,522.0
728.0,270.0,522.0
736.0,275.0,521.0
768.0,264.0,513.0
786.0,243.0,496.0
815.0,245.0,492.0
849.0,238.0,468.0
868.0,242.0,468.0
900.0,250.0,459.0
911.0,236.0,437.0
945.0,258.0,460.0
933.0,279.0,467.0
979.0,276.0,436.0
980.0,259.0,435.0
980.0,248.0,426.0
980.0,239.0,412.0
980.0,226.0,400.0
981.0,210.0,385.0
979.0,197.0,383.0
980.0,186.0,376.0
979.0,179.0,365.0
980.0,173.0,369.0
980.0,169.0,349.0
980.0,158.0,334.0
979.0,153.0,324.0
980.0,151.0,310.0
980.0,146.0,290.0
980.0,146.0,266.0
980.0,145.0,243.0
979.0,149.0,223.0
980.0,155.0,214.0
980.0,157.0,207.0
979.0,152.0,200.0
980.0,152.0,196.0
980.0,153.0,207.0
980.0,155.0,233.0
980.0,158.0,248.0
980.0,159.0,269.0
980.0,167.0,289.0
980.0,161.0,307.0
979.0,159.0,315.0
980.0,160.0,327.0
980.0,151.0,328.0
980.0,144.0,359.0
980.0,149.0,368.0
980.0,151.0,370.0
980.0,150.0,391.0
979.0,153.0,402.0
979.0,156.0,412.0
980.0,157.0,417.0
980.0,159.0,416.0
980.0,163.0,429.0
980.0,160.0,441.0
980.0,152.0,441.0
980.0,153.0,444.0
980.0,157.0,445.0
980.0,153.0,442.0
979.0,146.0,445.0
979.0,146.0,437.0
981.0,144.0,432.0
944.0,141.0,439.0
881.0,141.0,406.0
817.0,134.0,429.0
744.0,131.0,429.0
675.0,124.0,426.0
611.0,119.0,398.0
560.0,117.0,393.0
522.0,110.0,389.0
496.0,103.0,395.0
479.0,97.0,377.0
471.0,92.0,362.0
469.0,87.0,353.0
470.0,81.0,346.0
477.0,75.0,344.0
487.0,71.0,339.0
499.0,67.0,338.0
514.0,63.0,329.0
530.0,59.0,318.0
545.0,56.0,313.0
563.0,53.0,300.0
579.0,50.0,290.0
594.0,47.0,292.0
608.0,45.0,283.0
624.0,43.0,277.0
637.0,40.0,259.0
652.0,40.0,250.0
662.0,37.0,248.0
675.0,37.0,244.0
687.0,35.0,233.0
698.0,33.0,227.0
708.0,32.0,220.0
719.0,31.0,208.0
727.0,30.0,207.0
736.0,29.0,200.0
741.0,28.0,193.0
746.0,26.0,186.0
750.0,26.0,180.0
754.0,26.0,171.0
755.0,26.0,167.0
757.0,25.0,161.0
757.0,24.0,155.0
756.0,24.0,150.0
754.0,23.0,144.0
754.0,24.0,140.0
752.0,23.0,137.0
751.0,20.0,135.0
748.0,22.0,128.0
746.0,24.0,124.0
743.0,24.0,121.0
741.0,24.0,117.0
738.0,24.0,113.0
735.0,23.0,110.0
732.0,23.0,106.0
726.0,22.0,102.0
714.0,21.0,97.0
711.0,21.0,92.0
723.0,21.0,86.0
713.0,23.0,83.0
704.0,24.0,81.0
695.0,27.0,78.0
686.0,28.0,75.0
679.0,26.0,72.0
673.0,26.0,70.0
666.0,25.0,66.0
659.0,25.0,64.0
652.0,24.0,61.0
644.0,24.0,59.0
637.0,24.0,56.0
628.0,23.0,53.0
619.0,23.0,50.0
610.0,22.0,48.0
600.0,22.0,48.0
591.0,22.0,48.0
582.0,22.0,46.0
573.0,22.0,44.0
565.0,22.0,44.0
556.0,23.0,42.0
549.0,26.0,41.0
542.0,26.0,39.0
534.0,27.0,38.0
526.0,26.0,37.0
518.0,26.0,35.0
510.0,26.0,34.0
502.0,25.0,32.0
494.0,25.0,31.0
124.0,35.0,54.0
131.0,33.0,55.0
139.0,33.0,55.0
146.0,40.0,58.0
148.0,43.0,57.0
154.0,46.0,55.0
162.0,43.0,55.0
169.0,42.0,59.0
174.0,40.0,61.0
181.0,49.0,60.0
190.0,55.0,60.0
193.0,84.0,58.0
192.0,84.0,57.0
197.0,83.0,60.0
198.0,81.0,58.0
202.0,84.0,57.0
198.0,89.0,54.0
196.0,88.0,57.0
202.0,86.0,62.0
203.0,88.0,63.0
202.0,88.0,63.0
200.0,88.0,64.0
199.0,91.0,65.0
200.0,98.0,73.0
196.0,98.0,72.0
194.0,94.0,72.0
188.0,108.0,69.0
188.0,107.0,69.0
182.0,103.0,65.0
176.0,115.0,64.0
177.0,112.0,69.0
166.0,105.0,66.0
166.0,97.0,75.0
163.0,94.0,74.0
156.0,101.0,78.0
149.0,99.0,78.0
137.0,107.0,79.0
133.0,106.0,80.0
131.0,104.0,83.0
123.0,97.0,83.0
119.0,96.0,82.0
119.0,94.0,78.0
113.0,99.0,79.0
106.0,92.0,81.0
98.0,104.0,79.0
92.0,109.0,85.0
88.0,107.0,84.0
91.0,101.0,81.0
94.0,115.0,81.0
90.0,114.0,81.0
93.0,120.0,81.0
89.0,117.0,86.0
99.0,128.0,101.0
96.0,127.0,106.0
96.0,131.0,102.0
93.0,140.0,101.0
86.0,135.0,107.0
79.0,130.0,103.0
75.0,134.0,104.0
70.0,134.0,102.0
71.0,171.0,100.0
68.0,173.0,95.0
63.0,174.0,95.0
71.0,208.0,92.0
73.0,202.0,97.0
69.0,211.0,100.0
64.0,227.0,102.0
63.0,235.0,102.0
57.0,252.0,101.0
53.0,262.0,105.0
51.0,283.0,110.0
65.0,286.0,109.0
62.0,291.0,108.0
58.0,332.0,101.0
54.0,357.0,95.0
59.0,382.0,103.0
72.0,402.0,101.0
71.0,415.0,97.0
65.0,446.0,95.0
61.0,445.0,96.0
58.0,476.0,93.0
56.0,484.0,90.0
61.0,500.0,92.0
58.0,529.0,96.0
61.0,530.0,98.0
57.0,555.0,95.0
58.0,567.0,92.0
64.0,581.0,97.0
60.0,598.0,94.0
66.0,600.0,91.0
67.0,592.0,88.0
65.0,619.0,97.0
63.0,623.0,107.0
60.0,625.0,112.0
76.0,625.0,133.0
90.0,623.0,129.0
95.0,640.0,126.0
90.0,629.0,119.0
82.0,609.0,114.0
77.0,621.0,112.0
81.0,611.0,109.0
77.0,604.0,106.0
73.0,581.0,105.0
74.0,568.0,102.0
73.0,546.0,101.0
81.0,527.0,103.0
78.0,510.0,101.0
72.0,487.0,104.0
73.0,482.0,101.0
80.0,455.0,106.0
80.0,426.0,101.0
75.0,407.0,100.0
80.0,381.0,98.0
91.0,357.0,117.0
99.0,333.0,131.0
92.0,312.0,127.0
101.0,300.0,131.0
96.0,283.0,127.0
96.0,272.0,138.0
93.0,272.0,142.0
111.0,268.0,152.0
106.0,248.0,145.0
106.0,227.0,141.0
124.0,211.0,133.0
124.0,217.0,125.0
135.0,200.0,135.0
148.0,194.0,136.0
149.0,182.0,130.0
175.0,177.0,130.0
211.0,170.0,123.0
234.0,167.0,117.0
281.0,161.0,123.0
352.0,148.0,129.0
439.0,157.0,139.0
486.0,151.0,135.0
517.0,187.0,148.0
524.0,186.0,148.0
529.0,179.0,162.0
549.0,184.0,174.0
561.0,187.0,197.0
530.0,187.0,226.0
500.0,178.0,214.0
474.0,169.0,244.0
457.0,192.0,278.0
447.0,183.0,297.0
451.0,250.0,324.0
493.0,235.0,339.0
495.0,217.0,366.0
562.0,209.0,391.0
590.0,208.0,394.0
631.0,202.0,433.0
686.0,226.0,437.0
717.0,229.0,454.0
769.0,235.0,443.0
789.0,217.0,458.0
815.0,212.0,481.0
841.0,244.0,483.0
844.0,244.0,508.0
885.0,245.0,509.0
886.0,269.0,492.0
888.0,250.0,499.0
917.0,241.0,483.0
898.0,250.0,486.0
895.0,248.0,477.0
852.0,253.0,509.0
829.0,258.0,496.0
771.0,241.0,492.0
722.0,222.0,483.0
658.0,252.0,486.0
600.0,250.0,480.0
559.0,242.0,453.0
579.0,253.0,453.0
583.0,248.0,453.0
600.0,237.0,459.0
598.0,235.0,453.0
606.0,226.0,447.0
625.0,228.0,442.0
649.0,211.0,438.0
651.0,202.0,436.0
693.0,188.0,431.0
686.0,192.0,416.0
725.0,203.0,418.0
750.0,193.0,419.0
768.0,191.0,411.0
783.0,182.0,399.0
797.0,170.0,394.0
795.0,164.0,393.0
805.0,154.0,372.0
815.0,144.0,367.0
837.0,155.0,369.0
849.0,151.0,359.0
860.0,142.0,358.0
869.0,133.0,349.0
876.0,135.0,337.0
888.0,126.0,333.0
898.0,123.0,326.0
908.0,115.0,320.0
918.0,108.0,309.0
927.0,102.0,303.0
937.0,99.0,294.0
947.0,99.0,280.0
958.0,97.0,264.0
968.0,96.0,245.0
979.0,95.0,226.0
979.0,99.0,207.0
979.0,100.0,194.0
979.0,100.0,187.0
979.0,98.0,206.0
979.0,100.0,211.0
979.0,103.0,223.0
980.0,105.0,239.0
979.0,117.0,247.0
979.0,109.0,270.0
980.0,112.0,284.0
980.0,110.0,299.0
980.0,109.0,306.0
979.0,103.0,331.0
979.0,97.0,355.0
979.0,97.0,370.0
979.0,97.0,380.0
980.0,91.0,377.0
979.0,92.0,385.0
980.0,112.0,405.0
979.0,106.0,406.0
980.0,102.0,400.0
980.0,101.0,433.0
980.0,102.0,433.0
980.0,98.0,444.0
980.0,92.0,448.0
979.0,87.0,453.0
980.0,84.0,447.0
928.0,82.0,427.0
865.0,78.0,437.0
798.0,84.0,440.0
729.0,80.0,428.0
664.0,75.0,432.0
607.0,79.0,437.0
563.0,74.0,434.0
530.0,71.0,425.0
507.0,67.0,420.0
491.0,63.0,414.0
481.0,60.0,386.0
474.0,57.0,386.0
470.0,53.0,374.0
472.0,50.0,361.0
474.0,48.0,365.0
480.0,45.0,351.0
485.0,44.0,356.0
493.0,40.0,345.0
501.0,40.0,333.0
508.0,38.0,335.0
517.0,36.0,327.0
527.0,35.0,309.0
535.0,33.0,301.0
543.0,32.0,295.0
550.0,31.0,284.0
557.0,30.0,280.0
564.0,29.0,272.0
568.0,29.0,260.0
572.0,27.0,259.0
574.0,27.0,261.0
577.0,26.0,254.0
579.0,27.0,248.0
582.0,25.0,234.0
584.0,24.0,224.0
584.0,24.0,218.0
584.0,24.0,218.0
585.0,23.0,212.0
585.0,22.0,206.0
583.0,22.0,196.0
583.0,22.0,188.0
581.0,22.0,195.0
578.0,20.0,192.0
576.0,20.0,183.0
573.0,21.0,174.0
570.0,20.0,164.0
568.0,20.0,155.0
563.0,21.0,162.0
558.0,20.0,158.0
553.0,20.0,155.0
549.0,20.0,149.0
544.0,19.0,144.0
539.0,19.0,138.0
535.0,20.0,135.0
530.0,19.0,130.0
525.0,20.0,125.0
519.0,20.0,119.0
514.0,19.0,115.0
508.0,19.0,112.0
501.0,18.0,107.0
493.0,19.0,102.0
483.0,19.0,97.0
476.0,19.0,93.0
474.0,19.0,92.0
470.0,19.0,89.0
464.0,29.0,86.0
457.0,45.0,82.0
449.0,45.0,82.0
439.0,42.0,81.0
431.0,40.0,78.0
88.0,80.0,47.0
91.0,81.0,47.0
93.0,79.0,46.0
93.0,83.0,48.0
99.0,78.0,48.0
104.0,75.0,48.0
109.0,84.0,57.0
115.0,79.0,56.0
117.0,76.0,54.0
119.0,77.0,51.0
125.0,72.0,64.0
125.0,93.0,69.0
133.0,92.0,73.0
138.0,87.0,79.0
139.0,82.0,75.0
144.0,82.0,71.0
147.0,78.0,70.0
148.0,82.0,76.0
150.0,83.0,72.0
152.0,78.0,82.0
149.0,74.0,78.0
149.0,71.0,77.0
148.0,72.0,79.0
146.0,67.0,83.0
148.0,73.0,86.0
144.0,74.0,90.0
142.0,68.0,88.0
134.0,65.0,95.0
135.0,66.0,95.0
135.0,70.0,94.0
133.0,66.0,91.0
128.0,84.0,89.0
125.0,89.0,89.0
118.0,127.0,96.0
113.0,131.0,95.0
113.0,140.0,99.0
109.0,135.0,107.0
105.0,127.0,104.0
99.0,118.0,107.0
96.0,123.0,106.0
97.0,129.0,101.0
97.0,135.0,95.0
103.0,132.0,93.0
106.0,155.0,96.0
100.0,156.0,103.0
95.0,167.0,106.0
97.0,175.0,112.0
110.0,180.0,105.0
117.0,184.0,112.0
108.0,206.0,120.0
102.0,203.0,113.0
103.0,196.0,114.0
102.0,232.0,116.0
97.0,237.0,115.0
104.0,251.0,115.0
103.0,292.0,127.0
102.0,299.0,130.0
99.0,329.0,138.0
93.0,342.0,153.0
95.0,355.0,157.0
88.0,386.0,154.0
88.0,432.0,173.0
84.0,457.0,180.0
91.0,466.0,170.0
91.0,470.0,176.0
116.0,502.0,183.0
119.0,522.0,185.0
112.0,580.0,177.0
103.0,594.0,169.0
93.0,626.0,181.0
88.0,634.0,176.0
81.0,665.0,167.0
79.0,682.0,165.0
95.0,701.0,167.0
117.0,699.0,157.0
111.0,756.0,153.0
106.0,784.0,152.0
102.0,767.0,159.0
98.0,794.0,163.0
102.0,808.0,185.0
94.0,823.0,201.0
102.0,841.0,198.0
119.0,841.0,199.0
114.0,861.0,189.0
109.0,870.0,184.0
104.0,885.0,174.0
111.0,873.0,173.0
115.0,878.0,169.0
124.0,879.0,173.0
121.0,909.0,167.0
138.0,909.0,161.0
130.0,873.0,156.0
167.0,883.0,155.0
162.0,873.0,164.0
150.0,882.0,169.0
138.0,881.0,155.0
123.0,875.0,145.0
129.0,868.0,152.0
124.0,830.0,158.0
119.0,827.0,158.0
114.0,814.0,155.0
125.0,790.0,159.0
146.0,779.0,161.0
139.0,746.0,164.0
134.0,717.0,152.0
146.0,685.0,151.0
144.0,651.0,146.0
136.0,625.0,142.0
126.0,586.0,137.0
119.0,567.0,148.0
123.0,526.0,149.0
147.0,487.0,161.0
153.0,449.0,151.0
140.0,416.0,154.0
168.0,385.0,148.0
167.0,356.0,149.0
158.0,330.0,144.0
152.0,303.0,142.0
173.0,285.0,135.0
188.0,262.0,144.0
172.0,253.0,149.0
184.0,237.0,150.0
179.0,227.0,141.0
179.0,211.0,141.0
200.0,198.0,141.0
219.0,192.0,133.0
239.0,192.0,128.0
262.0,189.0,132.0
296.0,179.0,135.0
354.0,170.0,137.0
408.0,164.0,159.0
472.0,171.0,161.0
535.0,162.0,162.0
561.0,170.0,165.0
622.0,162.0,195.0
647.0,179.0,217.0
638.0,192.0,269.0
642.0,190.0,290.0
644.0,185.0,294.0
645.0,227.0,301.0
650.0,211.0,321.0
659.0,195.0,343.0
737.0,195.0,376.0
740.0,210.0,389.0
821.0,228.0,436.0
852.0,241.0,422.0
896.0,241.0,444.0
927.0,243.0,463.0
977.0,228.0,473.0
979.0,260.0,480.0
979.0,288.0,471.0
979.0,299.0,493.0
979.0,304.0,503.0
979.0,316.0,497.0
979.0,298.0,506.0
979.0,285.0,515.0
979.0,305.0,505.0
979.0,288.0,512.0
979.0,304.0,518.0
978.0,308.0,518.0
979.0,293.0,509.0
978.0,306.0,508.0
978.0,301.0,485.0
980.0,284.0,495.0
980.0,279.0,480.0
912.0,273.0,468.0
855.0,263.0,484.0
796.0,264.0,447.0
742.0,250.0,444.0
684.0,260.0,442.0
630.0,252.0,443.0
572.0,251.0,428.0
532.0,263.0,419.0
513.0,252.0,414.0
501.0,252.0,412.0
493.0,262.0,402.0
523.0,252.0,394.0
542.0,241.0,394.0
566.0,224.0,380.0
591.0,225.0,358.0
622.0,228.0,358.0
641.0,230.0,359.0
680.0,218.0,336.0
706.0,226.0,320.0
728.0,223.0,316.0
720.0,223.0,322.0
764.0,215.0,312.0
785.0,201.0,300.0
800.0,192.0,293.0
815.0,186.0,284.0
826.0,179.0,277.0
835.0,176.0,267.0
842.0,170.0,257.0
848.0,171.0,252.0
854.0,166.0,245.0
859.0,162.0,234.0
864.0,157.0,222.0
869.0,154.0,212.0
873.0,155.0,203.0
879.0,156.0,192.0
885.0,155.0,180.0
891.0,150.0,166.0
898.0,149.0,152.0
905.0,146.0,141.0
911.0,152.0,133.0
917.0,158.0,132.0
924.0,156.0,138.0
930.0,169.0,145.0
935.0,170.0,146.0
940.0,165.0,159.0
945.0,166.0,175.0
948.0,170.0,189.0
951.0,172.0,206.0
954.0,174.0,204.0
958.0,177.0,216.0
963.0,178.0,245.0
968.0,174.0,264.0
973.0,160.0,288.0
978.0,166.0,305.0
980.0,156.0,319.0
979.0,156.0,331.0
979.0,151.0,338.0
979.0,148.0,349.0
979.0,138.0,359.0
980.0,138.0,361.0
980.0,136.0,354.0
979.0,131.0,359.0
979.0,131.0,371.0
979.0,123.0,378.0
980.0,122.0,392.0
980.0,119.0,379.0
979.0,112.0,397.0
980.0,110.0,403.0
977.0,104.0,400.0
970.0,107.0,403.0
962.0,109.0,379.0
957.0,108.0,398.0
956.0,105.0,405.0
957.0,101.0,402.0
952.0,107.0,390.0
939.0,104.0,400.0
911.0,108.0,394.0
869.0,109.0,391.0
812.0,105.0,391.0
746.0,101.0,388.0
676.0,97.0,366.0
616.0,98.0,373.0
563.0,92.0,366.0
525.0,90.0,357.0
500.0,84.0,352.0
489.0,83.0,342.0
487.0,81.0,337.0
492.0,78.0,336.0
500.0,74.0,323.0
512.0,71.0,324.0
528.0,68.0,312.0
543.0,63.0,312.0
557.0,60.0,307.0
573.0,56.0,299.0
587.0,53.0,290.0
601.0,50.0,288.0
616.0,48.0,276.0
629.0,46.0,259.0
641.0,44.0,255.0
652.0,41.0,249.0
662.0,39.0,235.0
672.0,37.0,236.0
682.0,36.0,223.0
689.0,35.0,225.0
697.0,33.0,222.0
704.0,32.0,213.0
711.0,31.0,203.0
714.0,30.0,197.0
718.0,29.0,189.0
721.0,28.0,188.0
724.0,28.0,187.0
725.0,27.0,177.0
726.0,26.0,171.0
727.0,25.0,166.0
726.0,25.0,160.0
724.0,24.0,157.0
723.0,24.0,152.0
719.0,24.0,144.0
718.0,23.0,138.0
715.0,23.0,133.0
711.0,22.0,132.0
705.0,22.0,129.0
700.0,22.0,125.0
695.0,22.0,120.0
689.0,21.0,117.0
682.0,21.0,112.0
675.0,21.0,108.0
668.0,20.0,104.0
661.0,20.0,101.0
652.0,21.0,96.0
642.0,20.0,94.0
634.0,20.0,91.0
627.0,20.0,89.0
620.0,20.0,86.0
612.0,20.0,84.0
147.0,199.0,125.0
191.0,193.0,142.0
215.0,179.0,150.0
247.0,179.0,144.0
290.0,168.0,146.0
351.0,166.0,146.0
439.0,175.0,182.0
546.0,175.0,191.0
564.0,162.0,235.0
607.0,160.0,274.0
619.0,170.0,294.0
613.0,174.0,299.0
586.0,176.0,356.0
557.0,165.0,387.0
564.0,181.0,423.0
538.0,176.0,447.0
533.0,163.0,432.0
539.0,173.0,491.0
549.0,166.0,515.0
569.0,207.0,534.0
592.0,209.0,549.0
636.0,217.0,534.0
679.0,243.0,555.0
687.0,225.0,540.0
686.0,227.0,552.0
716.0,218.0,570.0
701.0,221.0,578.0
705.0,221.0,574.0
710.0,220.0,561.0
716.0,207.0,567.0
723.0,195.0,544.0
744.0,212.0,559.0
734.0,204.0,562.0
726.0,217.0,537.0
720.0,222.0,541.0
698.0,209.0,530.0
689.0,210.0,534.0
626.0,196.0,512.0
581.0,220.0,518.0
545.0,211.0,517.0
499.0,217.0,489.0
459.0,208.0,492.0
416.0,227.0,488.0
376.0,229.0,463.0
348.0,218.0,466.0
328.0,206.0,467.0
317.0,190.0,439.0
320.0,200.0,437.0
353.0,193.0,444.0
402.0,185.0,427.0
455.0,180.0,411.0
500.0,190.0,411.0
547.0,209.0,405.0
590.0,199.0,390.0
634.0,185.0,382.0
678.0,192.0,383.0
696.0,185.0,372.0
740.0,179.0,352.0
773.0,174.0,350.0
797.0,181.0,339.0
807.0,169.0,335.0
846.0,176.0,337.0
867.0,167.0,330.0
887.0,162.0,321.0
901.0,160.0,344.0
899.0,155.0,338.0
911.0,199.0,325.0
923.0,206.0,320.0
933.0,201.0,303.0
939.0,190.0,296.0
937.0,211.0,287.0
938.0,212.0,279.0
942.0,199.0,259.0
938.0,197.0,256.0
939.0,185.0,264.0
935.0,180.0,261.0
934.0,166.0,256.0
930.0,163.0,250.0
930.0,161.0,244.0
925.0,151.0,237.0
930.0,142.0,229.0
933.0,140.0,221.0
935.0,131.0,214.0
938.0,126.0,208.0
941.0,119.0,199.0
943.0,121.0,185.0
946.0,125.0,177.0
950.0,123.0,165.0
954.0,117.0,150.0
959.0,114.0,140.0
963.0,110.0,133.0
968.0,110.0,131.0
967.0,109.0,127.0
967.0,117.0,130.0
971.0,113.0,159.0
970.0,111.0,170.0
970.0,114.0,182.0
968.0,124.0,202.0
968.0,118.0,222.0
967.0,118.0,223.0
964.0,120.0,234.0
961.0,116.0,256.0
959.0,119.0,275.0
956.0,118.0,292.0
953.0,112.0,308.0
950.0,115.0,326.0
945.0,108.0,337.0
938.0,107.0,337.0
933.0,109.0,339.0
929.0,121.0,360.0
925.0,122.0,366.0
922.0,117.0,367.0
919.0,114.0,372.0
916.0,106.0,381.0
907.0,105.0,386.0
886.0,109.0,385.0
859.0,107.0,384.0
824.0,103.0,373.0
781.0,95.0,384.0
734.0,92.0,388.0
680.0,96.0,388.0
622.0,94.0,383.0
567.0,90.0,375.0
518.0,87.0,375.0
481.0,85.0,368.0
458.0,82.0,369.0
447.0,77.0,361.0
449.0,73.0,338.0
456.0,68.0,349.0
471.0,66.0,335.0
490.0,64.0,332.0
511.0,59.0,330.0
534.0,57.0,323.0
560.0,54.0,321.0
585.0,50.0,314.0
612.0,48.0,307.0
639.0,46.0,303.0
666.0,43.0,294.0
689.0,41.0,286.0
712.0,39.0,267.0
731.0,38.0,284.0
751.0,37.0,273.0
768.0,35.0,266.0
783.0,33.0,264.0
796.0,32.0,254.0
808.0,31.0,249.0
820.0,30.0,242.0
829.0,30.0,241.0
836.0,28.0,233.0
843.0,28.0,228.0
849.0,27.0,219.0
852.0,25.0,213.0
854.0,26.0,209.0
856.0,25.0,206.0
857.0,24.0,197.0
858.0,24.0,193.0
858.0,24.0,188.0
857.0,23.0,183.0
856.0,23.0,180.0
855.0,22.0,176.0
851.0,23.0,170.0
849.0,20.0,166.0
847.0,21.0,162.0
843.0,21.0,156.0
838.0,21.0,152.0
834.0,21.0,145.0
827.0,20.0,139.0
821.0,20.0,136.0
812.0,21.0,131.0
804.0,20.0,127.0
795.0,20.0,122.0
785.0,22.0,117.0
777.0,24.0,110.0
770.0,22.0,107.0
762.0,23.0,106.0
753.0,26.0,103.0
744.0,25.0,99.0
735.0,25.0,96.0
727.0,24.0,94.0
717.0,25.0,92.0
708.0,23.0,90.0
698.0,23.0,87.0
688.0,22.0,84.0
678.0,22.0,81.0
666.0,23.0,79.0
656.0,22.0,77.0
646.0,21.0,75.0
635.0,21.0,71.0
625.0,21.0,68.0
616.0,21.0,67.0
606.0,21.0,64.0
597.0,21.0,63.0
587.0,20.0,62.0
578.0,21.0,59.0
569.0,20.0,57.0
558.0,21.0,56.0
549.0,21.0,54.0
540.0,20.0,52.0
530.0,20.0,50.0
521.0,21.0,48.0
511.0,19.0,47.0
500.0,20.0,45.0
490.0,19.0,44.0
480.0,20.0,41.0
470.0,20.0,40.0
460.0,19.0,40.0
450.0,20.0,38.0
441.0,17.0,37.0
430.0,19.0,37.0
421.0,19.0,36.0
413.0,19.0,34.0
404.0,19.0,34.0
396.0,19.0,33.0
389.0,19.0,32.0
382.0,19.0,32.0
373.0,19.0,31.0
365.0,19.0,31.0
357.0,18.0,30.0
349.0,19.0,30.0
341.0,19.0,29.0
333.0,19.0,29.0
325.0,21.0,29.0
317.0,19.0,29.0
308.0,20.0,29.0
300.0,19.0,26.0
292.0,19.0,28.0
283.0,20.0,27.0
276.0,19.0,27.0
268.0,19.0,27.0
260.0,20.0,26.0
252.0,19.0,26.0
243.0,20.0,25.0
236.0,19.0,25.0
228.0,18.0,26.0
221.0,19.0,25.0
213.0,19.0,24.0
205.0,19.0,25.0
198.0,18.0,25.0
190.0,19.0,24.0
184.0,19.0,23.0
176.0,18.0,23.0
168.0,18.0,22.0
162.0,18.0,22.0
154.0,19.0,21.0
148.0,19.0,21.0
141.0,18.0,20.0
135.0,18.0,20.0
129.0,18.0,20.0
123.0,18.0,20.0
118.0,19.0,20.0
112.0,18.0,19.0
107.0,18.0,20.0
101.0,18.0,20.0
96.0,18.0,19.0
92.0,18.0,19.0
88.0,18.0,19.0
84.0,18.0,19.0
80.0,19.0,18.0
77.0,19.0,18.0
73.0,19.0,19.0
70.0,18.0,18.0
66.0,19.0,19.0
63.0,19.0,18.0
60.0,18.0,18.0
57.0,18.0,18.0
53.0,19.0,17.0
51.0,18.0,18.0
48.0,18.0,18.0
46.0,18.0,17.0
44.0,27.0,17.0
42.0,26.0,18.0
39.0,26.0,18.0
38.0,26.0,18.0
35.0,25.0,18.0
34.0,25.0,18.0
32.0,24.0,18.0
30.0,24.0,17.0
29.0,23.0,18.0
28.0,23.0,18.0
26.0,23.0,18.0
26.0,22.0,18.0
25.0,22.0,19.0
24.0,22.0,19.0
23.0,21.0,19.0
21.0,21.0,19.0
21.0,21.0,20.0
20.0,21.0,20.0
19.0,21.0,20.0
19.0,20.0,21.0
18.0,20.0,21.0
17.0,21.0,21.0
17.0,20.0,22.0
17.0,20.0,22.0
16.0,20.0,22.0
16.0,19.0,22.0
16.0,19.0,22.0
16.0,19.0,22.0
15.0,19.0,22.0
15.0,19.0,22.0
15.0,19.0,23.0
56.0,41.0,93.0
59.0,48.0,96.0
63.0,53.0,98.0
68.0,56.0,97.0
73.0,77.0,94.0
79.0,89.0,91.0
85.0,92.0,88.0
91.0,117.0,85.0
103.0,127.0,84.0
110.0,133.0,85.0
122.0,128.0,84.0
136.0,128.0,83.0
149.0,130.0,88.0
158.0,142.0,91.0
168.0,147.0,95.0
178.0,157.0,92.0
185.0,150.0,88.0
189.0,155.0,89.0
191.0,156.0,94.0
192.0,146.0,111.0
196.0,135.0,114.0
198.0,127.0,115.0
193.0,120.0,111.0
195.0,120.0,107.0
185.0,119.0,104.0
183.0,121.0,117.0
180.0,119.0,121.0
166.0,129.0,122.0
171.0,132.0,119.0
166.0,138.0,121.0
163.0,137.0,122.0
156.0,144.0,120.0
145.0,136.0,124.0
133.0,126.0,119.0
133.0,117.0,111.0
130.0,111.0,112.0
126.0,160.0,111.0
126.0,155.0,109.0
124.0,144.0,117.0
123.0,146.0,119.0
112.0,149.0,116.0
111.0,138.0,112.0
102.0,128.0,108.0
97.0,131.0,101.0
108.0,148.0,120.0
97.0,139.0,122.0
91.0,161.0,127.0
87.0,164.0,121.0
81.0,167.0,118.0
81.0,160.0,111.0
80.0,166.0,113.0
76.0,156.0,116.0
72.0,159.0,112.0
67.0,153.0,116.0
62.0,141.0,121.0
61.0,137.0,141.0
57.0,145.0,157.0
55.0,156.0,157.0
52.0,150.0,146.0
49.0,164.0,138.0
44.0,157.0,129.0
41.0,148.0,123.0
39.0,143.0,119.0
36.0,142.0,115.0
34.0,133.0,113.0
33.0,139.0,111.0
31.0,133.0,105.0
31.0,131.0,105.0
29.0,138.0,102.0
32.0,136.0,100.0
31.0,148.0,103.0
31.0,145.0,110.0
29.0,161.0,113.0
28.0,158.0,116.0
27.0,162.0,111.0
25.0,177.0,108.0
28.0,203.0,108.0
26.0,222.0,101.0
26.0,243.0,106.0
26.0,239.0,103.0
24.0,244.0,97.0
23.0,261.0,97.0
23.0,264.0,96.0
25.0,289.0,90.0
24.0,287.0,86.0
25.0,284.0,103.0
24.0,299.0,118.0
25.0,324.0,117.0
24.0,334.0,112.0
28.0,324.0,113.0
29.0,344.0,109.0
26.0,353.0,106.0
27.0,373.0,107.0
27.0,387.0,103.0
34.0,395.0,100.0
33.0,393.0,96.0
33.0,410.0,90.0
31.0,418.0,86.0
30.0,419.0,83.0
32.0,424.0,83.0
31.0,426.0,85.0
31.0,421.0,82.0
32.0,415.0,85.0
31.0,412.0,81.0
32.0,416.0,83.0
34.0,425.0,85.0
31.0,412.0,81.0
35.0,404.0,79.0
35.0,401.0,81.0
35.0,383.0,78.0
34.0,374.0,84.0
38.0,349.0,89.0
48.0,332.0,93.0
48.0,328.0,94.0
46.0,310.0,89.0
44.0,288.0,86.0
47.0,267.0,82.0
58.0,248.0,81.0
74.0,239.0,96.0
77.0,225.0,99.0
71.0,210.0,96.0
67.0,196.0,109.0
61.0,182.0,102.0
67.0,174.0,99.0
69.0,163.0,95.0
115.0,158.0,99.0
106.0,155.0,96.0
123.0,146.0,100.0
137.0,134.0,99.0
150.0,128.0,101.0
171.0,125.0,100.0
202.0,136.0,96.0
217.0,127.0,91.0
258.0,117.0,88.0
309.0,111.0,82.0
350.0,111.0,79.0
393.0,105.0,106.0
438.0,98.0,121.0
498.0,92.0,121.0
564.0,92.0,123.0
661.0,93.0,127.0
723.0,87.0,137.0
810.0,84.0,153.0
899.0,109.0,174.0
975.0,108.0,187.0
979.0,112.0,196.0
977.0,103.0,211.0
979.0,97.0,209.0
978.0,92.0,232.0
979.0,95.0,230.0
979.0,131.0,259.0
979.0,158.0,278.0
965.0,149.0,277.0
909.0,159.0,307.0
889.0,182.0,336.0
864.0,237.0,353.0
870.0,217.0,381.0
907.0,210.0,399.0
899.0,197.0,405.0
926.0,196.0,422.0
939.0,187.0,431.0
948.0,179.0,451.0
976.0,201.0,465.0
978.0,219.0,464.0
969.0,203.0,458.0
967.0,197.0,480.0
953.0,224.0,473.0
958.0,229.0,478.0
933.0,284.0,493.0
926.0,272.0,488.0
924.0,253.0,495.0
882.0,233.0,490.0
877.0,222.0,493.0
850.0,213.0,474.0
838.0,215.0,478.0
793.0,216.0,456.0
727.0,207.0,455.0
680.0,227.0,456.0
623.0,227.0,449.0
576.0,217.0,434.0
526.0,207.0,431.0
492.0,209.0,412.0
446.0,207.0,418.0
403.0,191.0,396.0
367.0,196.0,403.0
339.0,181.0,398.0
335.0,171.0,395.0
345.0,158.0,366.0
351.0,151.0,366.0
363.0,194.0,358.0
398.0,217.0,358.0
436.0,199.0,350.0
476.0,186.0,340.0
510.0,178.0,331.0
567.0,166.0,325.0
610.0,155.0,306.0
656.0,144.0,307.0
702.0,138.0,298.0
742.0,133.0,294.0
768.0,123.0,288.0
781.0,124.0,279.0
835.0,116.0,275.0
868.0,108.0,272.0
895.0,102.0,268.0
918.0,95.0,261.0
938.0,89.0,256.0
958.0,83.0,251.0
971.0,78.0,247.0
979.0,73.0,240.0
980.0,83.0,231.0
978.0,80.0,222.0
980.0,76.0,212.0
980.0,72.0,201.0
979.0,71.0,185.0
979.0,68.0,170.0
980.0,64.0,155.0
979.0,64.0,150.0
980.0,63.0,150.0
979.0,65.0,147.0
979.0,67.0,151.0
979.0,65.0,155.0
979.0,65.0,164.0
980.0,71.0,171.0
980.0,74.0,178.0
979.0,73.0,194.0
979.0,69.0,194.0
979.0,76.0,213.0
979.0,75.0,228.0
979.0,81.0,231.0
980.0,76.0,232.0
979.0,75.0,258.0
980.0,70.0,268.0
979.0,67.0,281.0
980.0,66.0,285.0
980.0,67.0,299.0
979.0,65.0,315.0
980.0,64.0,312.0
979.0,62.0,308.0
980.0,71.0,330.0
980.0,66.0,333.0
980.0,63.0,346.0
980.0,60.0,333.0
980.0,63.0,353.0
980.0,61.0,357.0
980.0,67.0,359.0
979.0,65.0,377.0
979.0,68.0,376.0
980.0,66.0,376.0
980.0,74.0,370.0
979.0,74.0,379.0
979.0,70.0,376.0
979.0,66.0,348.0
979.0,63.0,373.0
939.0,64.0,370.0
879.0,63.0,357.0
815.0,59.0,365.0
749.0,55.0,358.0
683.0,52.0,358.0
630.0,49.0,353.0
594.0,47.0,347.0
570.0,44.0,335.0
555.0,42.0,321.0
547.0,40.0,320.0
545.0,38.0,301.0
545.0,37.0,306.0
550.0,36.0,290.0
557.0,36.0,286.0
564.0,34.0,284.0
572.0,32.0,277.0
582.0,32.0,269.0
593.0,31.0,258.0
604.0,29.0,254.0
615.0,29.0,238.0
626.0,28.0,239.0
636.0,27.0,230.0
644.0,26.0,222.0
655.0,26.0,207.0
661.0,24.0,210.0
667.0,24.0,209.0
671.0,24.0,201.0
675.0,23.0,192.0
679.0,23.0,185.0
683.0,22.0,177.0
684.0,22.0,171.0
686.0,22.0,162.0
689.0,21.0,155.0
688.0,21.0,147.0
689.0,20.0,142.0
690.0,21.0,134.0
690.0,21.0,126.0
690.0,20.0,123.0
688.0,20.0,118.0
686.0,20.0,114.0
684.0,20.0,112.0
683.0,19.0,108.0
681.0,18.0,104.0
679.0,19.0,107.0
675.0,20.0,104.0
672.0,19.0,98.0
669.0,20.0,91.0
63.0,95.0,57.0
69.0,94.0,55.0
73.0,123.0,59.0
78.0,166.0,68.0
83.0,168.0,65.0
88.0,157.0,64.0
92.0,149.0,68.0
96.0,140.0,71.0
99.0,139.0,78.0
97.0,147.0,77.0
100.0,146.0,93.0
105.0,142.0,93.0
109.0,140.0,91.0
107.0,136.0,91.0
110.0,130.0,96.0
109.0,124.0,92.0
109.0,129.0,90.0
106.0,124.0,90.0
103.0,119.0,88.0
99.0,127.0,91.0
94.0,124.0,93.0
87.0,127.0,112.0
86.0,118.0,111.0
82.0,112.0,110.0
77.0,110.0,111.0
75.0,109.0,106.0
71.0,104.0,102.0
68.0,117.0,105.0
69.0,116.0,104.0
63.0,110.0,105.0
59.0,103.0,100.0
56.0,97.0,99.0
55.0,96.0,97.0
53.0,94.0,99.0
51.0,93.0,96.0
49.0,102.0,101.0
51.0,97.0,98.0
50.0,104.0,100.0
46.0,120.0,99.0
44.0,144.0,103.0
43.0,177.0,100.0
41.0,179.0,113.0
40.0,172.0,124.0
43.0,184.0,119.0
42.0,187.0,114.0
41.0,239.0,122.0
38.0,257.0,126.0
39.0,259.0,119.0
44.0,254.0,116.0
73.0,256.0,125.0
90.0,275.0,120.0
89.0,276.0,117.0
82.0,288.0,116.0
76.0,330.0,113.0
71.0,370.0,113.0
66.0,386.0,114.0
61.0,375.0,109.0
60.0,397.0,108.0
62.0,420.0,104.0
65.0,433.0,104.0
62.0,462.0,102.0
70.0,509.0,109.0
87.0,513.0,113.0
92.0,535.0,113.0
84.0,580.0,109.0
77.0,600.0,109.0
77.0,618.0,106.0
72.0,657.0,108.0
78.0,683.0,106.0
86.0,697.0,109.0
86.0,740.0,110.0
90.0,766.0,110.0
84.0,788.0,106.0
82.0,813.0,102.0
83.0,843.0,102.0
84.0,889.0,108.0
81.0,908.0,106.0
81.0,908.0,106.0
79.0,946.0,111.0
94.0,979.0,114.0
101.0,973.0,119.0
97.0,979.0,113.0
100.0,980.0,107.0
106.0,979.0,104.0
98.0,980.0,106.0
103.0,980.0,111.0
96.0,979.0,111.0
95.0,980.0,110.0
95.0,980.0,108.0
94.0,979.0,105.0
97.0,979.0,102.0
96.0,978.0,103.0
109.0,979.0,104.0
104.0,979.0,102.0
109.0,979.0,97.0
103.0,979.0,94.0
98.0,980.0,91.0
97.0,979.0,92.0
106.0,980.0,92.0
102.0,979.0,91.0
98.0,980.0,93.0
100.0,979.0,92.0
97.0,980.0,96.0
96.0,979.0,95.0
109.0,979.0,93.0
111.0,979.0,91.0
103.0,979.0,94.0
97.0,979.0,99.0
96.0,981.0,104.0
91.0,962.0,105.0
88.0,932.0,103.0
83.0,900.0,112.0
77.0,861.0,125.0
74.0,826.0,130.0
71.0,786.0,138.0
69.0,737.0,132.0
64.0,709.0,141.0
59.0,682.0,130.0
61.0,636.0,137.0
60.0,590.0,128.0
62.0,546.0,122.0
65.0,503.0,118.0
63.0,473.0,128.0
59.0,438.0,123.0
58.0,405.0,127.0
58.0,374.0,126.0
54.0,350.0,132.0
57.0,323.0,135.0
76.0,299.0,142.0
80.0,276.0,141.0
81.0,262.0,132.0
81.0,248.0,130.0
80.0,239.0,127.0
81.0,227.0,123.0
105.0,222.0,121.0
110.0,207.0,116.0
136.0,198.0,119.0
156.0,194.0,117.0
195.0,185.0,127.0
206.0,186.0,118.0
241.0,189.0,116.0
291.0,185.0,113.0
366.0,185.0,116.0
447.0,199.0,120.0
502.0,195.0,141.0
576.0,183.0,155.0
665.0,198.0,176.0
754.0,208.0,185.0
849.0,213.0,199.0
920.0,220.0,230.0
930.0,239.0,248.0
946.0,233.0,272.0
938.0,236.0,303.0
956.0,246.0,335.0
924.0,249.0,358.0
933.0,255.0,376.0
942.0,259.0,400.0
946.0,260.0,394.0
957.0,249.0,389.0
965.0,270.0,434.0
979.0,270.0,437.0
979.0,269.0,435.0
978.0,267.0,446.0
979.0,275.0,458.0
979.0,290.0,483.0
979.0,285.0,468.0
979.0,297.0,484.0
979.0,299.0,479.0
979.0,307.0,484.0
979.0,336.0,493.0
979.0,313.0,486.0
979.0,325.0,490.0
979.0,315.0,479.0
950.0,319.0,471.0
929.0,324.0,462.0
851.0,315.0,464.0
822.0,307.0,461.0
764.0,299.0,439.0
706.0,323.0,426.0
667.0,321.0,421.0
609.0,308.0,421.0
562.0,304.0,412.0
510.0,294.0,391.0
464.0,298.0,392.0
424.0,298.0,391.0
398.0,281.0,378.0
371.0,291.0,372.0
354.0,273.0,361.0
359.0,277.0,355.0
370.0,276.0,351.0
370.0,260.0,336.0
370.0,265.0,338.0
367.0,278.0,335.0
370.0,258.0,321.0
372.0,262.0,316.0
400.0,246.0,296.0
413.0,252.0,292.0
465.0,259.0,279.0
516.0,240.0,275.0
533.0,253.0,263.0
601.0,238.0,251.0
667.0,234.0,247.0
742.0,220.0,234.0
805.0,213.0,224.0
862.0,220.0,214.0
902.0,217.0,206.0
947.0,208.0,195.0
979.0,209.0,186.0
979.0,207.0,176.0
979.0,197.0,165.0
980.0,210.0,161.0
979.0,205.0,162.0
979.0,202.0,150.0
979.0,196.0,141.0
980.0,192.0,131.0
979.0,194.0,122.0
979.0,194.0,114.0
980.0,193.0,111.0
980.0,192.0,112.0
979.0,191.0,113.0
980.0,192.0,118.0
982.0,192.0,120.0
980.0,192.0,124.0
979.0,188.0,133.0
979.0,187.0,140.0
980.0,188.0,147.0
979.0,188.0,158.0
979.0,186.0,170.0
979.0,191.0,183.0
980.0,198.0,194.0
980.0,192.0,202.0
979.0,192.0,217.0
980.0,197.0,230.0
980.0,199.0,243.0
980.0,189.0,258.0
980.0,197.0,263.0
979.0,214.0,267.0
979.0,202.0,287.0
979.0,193.0,298.0
980.0,194.0,311.0
980.0,196.0,318.0
979.0,200.0,324.0
979.0,202.0,336.0
980.0,208.0,341.0
980.0,203.0,344.0
979.0,207.0,350.0
980.0,209.0,350.0
979.0,213.0,350.0
980.0,214.0,342.0
980.0,215.0,345.0
979.0,203.0,354.0
980.0,200.0,337.0
979.0,196.0,345.0
979.0,196.0,345.0
980.0,193.0,349.0
980.0,187.0,347.0
918.0,181.0,348.0
839.0,177.0,341.0
761.0,172.0,338.0
687.0,169.0,331.0
627.0,183.0,318.0
582.0,172.0,299.0
550.0,160.0,301.0
533.0,147.0,300.0
526.0,141.0,297.0
529.0,130.0,293.0
536.0,123.0,286.0
547.0,113.0,275.0
561.0,106.0,267.0
575.0,98.0,256.0
589.0,92.0,250.0
604.0,86.0,235.0
619.0,81.0,242.0
635.0,87.0,225.0
649.0,85.0,228.0
664.0,80.0,225.0
679.0,74.0,219.0
695.0,70.0,215.0
706.0,66.0,213.0
716.0,62.0,212.0
725.0,59.0,209.0
734.0,55.0,203.0
741.0,52.0,194.0
747.0,50.0,185.0
751.0,47.0,180.0
754.0,45.0,176.0
756.0,42.0,171.0
757.0,40.0,166.0
756.0,39.0,157.0
756.0,37.0,150.0
753.0,36.0,147.0
751.0,34.0,143.0
747.0,33.0,142.0
743.0,31.0,135.0
739.0,31.0,132.0
732.0,29.0,130.0
729.0,31.0,125.0
722.0,28.0,125.0
716.0,27.0,121.0
708.0,27.0,120.0
89.0,44.0,84.0
93.0,46.0,87.0
99.0,45.0,84.0
101.0,42.0,83.0
103.0,40.0,80.0
98.0,38.0,79.0
98.0,37.0,79.0
99.0,45.0,87.0
97.0,46.0,89.0
102.0,44.0,89.0
100.0,47.0,93.0
96.0,60.0,91.0
100.0,62.0,94.0
99.0,64.0,95.0
99.0,62.0,102.0
94.0,65.0,103.0
89.0,61.0,103.0
89.0,60.0,100.0
85.0,58.0,98.0
80.0,73.0,97.0
78.0,76.0,95.0
72.0,116.0,92.0
67.0,137.0,92.0
64.0,132.0,88.0
59.0,128.0,83.0
55.0,129.0,81.0
50.0,124.0,78.0
48.0,125.0,81.0
45.0,118.0,80.0
42.0,123.0,84.0
40.0,126.0,85.0
39.0,166.0,88.0
35.0,160.0,90.0
34.0,150.0,96.0
35.0,161.0,92.0
33.0,156.0,87.0
32.0,177.0,86.0
31.0,181.0,85.0
30.0,177.0,84.0
28.0,181.0,83.0
27.0,171.0,83.0
27.0,164.0,82.0
27.0,191.0,81.0
24.0,194.0,86.0
25.0,183.0,83.0
23.0,210.0,80.0
23.0,204.0,78.0
25.0,195.0,77.0
26.0,206.0,79.0
25.0,198.0,81.0
23.0,208.0,88.0
23.0,229.0,89.0
21.0,252.0,90.0
21.0,286.0,90.0
20.0,284.0,89.0
19.0,288.0,95.0
19.0,286.0,94.0
18.0,295.0,89.0
18.0,297.0,89.0
27.0,301.0,92.0
27.0,303.0,87.0
27.0,305.0,88.0
24.0,322.0,85.0
29.0,348.0,85.0
28.0,364.0,91.0
27.0,352.0,95.0
26.0,358.0,96.0
25.0,399.0,92.0
26.0,391.0,94.0
30.0,441.0,90.0
30.0,449.0,89.0
32.0,474.0,90.0
35.0,487.0,96.0
34.0,524.0,94.0
32.0,516.0,93.0
30.0,566.0,95.0
33.0,569.0,95.0
42.0,616.0,90.0
39.0,633.0,85.0
40.0,655.0,89.0
43.0,664.0,100.0
45.0,687.0,97.0
46.0,694.0,96.0
52.0,736.0,95.0
51.0,762.0,91.0
52.0,792.0,87.0
55.0,828.0,86.0
64.0,841.0,83.0
62.0,866.0,79.0
64.0,887.0,85.0
78.0,883.0,83.0
74.0,937.0,82.0
75.0,968.0,81.0
77.0,951.0,81.0
81.0,980.0,90.0
84.0,980.0,105.0
88.0,980.0,102.0
85.0,979.0,102.0
87.0,979.0,96.0
89.0,980.0,93.0
91.0,979.0,94.0
94.0,979.0,95.0
94.0,979.0,96.0
100.0,979.0,97.0
100.0,980.0,95.0
100.0,979.0,93.0
111.0,979.0,90.0
107.0,979.0,86.0
107.0,979.0,83.0
106.0,980.0,90.0
110.0,978.0,86.0
106.0,979.0,82.0
106.0,980.0,82.0
104.0,979.0,85.0
103.0,979.0,82.0
103.0,979.0,79.0
105.0,980.0,79.0
104.0,979.0,87.0
106.0,980.0,84.0
108.0,979.0,80.0
110.0,980.0,83.0
108.0,980.0,88.0
105.0,980.0,85.0
102.0,980.0,79.0
106.0,979.0,78.0
103.0,980.0,89.0
108.0,979.0,97.0
106.0,979.0,95.0
109.0,979.0,94.0
105.0,979.0,99.0
105.0,979.0,94.0
100.0,962.0,106.0
103.0,951.0,113.0
97.0,920.0,104.0
91.0,881.0,99.0
90.0,866.0,95.0
92.0,832.0,92.0
108.0,808.0,93.0
101.0,761.0,87.0
93.0,740.0,83.0
87.0,695.0,79.0
89.0,654.0,89.0
95.0,625.0,95.0
95.0,595.0,90.0
98.0,556.0,93.0
97.0,520.0,94.0
93.0,483.0,91.0
99.0,449.0,90.0
98.0,417.0,90.0
98.0,388.0,91.0
96.0,363.0,90.0
100.0,357.0,86.0
103.0,354.0,82.0
94.0,332.0,86.0
91.0,334.0,90.0
98.0,317.0,92.0
95.0,312.0,95.0
91.0,313.0,98.0
87.0,313.0,107.0
95.0,336.0,105.0
124.0,332.0,114.0
133.0,331.0,115.0
177.0,349.0,127.0
220.0,337.0,128.0
256.0,330.0,123.0
286.0,341.0,123.0
327.0,345.0,120.0
370.0,367.0,121.0
506.0,365.0,139.0
601.0,371.0,137.0
664.0,385.0,170.0
731.0,404.0,188.0
818.0,420.0,202.0
843.0,399.0,232.0
881.0,390.0,257.0
901.0,386.0,295.0
905.0,380.0,346.0
860.0,380.0,365.0
837.0,392.0,389.0
764.0,366.0,412.0
701.0,370.0,410.0
674.0,375.0,445.0
623.0,366.0,452.0
605.0,369.0,470.0
572.0,352.0,491.0
585.0,351.0,506.0
569.0,354.0,506.0
578.0,336.0,504.0
559.0,354.0,517.0
560.0,348.0,521.0
573.0,372.0,543.0
551.0,348.0,533.0
548.0,359.0,512.0
551.0,393.0,519.0
532.0,380.0,517.0
492.0,381.0,512.0
468.0,382.0,522.0
427.0,389.0,524.0
390.0,382.0,508.0
371.0,396.0,502.0
341.0,398.0,502.0
310.0,396.0,496.0
288.0,380.0,492.0
270.0,371.0,494.0
244.0,378.0,475.0
241.0,405.0,486.0
238.0,405.0,469.0
219.0,396.0,471.0
199.0,411.0,452.0
186.0,396.0,453.0
183.0,402.0,444.0
177.0,380.0,441.0
175.0,365.0,429.0
171.0,358.0,419.0
174.0,362.0,434.0
203.0,341.0,413.0
208.0,349.0,399.0
221.0,327.0,389.0
234.0,333.0,386.0
245.0,331.0,383.0
257.0,313.0,386.0
265.0,300.0,379.0
261.0,288.0,369.0
280.0,314.0,367.0
308.0,312.0,356.0
330.0,306.0,350.0
352.0,292.0,347.0
374.0,281.0,346.0
394.0,284.0,343.0
413.0,271.0,339.0
432.0,270.0,334.0
453.0,259.0,330.0
478.0,254.0,324.0
509.0,247.0,319.0
547.0,245.0,315.0
593.0,244.0,312.0
646.0,241.0,304.0
701.0,240.0,300.0
757.0,238.0,295.0
813.0,242.0,286.0
868.0,253.0,277.0
920.0,254.0,264.0
968.0,253.0,249.0
979.0,255.0,233.0
979.0,255.0,215.0
980.0,261.0,199.0
980.0,264.0,182.0
979.0,273.0,168.0
979.0,269.0,161.0
980.0,271.0,158.0
980.0,259.0,149.0
979.0,256.0,144.0
979.0,251.0,137.0
979.0,243.0,150.0
980.0,239.0,157.0
979.0,240.0,164.0
980.0,225.0,172.0
980.0,216.0,177.0
979.0,207.0,186.0
980.0,202.0,195.0
980.0,188.0,201.0
979.0,183.0,212.0
979.0,181.0,216.0
979.0,180.0,218.0
979.0,172.0,234.0
980.0,172.0,229.0
980.0,165.0,253.0
980.0,163.0,256.0
980.0,163.0,246.0
979.0,158.0,265.0
980.0,158.0,286.0
980.0,156.0,286.0
979.0,153.0,293.0
980.0,162.0,294.0
979.0,166.0,287.0
980.0,172.0,286.0
977.0,169.0,297.0
919.0,175.0,300.0
859.0,171.0,288.0
800.0,171.0,277.0
742.0,166.0,292.0
676.0,168.0,272.0
612.0,161.0,280.0
554.0,156.0,278.0
511.0,155.0,263.0
478.0,151.0,263.0
456.0,143.0,271.0
445.0,135.0,268.0
441.0,130.0,260.0
436.0,124.0,256.0
439.0,117.0,254.0
448.0,111.0,236.0
459.0,103.0,242.0
473.0,98.0,235.0
486.0,95.0,231.0
500.0,91.0,220.0
514.0,85.0,219.0
528.0,79.0,218.0
541.0,74.0,218.0
555.0,70.0,217.0
589.0,74.0,106.0
580.0,73.0,103.0
572.0,72.0,100.0
563.0,71.0,96.0
553.0,69.0,94.0
545.0,67.0,93.0
537.0,66.0,95.0
528.0,64.0,90.0
520.0,64.0,90.0
512.0,64.0,89.0
504.0,65.0,88.0
497.0,66.0,86.0
490.0,67.0,83.0
483.0,69.0,81.0
476.0,70.0,80.0
469.0,74.0,78.0
463.0,81.0,74.0
457.0,84.0,71.0
451.0,82.0,69.0
445.0,83.0,67.0
439.0,84.0,67.0
433.0,85.0,63.0
427.0,86.0,60.0
421.0,91.0,57.0
415.0,91.0,56.0
410.0,91.0,55.0
403.0,93.0,53.0
396.0,93.0,51.0
390.0,90.0,50.0
383.0,90.0,49.0
377.0,94.0,47.0
372.0,107.0,45.0
364.0,101.0,46.0
357.0,98.0,44.0
351.0,97.0,45.0
344.0,94.0,43.0
338.0,92.0,43.0
333.0,91.0,42.0
327.0,87.0,42.0
321.0,87.0,42.0
315.0,86.0,41.0
309.0,85.0,42.0
302.0,84.0,40.0
296.0,82.0,41.0
290.0,82.0,40.0
284.0,81.0,40.0
279.0,81.0,40.0
272.0,81.0,38.0
267.0,79.0,38.0
263.0,78.0,37.0
255.0,77.0,36.0
250.0,77.0,36.0
243.0,76.0,36.0
238.0,77.0,35.0
232.0,74.0,34.0
226.0,74.0,33.0
220.0,72.0,32.0
215.0,71.0,32.0
210.0,70.0,31.0
205.0,69.0,31.0
199.0,69.0,30.0
195.0,71.0,30.0
190.0,70.0,30.0
185.0,68.0,29.0
180.0,67.0,29.0
175.0,64.0,28.0
170.0,63.0,28.0
166.0,63.0,28.0
161.0,61.0,28.0
157.0,61.0,28.0
152.0,59.0,27.0
148.0,57.0,27.0
144.0,58.0,29.0
140.0,56.0,27.0
136.0,56.0,28.0
132.0,54.0,26.0
128.0,52.0,26.0
123.0,51.0,26.0
119.0,50.0,26.0
115.0,49.0,26.0
110.0,48.0,25.0
107.0,46.0,25.0
103.0,45.0,25.0
102.0,44.0,26.0
96.0,43.0,25.0
93.0,42.0,26.0
90.0,42.0,25.0
86.0,41.0,24.0
83.0,41.0,24.0
80.0,40.0,24.0
78.0,38.0,25.0
74.0,37.0,26.0
71.0,37.0,25.0
68.0,35.0,26.0
66.0,34.0,26.0
63.0,33.0,27.0
61.0,33.0,26.0
59.0,32.0,27.0
57.0,31.0,27.0
54.0,30.0,27.0
52.0,29.0,27.0
50.0,28.0,28.0
48.0,28.0,28.0
46.0,28.0,28.0
44.0,27.0,28.0
42.0,27.0,28.0
41.0,27.0,28.0
38.0,27.0,28.0
37.0,26.0,28.0
35.0,26.0,29.0
34.0,26.0,29.0
32.0,25.0,29.0
31.0,25.0,30.0
29.0,24.0,30.0
28.0,24.0,30.0
27.0,23.0,31.0
26.0,22.0,31.0
25.0,22.0,30.0
23.0,22.0,31.0
23.0,22.0,30.0
22.0,22.0,31.0
21.0,22.0,30.0
20.0,22.0,31.0
19.0,21.0,31.0
19.0,21.0,32.0
18.0,22.0,32.0
18.0,21.0,32.0
17.0,21.0,32.0
16.0,20.0,32.0
16.0,22.0,32.0
15.0,22.0,32.0
15.0,21.0,32.0
15.0,21.0,32.0
14.0,21.0,33.0
14.0,21.0,33.0
13.0,21.0,33.0
13.0,21.0,32.0
13.0,20.0,33.0
13.0,20.0,33.0
12.0,20.0,33.0
13.0,20.0,33.0
12.0,20.0,33.0
12.0,20.0,34.0
14.0,19.0,34.0
12.0,20.0,33.0
12.0,20.0,34.0
12.0,20.0,35.0
11.0,20.0,35.0
12.0,20.0,34.0
11.0,19.0,34.0
12.0,19.0,34.0
10.0,20.0,34.0
10.0,19.0,34.0
11.0,19.0,34.0
11.0,19.0,34.0
12.0,20.0,34.0
11.0,20.0,34.0
10.0,19.0,34.0
10.0,19.0,34.0
10.0,19.0,34.0
11.0,19.0,34.0
11.0,18.0,34.0
11.0,19.0,34.0
12.0,18.0,36.0
11.0,19.0,34.0
10.0,19.0,34.0
10.0,19.0,34.0
12.0,20.0,34.0
11.0,18.0,33.0
11.0,19.0,33.0
11.0,19.0,34.0
11.0,17.0,33.0
11.0,18.0,33.0
11.0,18.0,34.0
11.0,19.0,33.0
12.0,18.0,33.0
12.0,18.0,34.0
12.0,19.0,34.0
12.0,18.0,34.0
13.0,21.0,36.0
12.0,19.0,34.0
13.0,19.0,34.0
11.0,19.0,33.0
12.0,19.0,32.0
12.0,18.0,33.0
12.0,19.0,32.0
13.0,19.0,32.0
13.0,20.0,35.0
13.0,19.0,32.0
13.0,18.0,32.0
13.0,18.0,31.0
13.0,18.0,31.0
13.0,18.0,31.0
13.0,18.0,31.0
14.0,18.0,31.0
14.0,17.0,32.0
14.0,18.0,31.0
15.0,18.0,31.0
14.0,18.0,31.0
15.0,19.0,29.0
15.0,18.0,30.0
15.0,18.0,29.0
15.0,18.0,29.0
15.0,19.0,27.0
15.0,18.0,28.0
15.0,18.0,28.0
15.0,18.0,29.0
15.0,19.0,27.0
15.0,18.0,29.0
15.0,18.0,28.0
16.0,19.0,29.0
16.0,18.0,29.0
16.0,18.0,27.0
16.0,18.0,27.0
17.0,18.0,27.0
17.0,18.0,27.0
18.0,17.0,26.0
18.0,18.0,27.0
18.0,19.0,26.0
18.0,18.0,27.0
19.0,18.0,26.0
18.0,19.0,26.0
18.0,18.0,26.0
18.0,18.0,26.0
18.0,18.0,26.0
18.0,18.0,26.0
18.0,18.0,26.0
19.0,17.0,26.0
18.0,18.0,26.0
18.0,19.0,26.0
18.0,18.0,26.0
18.0,18.0,25.0
18.0,18.0,26.0
18.0,18.0,26.0
18.0,18.0,25.0
18.0,18.0,26.0
18.0,18.0,25.0
17.0,18.0,24.0
17.0,17.0,25.0
16.0,18.0,25.0
16.0,18.0,24.0
16.0,17.0,24.0
15.0,19.0,24.0
15.0,17.0,25.0
15.0,17.0,24.0
14.0,17.0,24.0
14.0,18.0,24.0
13.0,18.0,24.0
12.0,18.0,24.0
13.0,17.0,24.0
13.0,19.0,24.0
12.0,19.0,24.0
13.0,19.0,24.0
12.0,18.0,24.0
12.0,18.0,24.0
11.0,18.0,23.0
11.0,18.0,23.0
11.0,18.0,23.0
11.0,18.0,24.0
10.0,18.0,24.0
12.0,17.0,24.0
11.0,18.0,24.0
11.0,19.0,24.0
11.0,18.0,23.0
11.0,18.0,24.0
11.0,18.0,24.0
11.0,18.0,25.0
11.0,18.0,24.0
11.0,17.0,25.0
11.0,18.0,25.0
10.0,18.0,26.0
11.0,17.0,27.0
10.0,18.0,25.0
10.0,18.0,25.0
11.0,18.0,26.0
10.0,18.0,25.0
10.0,18.0,25.0
10.0,18.0,25.0
10.0,18.0,24.0
11.0,17.0,25.0
10.0,18.0,25.0
9.0,18.0,26.0
10.0,18.0,27.0
10.0,18.0,27.0
11.0,18.0,27.0
10.0,18.0,26.0
10.0,18.0,27.0
11.0,18.0,27.0
10.0,18.0,25.0
10.0,18.0,26.0
12.0,17.0,27.0
10.0,18.0,27.0
10.0,18.0,27.0
10.0,19.0,26.0
11.0,19.0,29.0
10.0,19.0,29.0
9.0,20.0,28.0
11.0,20.0,29.0
11.0,20.0,29.0
10.0,19.0,28.0
82.0,24.0,46.0
87.0,28.0,45.0
91.0,26.0,43.0
95.0,26.0,42.0
101.0,25.0,46.0
107.0,26.0,45.0
110.0,27.0,44.0
114.0,26.0,43.0
116.0,26.0,44.0
117.0,30.0,44.0
119.0,28.0,41.0
121.0,26.0,40.0
123.0,28.0,47.0
124.0,27.0,45.0
124.0,27.0,43.0
124.0,27.0,42.0
122.0,26.0,42.0
121.0,26.0,44.0
118.0,26.0,42.0
119.0,26.0,40.0
117.0,33.0,39.0
116.0,33.0,38.0
112.0,34.0,38.0
107.0,34.0,41.0
105.0,32.0,40.0
98.0,31.0,39.0
95.0,34.0,40.0
98.0,34.0,41.0
98.0,35.0,45.0
97.0,43.0,48.0
93.0,49.0,48.0
92.0,59.0,47.0
91.0,65.0,47.0
87.0,70.0,45.0
85.0,67.0,43.0
81.0,64.0,45.0
79.0,66.0,44.0
76.0,71.0,44.0
73.0,77.0,42.0
70.0,73.0,43.0
68.0,78.0,42.0
66.0,81.0,42.0
65.0,82.0,42.0
63.0,78.0,41.0
60.0,76.0,42.0
59.0,78.0,41.0
56.0,75.0,41.0
54.0,75.0,41.0
52.0,73.0,39.0
48.0,70.0,39.0
48.0,85.0,39.0
47.0,95.0,38.0
44.0,101.0,37.0
42.0,99.0,38.0
47.0,111.0,39.0
48.0,110.0,41.0
45.0,110.0,43.0
43.0,116.0,44.0
41.0,136.0,48.0
39.0,147.0,48.0
36.0,158.0,47.0
35.0,168.0,48.0
32.0,166.0,48.0
32.0,175.0,48.0
31.0,185.0,49.0
31.0,187.0,49.0
28.0,224.0,52.0
27.0,243.0,50.0
27.0,256.0,49.0
26.0,271.0,55.0
25.0,292.0,53.0
24.0,310.0,52.0
23.0,316.0,51.0
24.0,319.0,52.0
22.0,330.0,55.0
22.0,345.0,55.0
21.0,368.0,57.0
22.0,380.0,57.0
23.0,409.0,58.0
22.0,416.0,59.0
21.0,441.0,57.0
21.0,448.0,57.0
19.0,450.0,63.0
20.0,482.0,66.0
19.0,499.0,64.0
18.0,508.0,62.0
18.0,519.0,66.0
17.0,526.0,69.0
17.0,544.0,70.0
16.0,547.0,72.0
15.0,559.0,70.0
20.0,562.0,69.0
20.0,580.0,68.0
19.0,588.0,67.0
24.0,575.0,66.0
22.0,588.0,68.0
22.0,595.0,69.0
20.0,596.0,69.0
21.0,608.0,66.0
20.0,596.0,68.0
20.0,593.0,76.0
19.0,603.0,78.0
19.0,594.0,74.0
21.0,587.0,76.0
21.0,591.0,74.0
34.0,587.0,73.0
40.0,569.0,71.0
41.0,558.0,71.0
40.0,564.0,69.0
41.0,551.0,68.0
45.0,545.0,67.0
56.0,541.0,70.0
56.0,518.0,68.0
71.0,511.0,69.0
79.0,487.0,68.0
73.0,481.0,67.0
76.0,449.0,66.0
76.0,433.0,77.0
74.0,430.0,89.0
71.0,420.0,92.0
81.0,404.0,91.0
82.0,375.0,90.0
78.0,363.0,99.0
81.0,357.0,100.0
88.0,335.0,110.0
83.0,321.0,110.0
82.0,318.0,131.0
87.0,300.0,134.0
111.0,283.0,145.0
121.0,271.0,153.0
128.0,313.0,150.0
133.0,317.0,153.0
128.0,303.0,154.0
121.0,308.0,156.0
130.0,306.0,168.0
269.0,313.0,167.0
273.0,290.0,172.0
275.0,278.0,167.0
297.0,272.0,179.0
340.0,263.0,172.0
384.0,244.0,171.0
452.0,242.0,177.0
482.0,257.0,188.0
491.0,274.0,195.0
483.0,273.0,213.0
461.0,263.0,205.0
449.0,288.0,217.0
428.0,319.0,253.0
395.0,319.0,251.0
367.0,325.0,246.0
341.0,336.0,298.0
312.0,375.0,314.0
304.0,371.0,338.0
280.0,360.0,351.0
256.0,331.0,355.0
234.0,308.0,353.0
241.0,304.0,374.0
266.0,347.0,404.0
305.0,333.0,393.0
320.0,402.0,404.0
338.0,425.0,418.0
326.0,405.0,435.0
312.0,431.0,424.0
310.0,406.0,432.0
336.0,406.0,441.0
333.0,424.0,438.0
322.0,414.0,415.0
351.0,407.0,427.0
360.0,405.0,420.0
344.0,392.0,422.0
357.0,388.0,440.0
392.0,369.0,420.0
401.0,370.0,415.0
405.0,348.0,441.0
409.0,336.0,426.0
426.0,341.0,429.0
438.0,362.0,402.0
444.0,350.0,411.0
475.0,320.0,391.0
495.0,313.0,379.0
553.0,300.0,359.0
609.0,280.0,375.0
676.0,256.0,358.0
719.0,277.0,358.0
769.0,270.0,343.0
835.0,265.0,340.0
915.0,247.0,323.0
961.0,240.0,325.0
979.0,231.0,306.0
979.0,240.0,285.0
980.0,227.0,289.0
980.0,214.0,281.0
980.0,206.0,285.0
979.0,190.0,276.0
980.0,176.0,270.0
979.0,166.0,271.0
979.0,157.0,270.0
979.0,150.0,264.0
979.0,143.0,253.0
980.0,143.0,249.0
979.0,138.0,250.0
980.0,127.0,256.0
980.0,129.0,247.0
979.0,120.0,236.0
979.0,118.0,240.0
980.0,110.0,225.0
980.0,107.0,218.0
979.0,105.0,218.0
980.0,100.0,200.0
980.0,94.0,195.0
979.0,87.0,182.0
979.0,81.0,167.0
980.0,87.0,158.0
980.0,84.0,149.0
980.0,80.0,138.0
979.0,78.0,134.0
979.0,76.0,130.0
980.0,76.0,123.0
979.0,72.0,127.0
980.0,70.0,129.0
980.0,70.0,132.0
980.0,69.0,131.0
979.0,71.0,150.0
980.0,70.0,159.0
979.0,65.0,169.0
980.0,62.0,180.0
980.0,60.0,192.0
980.0,60.0,192.0
979.0,56.0,206.0
979.0,56.0,207.0
980.0,54.0,219.0
980.0,54.0,232.0
979.0,53.0,223.0
980.0,51.0,227.0
979.0,54.0,243.0
979.0,51.0,256.0
980.0,49.0,265.0
980.0,49.0,252.0
980.0,53.0,268.0
980.0,58.0,283.0
980.0,54.0,284.0
979.0,59.0,276.0
980.0,57.0,282.0
979.0,59.0,280.0
979.0,56.0,284.0
979.0,53.0,268.0
979.0,50.0,273.0
979.0,47.0,285.0
968.0,46.0,287.0
931.0,42.0,284.0
888.0,40.0,276.0
843.0,39.0,267.0
798.0,38.0,267.0
745.0,37.0,261.0
687.0,35.0,267.0
626.0,32.0,260.0
575.0,32.0,245.0
538.0,31.0,231.0
508.0,30.0,247.0
490.0,29.0,244.0
479.0,29.0,241.0
470.0,30.0,232.0
461.0,29.0,228.0
454.0,27.0,222.0
456.0,27.0,209.0
464.0,26.0,207.0
474.0,25.0,201.0
488.0,25.0,197.0
506.0,24.0,191.0
528.0,25.0,185.0
549.0,23.0,180.0
572.0,23.0,172.0
595.0,22.0,163.0
617.0,22.0,168.0
640.0,22.0,159.0
665.0,22.0,152.0
690.0,21.0,141.0
713.0,21.0,141.0
735.0,21.0,134.0
758.0,20.0,139.0
778.0,20.0,130.0
797.0,21.0,134.0
814.0,20.0,133.0
830.0,19.0,127.0
846.0,20.0,126.0
861.0,20.0,125.0
873.0,20.0,118.0
885.0,19.0,113.0
897.0,19.0,109.0
907.0,20.0,105.0
916.0,19.0,100.0
924.0,19.0,102.0
930.0,19.0,96.0
935.0,19.0,90.0
939.0,20.0,86.0
940.0,19.0,86.0
943.0,20.0,83.0
945.0,19.0,79.0
948.0,19.0,76.0
949.0,19.0,76.0
40.0,122.0,73.0
44.0,138.0,70.0
48.0,144.0,67.0
54.0,143.0,67.0
55.0,161.0,66.0
60.0,177.0,82.0
70.0,187.0,80.0
80.0,209.0,83.0
90.0,217.0,83.0
99.0,206.0,80.0
108.0,197.0,81.0
117.0,185.0,88.0
126.0,184.0,92.0
137.0,173.0,101.0
139.0,183.0,100.0
143.0,193.0,98.0
149.0,183.0,100.0
160.0,168.0,98.0
165.0,159.0,102.0
161.0,147.0,108.0
168.0,142.0,106.0
166.0,142.0,99.0
165.0,141.0,102.0
157.0,141.0,110.0
155.0,145.0,122.0
149.0,143.0,124.0
148.0,143.0,118.0
142.0,135.0,111.0
140.0,140.0,105.0
131.0,128.0,100.0
127.0,125.0,103.0
117.0,126.0,106.0
108.0,131.0,102.0
103.0,122.0,99.0
101.0,121.0,93.0
97.0,139.0,87.0
91.0,151.0,84.0
88.0,168.0,93.0
84.0,164.0,96.0
81.0,163.0,94.0
83.0,166.0,91.0
79.0,160.0,90.0
72.0,168.0,87.0
69.0,161.0,85.0
72.0,163.0,85.0
65.0,164.0,87.0
63.0,176.0,83.0
64.0,173.0,84.0
67.0,173.0,83.0
71.0,178.0,88.0
73.0,179.0,85.0
67.0,173.0,88.0
66.0,179.0,89.0
63.0,176.0,86.0
63.0,172.0,88.0
59.0,198.0,90.0
56.0,190.0,88.0
52.0,176.0,91.0
49.0,201.0,90.0
46.0,213.0,88.0
43.0,223.0,87.0
41.0,212.0,87.0
39.0,239.0,94.0
41.0,237.0,101.0
52.0,269.0,101.0
56.0,287.0,102.0
52.0,278.0,99.0
51.0,281.0,95.0
48.0,304.0,97.0
45.0,307.0,94.0
46.0,317.0,91.0
58.0,305.0,91.0
53.0,324.0,88.0
51.0,336.0,85.0
52.0,329.0,82.0
52.0,334.0,88.0
52.0,336.0,88.0
50.0,364.0,85.0
46.0,377.0,81.0
67.0,398.0,80.0
77.0,400.0,79.0
73.0,401.0,73.0
69.0,421.0,76.0
65.0,424.0,82.0
65.0,407.0,87.0
60.0,430.0,87.0
62.0,450.0,87.0
64.0,437.0,90.0
61.0,428.0,97.0
57.0,448.0,97.0
56.0,451.0,101.0
63.0,434.0,104.0
68.0,444.0,102.0
71.0,451.0,103.0
65.0,448.0,104.0
62.0,430.0,110.0
61.0,415.0,107.0
60.0,443.0,113.0
97.0,416.0,110.0
106.0,389.0,110.0
102.0,383.0,117.0
98.0,354.0,120.0
97.0,346.0,117.0
98.0,318.0,118.0
130.0,297.0,131.0
123.0,276.0,138.0
126.0,263.0,136.0
126.0,250.0,136.0
123.0,249.0,127.0
131.0,228.0,136.0
153.0,239.0,152.0
162.0,231.0,145.0
184.0,216.0,151.0
225.0,201.0,144.0
246.0,185.0,136.0
276.0,205.0,151.0
326.0,194.0,167.0
357.0,185.0,175.0
413.0,175.0,181.0
456.0,173.0,179.0
502.0,160.0,171.0
543.0,167.0,163.0
565.0,164.0,185.0
608.0,195.0,186.0
632.0,205.0,215.0
651.0,190.0,240.0
665.0,177.0,264.0
647.0,218.0,292.0
622.0,225.0,297.0
652.0,232.0,361.0
623.0,224.0,385.0
618.0,215.0,412.0
625.0,198.0,434.0
638.0,204.0,477.0
614.0,210.0,501.0
616.0,221.0,492.0
605.0,217.0,506.0
599.0,202.0,527.0
559.0,215.0,545.0
515.0,219.0,541.0
501.0,222.0,556.0
454.0,213.0,546.0
452.0,226.0,573.0
433.0,224.0,574.0
400.0,222.0,583.0
367.0,217.0,577.0
337.0,215.0,589.0
315.0,202.0,572.0
307.0,199.0,582.0
280.0,198.0,578.0
269.0,204.0,570.0
261.0,203.0,555.0
256.0,194.0,561.0
264.0,201.0,548.0
297.0,197.0,554.0
334.0,183.0,551.0
379.0,179.0,537.0
446.0,171.0,527.0
509.0,163.0,519.0
573.0,169.0,512.0
626.0,174.0,508.0
673.0,170.0,507.0
729.0,162.0,498.0
788.0,149.0,475.0
841.0,138.0,480.0
880.0,130.0,479.0
922.0,126.0,462.0
961.0,133.0,467.0
979.0,126.0,465.0
980.0,131.0,459.0
979.0,154.0,453.0
980.0,141.0,446.0
979.0,131.0,444.0
980.0,126.0,436.0
980.0,133.0,416.0
979.0,137.0,425.0
980.0,126.0,415.0
979.0,117.0,411.0
979.0,109.0,411.0
980.0,105.0,396.0
980.0,99.0,398.0
979.0,102.0,397.0
979.0,99.0,392.0
980.0,94.0,382.0
979.0,91.0,374.0
979.0,90.0,371.0
980.0,88.0,365.0
979.0,83.0,356.0
979.0,79.0,353.0
979.0,75.0,347.0
980.0,71.0,340.0
978.0,66.0,334.0
979.0,68.0,328.0
980.0,66.0,321.0
979.0,65.0,309.0
979.0,62.0,304.0
980.0,61.0,291.0
979.0,60.0,278.0
980.0,58.0,263.0
980.0,58.0,246.0
979.0,55.0,230.0
978.0,53.0,213.0
979.0,52.0,199.0
979.0,55.0,186.0
980.0,53.0,179.0
980.0,54.0,174.0
979.0,53.0,169.0
980.0,60.0,159.0
979.0,56.0,152.0
980.0,59.0,154.0
980.0,63.0,167.0
978.0,60.0,165.0
979.0,56.0,177.0
980.0,52.0,190.0
980.0,53.0,197.0
980.0,51.0,199.0
980.0,52.0,211.0
979.0,50.0,226.0
979.0,49.0,234.0
970.0,51.0,242.0
956.0,53.0,239.0
941.0,55.0,226.0
930.0,56.0,261.0
914.0,54.0,274.0
899.0,53.0,274.0
888.0,52.0,277.0
879.0,52.0,300.0
873.0,49.0,311.0
871.0,49.0,319.0
871.0,55.0,319.0
868.0,51.0,320.0
856.0,48.0,317.0
836.0,47.0,314.0
807.0,45.0,321.0
766.0,48.0,321.0
715.0,45.0,322.0
658.0,43.0,315.0
602.0,41.0,317.0
549.0,41.0,316.0
504.0,39.0,304.0
470.0,38.0,313.0
449.0,36.0,314.0
439.0,36.0,297.0
439.0,34.0,297.0
448.0,32.0,306.0
465.0,32.0,288.0
487.0,30.0,288.0
511.0,29.0,283.0
539.0,28.0,276.0
567.0,28.0,265.0
596.0,26.0,253.0
622.0,27.0,256.0
648.0,25.0,250.0
673.0,25.0,239.0
696.0,24.0,240.0
719.0,24.0,234.0
740.0,24.0,231.0
760.0,23.0,218.0
777.0,22.0,219.0
792.0,22.0,204.0
808.0,22.0,197.0
817.0,22.0,200.0
828.0,22.0,198.0
838.0,21.0,199.0
845.0,22.0,190.0
852.0,21.0,178.0
857.0,20.0,175.0
862.0,20.0,175.0
867.0,20.0,178.0
868.0,19.0,180.0
869.0,19.0,177.0
870.0,20.0,169.0
870.0,20.0,165.0
870.0,19.0,157.0
870.0,19.0,150.0
866.0,19.0,147.0
864.0,19.0,151.0
860.0,20.0,145.0
857.0,19.0,141.0
853.0,19.0,136.0
851.0,21.0,133.0
846.0,19.0,126.0
844.0,19.0,123.0
837.0,19.0,115.0
832.0,18.0,117.0
828.0,18.0,113.0
823.0,19.0,111.0
817.0,19.0,105.0
811.0,19.0,103.0
803.0,19.0,102.0
795.0,19.0,99.0
788.0,18.0,95.0
781.0,19.0,91.0
776.0,19.0,93.0
772.0,18.0,90.0
768.0,19.0,90.0
763.0,18.0,89.0
757.0,19.0,87.0
750.0,19.0,85.0
744.0,19.0,83.0
19.0,112.0,55.0
20.0,117.0,59.0
19.0,111.0,57.0
21.0,112.0,72.0
21.0,117.0,84.0
26.0,124.0,94.0
26.0,130.0,95.0
27.0,126.0,95.0
31.0,125.0,92.0
32.0,126.0,94.0
34.0,126.0,96.0
33.0,134.0,93.0
32.0,143.0,93.0
31.0,146.0,103.0
31.0,135.0,104.0
35.0,133.0,103.0
36.0,126.0,103.0
41.0,118.0,99.0
38.0,112.0,99.0
37.0,110.0,119.0
42.0,122.0,126.0
43.0,127.0,122.0
46.0,133.0,121.0
51.0,135.0,120.0
52.0,127.0,116.0
50.0,119.0,119.0
53.0,110.0,119.0
54.0,118.0,117.0
57.0,149.0,113.0
63.0,152.0,113.0
66.0,142.0,109.0
65.0,149.0,111.0
70.0,149.0,106.0
75.0,162.0,104.0
73.0,158.0,103.0
83.0,158.0,104.0
87.0,181.0,102.0
90.0,221.0,99.0
94.0,223.0,97.0
94.0,234.0,96.0
88.0,220.0,98.0
89.0,214.0,104.0
92.0,209.0,104.0
91.0,207.0,115.0
92.0,237.0,118.0
96.0,248.0,127.0
93.0,237.0,127.0
93.0,221.0,125.0
88.0,210.0,129.0
84.0,194.0,126.0
77.0,185.0,129.0
73.0,200.0,127.0
78.0,195.0,126.0
79.0,188.0,133.0
85.0,178.0,127.0
85.0,171.0,124.0
85.0,164.0,123.0
84.0,159.0,119.0
92.0,150.0,128.0
97.0,145.0,137.0
92.0,149.0,138.0
95.0,141.0,136.0
99.0,132.0,132.0
100.0,124.0,145.0
95.0,129.0,139.0
92.0,131.0,133.0
95.0,136.0,128.0
99.0,139.0,122.0
101.0,154.0,139.0
95.0,163.0,136.0
89.0,159.0,127.0
96.0,155.0,127.0
100.0,161.0,124.0
92.0,189.0,120.0
91.0,202.0,120.0
85.0,192.0,118.0
91.0,207.0,123.0
94.0,197.0,132.0
88.0,189.0,137.0
94.0,180.0,138.0
93.0,168.0,137.0
90.0,159.0,137.0
89.0,160.0,133.0
100.0,158.0,134.0
96.0,156.0,127.0
98.0,164.0,128.0
104.0,153.0,124.0
106.0,152.0,129.0
101.0,150.0,141.0
95.0,150.0,166.0
104.0,150.0,165.0
111.0,154.0,175.0
106.0,162.0,172.0
124.0,166.0,173.0
115.0,164.0,194.0
102.0,167.0,182.0
93.0,177.0,180.0
122.0,170.0,186.0
131.0,170.0,182.0
133.0,186.0,173.0
144.0,180.0,181.0
176.0,174.0,171.0
232.0,184.0,170.0
250.0,178.0,164.0
294.0,168.0,159.0
333.0,218.0,158.0
387.0,216.0,150.0
440.0,214.0,142.0
513.0,215.0,141.0
602.0,208.0,139.0
692.0,201.0,137.0
850.0,197.0,147.0
949.0,193.0,153.0
979.0,209.0,186.0
979.0,200.0,192.0
979.0,192.0,203.0
979.0,183.0,214.0
980.0,191.0,231.0
979.0,185.0,281.0
978.0,192.0,291.0
979.0,191.0,306.0
979.0,191.0,352.0
979.0,182.0,354.0
979.0,189.0,375.0
978.0,195.0,421.0
979.0,182.0,443.0
979.0,176.0,449.0
979.0,172.0,480.0
979.0,165.0,487.0
979.0,158.0,496.0
979.0,147.0,521.0
978.0,155.0,521.0
979.0,152.0,523.0
980.0,196.0,510.0
979.0,185.0,529.0
979.0,171.0,533.0
979.0,167.0,532.0
978.0,160.0,538.0
979.0,168.0,530.0
979.0,211.0,549.0
979.0,239.0,524.0
979.0,227.0,517.0
979.0,226.0,522.0
943.0,231.0,499.0
919.0,226.0,508.0
864.0,218.0,512.0
817.0,207.0,490.0
744.0,197.0,496.0
702.0,192.0,504.0
637.0,202.0,486.0
578.0,215.0,477.0
525.0,199.0,469.0
484.0,195.0,458.0
443.0,203.0,449.0
410.0,202.0,455.0
441.0,200.0,432.0
457.0,186.0,434.0
480.0,172.0,432.0
523.0,170.0,414.0
559.0,159.0,402.0
612.0,154.0,392.0
650.0,153.0,397.0
693.0,147.0,389.0
734.0,139.0,377.0
771.0,129.0,375.0
804.0,120.0,367.0
837.0,119.0,361.0
868.0,116.0,353.0
889.0,108.0,342.0
915.0,101.0,341.0
939.0,94.0,333.0
956.0,87.0,324.0
971.0,95.0,320.0
979.0,91.0,313.0
979.0,86.0,303.0
979.0,80.0,297.0
980.0,75.0,288.0
979.0,71.0,279.0
979.0,66.0,271.0
979.0,62.0,256.0
977.0,58.0,240.0
979.0,55.0,230.0
980.0,54.0,210.0
979.0,51.0,196.0
980.0,48.0,185.0
979.0,46.0,183.0
980.0,45.0,176.0
980.0,43.0,186.0
980.0,41.0,193.0
980.0,40.0,203.0
980.0,37.0,211.0
980.0,42.0,215.0
979.0,41.0,234.0
980.0,40.0,256.0
980.0,40.0,269.0
979.0,38.0,282.0
979.0,36.0,297.0
980.0,35.0,315.0
979.0,34.0,331.0
980.0,33.0,340.0
980.0,31.0,358.0
979.0,31.0,369.0
979.0,29.0,373.0
980.0,29.0,373.0
979.0,27.0,384.0
980.0,38.0,398.0
980.0,36.0,406.0
980.0,35.0,399.0
979.0,33.0,411.0
979.0,32.0,420.0
980.0,31.0,425.0
979.0,32.0,429.0
980.0,35.0,429.0
979.0,34.0,418.0
980.0,33.0,427.0
979.0,34.0,426.0
980.0,36.0,420.0
979.0,34.0,418.0
980.0,37.0,420.0
980.0,35.0,408.0
964.0,35.0,407.0
907.0,36.0,417.0
845.0,37.0,410.0
779.0,34.0,405.0
712.0,34.0,399.0
648.0,33.0,388.0
595.0,31.0,372.0
553.0,30.0,364.0
521.0,29.0,362.0
499.0,28.0,360.0
486.0,28.0,355.0
484.0,27.0,348.0
488.0,26.0,342.0
497.0,25.0,331.0
509.0,24.0,320.0
523.0,25.0,315.0
541.0,24.0,297.0
556.0,23.0,295.0
572.0,23.0,290.0
586.0,22.0,283.0
600.0,21.0,277.0
613.0,22.0,263.0
625.0,21.0,253.0
634.0,21.0,245.0
644.0,21.0,235.0
651.0,20.0,228.0
657.0,21.0,229.0
664.0,20.0,218.0
668.0,20.0,221.0
672.0,19.0,213.0
675.0,20.0,201.0
678.0,20.0,195.0
680.0,19.0,191.0
682.0,19.0,182.0
682.0,19.0,170.0
682.0,19.0,165.0
681.0,19.0,164.0
680.0,19.0,157.0
677.0,19.0,152.0
674.0,18.0,144.0
671.0,19.0,138.0
667.0,19.0,136.0
662.0,18.0,133.0
658.0,19.0,124.0
653.0,18.0,120.0
647.0,18.0,116.0
642.0,19.0,113.0
636.0,18.0,116.0
630.0,17.0,111.0
624.0,18.0,107.0
617.0,18.0,104.0
610.0,18.0,102.0
605.0,18.0,98.0
597.0,18.0,94.0
591.0,18.0,90.0
583.0,18.0,89.0
575.0,18.0,85.0
567.0,18.0,86.0
558.0,18.0,84.0
551.0,18.0,81.0
545.0,18.0,80.0
538.0,18.0,77.0
530.0,18.0,75.0
521.0,18.0,72.0
512.0,18.0,69.0
501.0,18.0,67.0
491.0,19.0,64.0
481.0,18.0,62.0
471.0,18.0,59.0
461.0,18.0,56.0
450.0,18.0,54.0
439.0,18.0,55.0
429.0,18.0,53.0
417.0,19.0,52.0
407.0,18.0,51.0
396.0,18.0,50.0
386.0,18.0,46.0
376.0,18.0,44.0
367.0,18.0,45.0
358.0,18.0,45.0
43.0,131.0,59.0
48.0,127.0,60.0
51.0,127.0,64.0
57.0,124.0,70.0
64.0,129.0,69.0
71.0,138.0,70.0
77.0,130.0,70.0
83.0,122.0,69.0
91.0,123.0,65.0
97.0,122.0,70.0
107.0,115.0,82.0
115.0,128.0,83.0
124.0,127.0,82.0
131.0,122.0,79.0
134.0,134.0,77.0
138.0,137.0,77.0
142.0,133.0,75.0
143.0,140.0,72.0
142.0,138.0,73.0
138.0,129.0,70.0
139.0,129.0,67.0
134.0,137.0,67.0
131.0,144.0,68.0
125.0,139.0,64.0
122.0,129.0,64.0
117.0,135.0,68.0
107.0,139.0,77.0
109.0,134.0,76.0
108.0,132.0,80.0
105.0,137.0,79.0
101.0,127.0,75.0
102.0,118.0,74.0
102.0,109.0,71.0
101.0,104.0,79.0
95.0,107.0,81.0
88.0,102.0,90.0
87.0,95.0,87.0
89.0,90.0,86.0
90.0,85.0,86.0
87.0,85.0,83.0
84.0,98.0,81.0
76.0,94.0,75.0
76.0,88.0,72.0
76.0,88.0,72.0
72.0,86.0,70.0
70.0,89.0,77.0
68.0,90.0,79.0
68.0,90.0,78.0
65.0,90.0,78.0
62.0,87.0,77.0
63.0,81.0,73.0
62.0,81.0,80.0
61.0,81.0,77.0
59.0,77.0,78.0
56.0,75.0,80.0
52.0,72.0,78.0
51.0,83.0,91.0
49.0,80.0,93.0
47.0,76.0,91.0
46.0,77.0,87.0
49.0,83.0,91.0
53.0,101.0,87.0
51.0,97.0,97.0
48.0,102.0,96.0
48.0,113.0,92.0
48.0,108.0,88.0
46.0,128.0,89.0
45.0,132.0,93.0
56.0,123.0,95.0
53.0,129.0,107.0
56.0,131.0,146.0
91.0,140.0,168.0
110.0,156.0,166.0
108.0,151.0,160.0
119.0,156.0,160.0
128.0,162.0,165.0
160.0,157.0,161.0
150.0,163.0,159.0
147.0,163.0,170.0
148.0,172.0,177.0
159.0,183.0,175.0
192.0,179.0,164.0
237.0,194.0,154.0
216.0,187.0,149.0
196.0,175.0,146.0
181.0,177.0,156.0
165.0,173.0,161.0
156.0,160.0,158.0
148.0,162.0,151.0
149.0,154.0,140.0
145.0,159.0,153.0
146.0,163.0,160.0
138.0,165.0,152.0
133.0,166.0,150.0
160.0,159.0,143.0
159.0,151.0,170.0
177.0,206.0,190.0
165.0,205.0,186.0
157.0,217.0,181.0
159.0,226.0,186.0
163.0,232.0,190.0
166.0,225.0,198.0
175.0,228.0,208.0
187.0,239.0,198.0
225.0,224.0,195.0
243.0,212.0,207.0
301.0,208.0,218.0
391.0,199.0,215.0
485.0,188.0,229.0
579.0,188.0,240.0
706.0,197.0,242.0
730.0,215.0,282.0
748.0,204.0,297.0
745.0,190.0,334.0
724.0,210.0,351.0
708.0,228.0,373.0
705.0,213.0,390.0
653.0,208.0,422.0
644.0,195.0,411.0
633.0,187.0,439.0
619.0,176.0,443.0
612.0,167.0,456.0
606.0,163.0,474.0
585.0,153.0,477.0
582.0,170.0,488.0
568.0,168.0,494.0
598.0,172.0,491.0
579.0,161.0,498.0
531.0,160.0,521.0
494.0,180.0,513.0
471.0,174.0,513.0
446.0,188.0,491.0
430.0,203.0,492.0
416.0,190.0,502.0
379.0,183.0,489.0
348.0,170.0,482.0
330.0,171.0,476.0
301.0,176.0,451.0
275.0,166.0,455.0
257.0,163.0,439.0
236.0,151.0,433.0
223.0,170.0,428.0
213.0,164.0,423.0
207.0,154.0,398.0
199.0,154.0,395.0
217.0,154.0,399.0
220.0,145.0,410.0
230.0,134.0,396.0
235.0,124.0,380.0
263.0,115.0,370.0
268.0,109.0,362.0
317.0,107.0,350.0
359.0,102.0,348.0
398.0,95.0,346.0
436.0,90.0,338.0
475.0,87.0,331.0
512.0,82.0,327.0
551.0,76.0,316.0
592.0,71.0,310.0
638.0,67.0,295.0
687.0,63.0,286.0
740.0,60.0,274.0
795.0,56.0,264.0
849.0,53.0,252.0
903.0,50.0,249.0
956.0,47.0,235.0
979.0,45.0,226.0
980.0,43.0,210.0
979.0,41.0,201.0
980.0,40.0,190.0
980.0,38.0,178.0
979.0,37.0,182.0
980.0,36.0,184.0
979.0,35.0,192.0
980.0,34.0,195.0
980.0,33.0,197.0
980.0,31.0,190.0
980.0,31.0,205.0
980.0,30.0,215.0
979.0,28.0,226.0
979.0,28.0,232.0
980.0,27.0,229.0
980.0,33.0,236.0
979.0,32.0,254.0
979.0,31.0,268.0
979.0,30.0,274.0
980.0,29.0,283.0
980.0,28.0,293.0
979.0,28.0,298.0
979.0,27.0,299.0
979.0,28.0,315.0
979.0,26.0,316.0
979.0,25.0,323.0
980.0,24.0,334.0
979.0,25.0,343.0
979.0,24.0,347.0
979.0,23.0,344.0
980.0,24.0,329.0
979.0,26.0,327.0
980.0,26.0,358.0
978.0,26.0,363.0
979.0,25.0,361.0
980.0,24.0,361.0
980.0,24.0,361.0
979.0,23.0,364.0
979.0,23.0,361.0
979.0,23.0,354.0
941.0,23.0,356.0
868.0,23.0,347.0
793.0,22.0,351.0
723.0,23.0,350.0
668.0,21.0,341.0
623.0,21.0,334.0
590.0,21.0,335.0
565.0,21.0,336.0
549.0,20.0,331.0
539.0,20.0,322.0
532.0,20.0,318.0
524.0,20.0,303.0
521.0,20.0,295.0
522.0,20.0,287.0
525.0,19.0,274.0
530.0,19.0,269.0
537.0,19.0,276.0
544.0,19.0,268.0
552.0,19.0,258.0
560.0,19.0,251.0
567.0,19.0,244.0
573.0,19.0,234.0
578.0,19.0,225.0
581.0,19.0,218.0
588.0,19.0,208.0
589.0,19.0,206.0
591.0,19.0,202.0
589.0,18.0,193.0
583.0,19.0,186.0
583.0,18.0,182.0
587.0,18.0,174.0
591.0,19.0,167.0
595.0,19.0,161.0
595.0,22.0,154.0
593.0,24.0,148.0
592.0,24.0,144.0
591.0,23.0,140.0
588.0,23.0,134.0
583.0,23.0,129.0
577.0,22.0,123.0
570.0,22.0,118.0
561.0,21.0,112.0
552.0,21.0,108.0
543.0,21.0,102.0
535.0,20.0,99.0
528.0,20.0,96.0
524.0,20.0,92.0
521.0,22.0,86.0
519.0,26.0,80.0
516.0,26.0,78.0
514.0,25.0,75.0
511.0,25.0,72.0
509.0,24.0,69.0
506.0,24.0,67.0
504.0,24.0,64.0
501.0,23.0,62.0
498.0,23.0,60.0
495.0,23.0,57.0
491.0,23.0,54.0
486.0,22.0,52.0
481.0,21.0,48.0
478.0,21.0,47.0
473.0,21.0,44.0
468.0,22.0,41.0
464.0,24.0,41.0
459.0,23.0,38.0
454.0,24.0,37.0
450.0,23.0,35.0
445.0,23.0,33.0
441.0,23.0,34.0
435.0,22.0,35.0
431.0,23.0,34.0
427.0,22.0,33.0
421.0,22.0,32.0
417.0,22.0,31.0
412.0,21.0,30.0
407.0,27.0,31.0
402.0,32.0,29.0
397.0,32.0,30.0
392.0,31.0,30.0
385.0,30.0,30.0
380.0,29.0,30.0
375.0,28.0,30.0
368.0,27.0,30.0
363.0,26.0,30.0
356.0,29.0,31.0
351.0,29.0,31.0
346.0,28.0,32.0
339.0,35.0,32.0
334.0,33.0,32.0
327.0,35.0,31.0
321.0,37.0,32.0
317.0,37.0,32.0
